Timestamp,Ambient_Temperature,Load_Density,Humidity,Shift,Day_Type
2025-01-01 00:00:00,27.49,56.15,76.5,Night,Weekday
2025-01-01 01:00:00,39.01,53.3,49.23,Night,Weekday
2025-01-01 02:00:00,34.64,42.33,57.33,Night,Weekday
2025-01-01 03:00:00,31.97,72.51,73.16,Night,Weekday
2025-01-01 04:00:00,23.12,63.36,64.1,Night,Weekday
2025-01-01 05:00:00,23.12,90.6,76.93,Night,Weekday
2025-01-01 06:00:00,21.16,32.25,88.06,Morning,Weekday
2025-01-01 07:00:00,37.32,75.07,45.83,Morning,Weekday
2025-01-01 08:00:00,32.02,83.41,75.48,Morning,Weekday
2025-01-01 09:00:00,34.16,83.16,51.52,Morning,Weekday
2025-01-01 10:00:00,20.41,92.03,60.72,Morning,Weekday
2025-01-01 11:00:00,39.4,81.03,41.64,Morning,Weekday
2025-01-01 12:00:00,36.65,94.95,46.8,Morning,Weekday
2025-01-01 13:00:00,24.25,53.29,55.99,Morning,Weekday
2025-01-01 14:00:00,23.64,65.22,57.1,Evening,Weekday
2025-01-01 15:00:00,23.67,30.99,84.98,Evening,Weekday
2025-01-01 16:00:00,26.08,30.49,77.09,Evening,Weekday
2025-01-01 17:00:00,30.5,46.81,88.61,Evening,Weekday
2025-01-01 18:00:00,28.64,37.06,69.95,Evening,Weekday
2025-01-01 19:00:00,25.82,48.21,52.09,Evening,Weekday
2025-01-01 20:00:00,32.24,42.39,56.38,Evening,Weekday
2025-01-01 21:00:00,22.79,32.0,55.99,Evening,Weekday
2025-01-01 22:00:00,25.84,93.65,56.32,Night,Weekday
2025-01-01 23:00:00,27.33,30.58,73.65,Night,Weekday
2025-01-02 00:00:00,29.12,81.53,66.54,Night,Weekday
2025-01-02 01:00:00,35.7,40.65,59.27,Night,Weekday
2025-01-02 02:00:00,23.99,93.86,47.45,Night,Weekday
2025-01-02 03:00:00,30.28,92.5,41.11,Night,Weekday
2025-01-02 04:00:00,31.85,75.77,50.94,Night,Weekday
2025-01-02 05:00:00,20.93,77.06,45.37,Night,Weekday
2025-01-02 06:00:00,32.15,30.37,79.27,Morning,Weekday
2025-01-02 07:00:00,23.41,98.94,45.62,Morning,Weekday
2025-01-02 08:00:00,21.3,91.45,76.21,Morning,Weekday
2025-01-02 09:00:00,38.98,92.66,59.28,Morning,Weekday
2025-01-02 10:00:00,39.31,76.15,43.67,Morning,Weekday
2025-01-02 11:00:00,36.17,54.14,80.64,Morning,Weekday
2025-01-02 12:00:00,26.09,92.56,68.98,Morning,Weekday
2025-01-02 13:00:00,21.95,50.41,51.79,Morning,Weekday
2025-01-02 14:00:00,33.68,69.39,84.73,Evening,Weekday
2025-01-02 15:00:00,28.8,36.98,42.26,Evening,Weekday
2025-01-02 16:00:00,22.44,94.54,50.09,Evening,Weekday
2025-01-02 17:00:00,29.9,39.85,77.6,Evening,Weekday
2025-01-02 18:00:00,20.69,45.74,75.47,Evening,Weekday
2025-01-02 19:00:00,38.19,69.07,54.46,Evening,Weekday
2025-01-02 20:00:00,25.18,83.49,43.1,Evening,Weekday
2025-01-02 21:00:00,33.25,73.35,82.9,Evening,Weekday
2025-01-02 22:00:00,26.23,46.25,55.68,Night,Weekday
2025-01-02 23:00:00,30.4,30.07,49.79,Night,Weekday
2025-01-03 00:00:00,30.93,83.0,65.8,Night,Weekday
2025-01-03 01:00:00,23.7,98.96,85.51,Night,Weekday
2025-01-03 02:00:00,39.39,86.69,42.18,Night,Weekday
2025-01-03 03:00:00,35.5,62.21,78.29,Night,Weekday
2025-01-03 04:00:00,38.79,93.26,68.62,Night,Weekday
2025-01-03 05:00:00,37.9,58.69,61.27,Night,Weekday
2025-01-03 06:00:00,31.96,66.75,77.2,Morning,Weekday
2025-01-03 07:00:00,38.44,63.4,88.29,Morning,Weekday
2025-01-03 08:00:00,21.77,61.33,51.46,Morning,Weekday
2025-01-03 09:00:00,23.92,84.26,47.18,Morning,Weekday
2025-01-03 10:00:00,20.9,66.87,85.64,Morning,Weekday
2025-01-03 11:00:00,26.51,52.17,73.45,Morning,Weekday
2025-01-03 12:00:00,27.77,48.07,61.9,Morning,Weekday
2025-01-03 13:00:00,25.43,32.64,68.66,Morning,Weekday
2025-01-03 14:00:00,36.57,70.82,77.28,Evening,Weekday
2025-01-03 15:00:00,27.14,46.1,78.65,Evening,Weekday
2025-01-03 16:00:00,25.62,40.37,85.99,Evening,Weekday
2025-01-03 17:00:00,30.85,75.77,61.34,Evening,Weekday
2025-01-03 18:00:00,22.82,77.68,54.67,Evening,Weekday
2025-01-03 19:00:00,36.04,82.65,71.98,Evening,Weekday
2025-01-03 20:00:00,21.49,65.25,60.79,Evening,Weekday
2025-01-03 21:00:00,39.74,92.58,69.73,Evening,Weekday
2025-01-03 22:00:00,35.44,95.54,61.0,Night,Weekday
2025-01-03 23:00:00,23.97,86.52,47.65,Night,Weekday
2025-01-04 00:00:00,20.11,74.49,63.47,Night,Weekend
2025-01-04 01:00:00,36.31,51.26,74.55,Night,Weekend
2025-01-04 02:00:00,34.14,98.81,79.96,Night,Weekend
2025-01-04 03:00:00,34.58,49.19,64.67,Night,Weekend
2025-01-04 04:00:00,35.43,44.19,48.26,Night,Weekend
2025-01-04 05:00:00,21.48,60.95,60.73,Night,Weekend
2025-01-04 06:00:00,27.17,33.98,79.31,Morning,Weekend
2025-01-04 07:00:00,22.32,98.49,60.64,Morning,Weekend
2025-01-04 08:00:00,37.26,71.19,74.83,Morning,Weekend
2025-01-04 09:00:00,32.47,68.99,65.36,Morning,Weekend
2025-01-04 10:00:00,26.62,75.91,52.06,Morning,Weekend
2025-01-04 11:00:00,21.27,64.79,79.81,Morning,Weekend
2025-01-04 12:00:00,26.22,32.24,44.21,Morning,Weekend
2025-01-04 13:00:00,26.5,72.86,66.24,Morning,Weekend
2025-01-04 14:00:00,34.59,80.13,50.44,Evening,Weekend
2025-01-04 15:00:00,32.75,59.17,43.35,Evening,Weekend
2025-01-04 16:00:00,37.74,83.01,65.15,Evening,Weekend
2025-01-04 17:00:00,29.44,45.89,64.98,Evening,Weekend
2025-01-04 18:00:00,22.39,45.49,75.35,Evening,Weekend
2025-01-04 19:00:00,34.26,41.3,77.24,Evening,Weekend
2025-01-04 20:00:00,35.22,56.04,76.39,Evening,Weekend
2025-01-04 21:00:00,31.23,89.29,60.48,Evening,Weekend
2025-01-04 22:00:00,35.42,87.95,71.58,Night,Weekend
2025-01-04 23:00:00,29.88,56.8,68.85,Night,Weekend
2025-01-05 00:00:00,30.45,71.24,61.08,Night,Weekend
2025-01-05 01:00:00,28.55,80.46,69.86,Night,Weekend
2025-01-05 02:00:00,20.51,46.88,87.36,Night,Weekend
2025-01-05 03:00:00,22.16,41.77,49.64,Night,Weekend
2025-01-05 04:00:00,20.63,98.05,85.29,Night,Weekend
2025-01-05 05:00:00,32.73,73.23,42.67,Night,Weekend
2025-01-05 06:00:00,26.29,98.7,55.42,Morning,Weekend
2025-01-05 07:00:00,30.17,53.64,54.41,Morning,Weekend
2025-01-05 08:00:00,38.15,79.21,71.32,Morning,Weekend
2025-01-05 09:00:00,24.99,45.58,46.56,Morning,Weekend
2025-01-05 10:00:00,28.21,48.28,84.12,Morning,Weekend
2025-01-05 11:00:00,35.11,65.83,81.43,Morning,Weekend
2025-01-05 12:00:00,24.58,52.37,72.6,Morning,Weekend
2025-01-05 13:00:00,21.54,41.73,62.92,Morning,Weekend
2025-01-05 14:00:00,25.8,48.4,86.65,Evening,Weekend
2025-01-05 15:00:00,23.22,32.5,81.54,Evening,Weekend
2025-01-05 16:00:00,38.59,79.31,64.97,Evening,Weekend
2025-01-05 17:00:00,36.16,64.45,75.09,Evening,Weekend
2025-01-05 18:00:00,32.67,36.6,68.35,Evening,Weekend
2025-01-05 19:00:00,37.43,42.02,69.4,Evening,Weekend
2025-01-05 20:00:00,36.07,37.18,56.55,Evening,Weekend
2025-01-05 21:00:00,23.73,72.88,63.1,Evening,Weekend
2025-01-05 22:00:00,37.85,36.59,43.91,Night,Weekend
2025-01-05 23:00:00,30.79,82.8,57.87,Night,Weekend
2025-01-06 00:00:00,36.15,31.44,74.79,Night,Weekday
2025-01-06 01:00:00,37.92,47.46,87.66,Night,Weekday
2025-01-06 02:00:00,26.36,92.35,88.15,Night,Weekday
2025-01-06 03:00:00,22.2,80.3,67.79,Night,Weekday
2025-01-06 04:00:00,24.56,35.11,70.33,Night,Weekday
2025-01-06 05:00:00,28.54,87.48,49.29,Night,Weekday
2025-01-06 06:00:00,36.36,64.51,74.77,Morning,Weekday
2025-01-06 07:00:00,37.21,89.27,43.53,Morning,Weekday
2025-01-06 08:00:00,20.14,72.05,54.23,Morning,Weekday
2025-01-06 09:00:00,30.21,77.73,73.42,Morning,Weekday
2025-01-06 10:00:00,28.35,99.55,55.52,Morning,Weekday
2025-01-06 11:00:00,24.44,46.26,42.49,Morning,Weekday
2025-01-06 12:00:00,22.4,73.68,81.59,Morning,Weekday
2025-01-06 13:00:00,26.75,62.22,55.52,Morning,Weekday
2025-01-06 14:00:00,38.86,32.76,43.16,Evening,Weekday
2025-01-06 15:00:00,26.46,31.01,43.74,Evening,Weekday
2025-01-06 16:00:00,30.38,38.35,52.59,Evening,Weekday
2025-01-06 17:00:00,34.06,75.44,48.9,Evening,Weekday
2025-01-06 18:00:00,27.27,69.7,78.72,Evening,Weekday
2025-01-06 19:00:00,39.44,68.74,56.08,Evening,Weekday
2025-01-06 20:00:00,39.25,32.23,80.23,Evening,Weekday
2025-01-06 21:00:00,25.04,62.85,48.69,Evening,Weekday
2025-01-06 22:00:00,29.94,94.72,64.64,Night,Weekday
2025-01-06 23:00:00,26.02,57.83,74.4,Night,Weekday
2025-01-07 00:00:00,25.7,73.74,72.6,Night,Weekday
2025-01-07 01:00:00,20.74,84.59,70.06,Night,Weekday
2025-01-07 02:00:00,32.19,84.87,86.24,Night,Weekday
2025-01-07 03:00:00,30.05,66.35,51.43,Night,Weekday
2025-01-07 04:00:00,21.03,90.06,64.69,Night,Weekday
2025-01-07 05:00:00,25.57,57.4,84.2,Night,Weekday
2025-01-07 06:00:00,38.17,92.21,43.89,Morning,Weekday
2025-01-07 07:00:00,24.79,46.82,42.79,Morning,Weekday
2025-01-07 08:00:00,22.9,49.62,51.67,Morning,Weekday
2025-01-07 09:00:00,29.79,33.72,71.65,Morning,Weekday
2025-01-07 10:00:00,39.71,85.69,52.99,Morning,Weekday
2025-01-07 11:00:00,24.84,59.19,49.51,Morning,Weekday
2025-01-07 12:00:00,33.44,46.04,62.94,Morning,Weekday
2025-01-07 13:00:00,35.23,46.23,70.68,Morning,Weekday
2025-01-07 14:00:00,24.75,93.1,52.43,Evening,Weekday
2025-01-07 15:00:00,34.56,88.37,55.03,Evening,Weekday
2025-01-07 16:00:00,27.36,68.75,70.68,Evening,Weekday
2025-01-07 17:00:00,32.65,73.13,87.29,Evening,Weekday
2025-01-07 18:00:00,32.67,63.2,73.74,Evening,Weekday
2025-01-07 19:00:00,30.72,57.42,79.15,Evening,Weekday
2025-01-07 20:00:00,21.81,94.08,58.34,Evening,Weekday
2025-01-07 21:00:00,36.71,38.79,53.61,Evening,Weekday
2025-01-07 22:00:00,26.42,59.29,62.71,Night,Weekday
2025-01-07 23:00:00,23.73,54.12,80.36,Night,Weekday
2025-01-08 00:00:00,20.82,64.87,62.81,Night,Weekday
2025-01-08 01:00:00,31.82,62.03,82.34,Night,Weekday
2025-01-08 02:00:00,33.55,66.32,89.44,Night,Weekday
2025-01-08 03:00:00,20.33,39.79,43.6,Night,Weekday
2025-01-08 04:00:00,30.24,65.92,42.27,Night,Weekday
2025-01-08 05:00:00,24.53,46.97,47.48,Night,Weekday
2025-01-08 06:00:00,32.9,42.9,59.22,Morning,Weekday
2025-01-08 07:00:00,23.49,34.54,46.55,Morning,Weekday
2025-01-08 08:00:00,33.82,83.39,83.53,Morning,Weekday
2025-01-08 09:00:00,27.73,59.92,41.16,Morning,Weekday
2025-01-08 10:00:00,38.73,73.87,55.79,Morning,Weekday
2025-01-08 11:00:00,22.75,80.93,49.23,Morning,Weekday
2025-01-08 12:00:00,26.82,77.55,86.58,Morning,Weekday
2025-01-08 13:00:00,22.27,62.94,73.47,Morning,Weekday
2025-01-08 14:00:00,38.49,57.15,85.6,Evening,Weekday
2025-01-08 15:00:00,37.55,56.32,88.62,Evening,Weekday
2025-01-08 16:00:00,25.16,74.8,64.85,Evening,Weekday
2025-01-08 17:00:00,33.2,64.64,51.72,Evening,Weekday
2025-01-08 18:00:00,36.34,89.44,49.69,Evening,Weekday
2025-01-08 19:00:00,31.1,91.23,51.15,Evening,Weekday
2025-01-08 20:00:00,30.59,41.94,75.43,Evening,Weekday
2025-01-08 21:00:00,24.84,39.54,42.02,Evening,Weekday
2025-01-08 22:00:00,21.86,74.13,42.57,Night,Weekday
2025-01-08 23:00:00,37.94,51.09,70.41,Night,Weekday
2025-01-09 00:00:00,38.01,31.3,72.1,Night,Weekday
2025-01-09 01:00:00,32.66,92.2,73.26,Night,Weekday
2025-01-09 02:00:00,26.78,45.88,58.59,Night,Weekday
2025-01-09 03:00:00,26.98,95.05,80.3,Night,Weekday
2025-01-09 04:00:00,34.52,80.22,66.68,Night,Weekday
2025-01-09 05:00:00,37.94,83.39,45.27,Night,Weekday
2025-01-09 06:00:00,37.74,44.1,79.85,Morning,Weekday
2025-01-09 07:00:00,35.6,46.39,87.65,Morning,Weekday
2025-01-09 08:00:00,32.84,66.49,43.0,Morning,Weekday
2025-01-09 09:00:00,21.68,42.05,59.57,Morning,Weekday
2025-01-09 10:00:00,23.23,51.38,64.38,Morning,Weekday
2025-01-09 11:00:00,37.97,52.5,47.32,Morning,Weekday
2025-01-09 12:00:00,32.13,41.17,83.39,Morning,Weekday
2025-01-09 13:00:00,20.18,44.36,54.21,Morning,Weekday
2025-01-09 14:00:00,22.03,85.2,79.15,Evening,Weekday
2025-01-09 15:00:00,33.27,41.7,73.55,Evening,Weekday
2025-01-09 16:00:00,20.1,31.99,69.9,Evening,Weekday
2025-01-09 17:00:00,23.22,74.05,49.61,Evening,Weekday
2025-01-09 18:00:00,30.97,98.32,51.04,Evening,Weekday
2025-01-09 19:00:00,33.84,53.18,42.37,Evening,Weekday
2025-01-09 20:00:00,33.04,38.31,52.04,Evening,Weekday
2025-01-09 21:00:00,24.49,69.93,57.27,Evening,Weekday
2025-01-09 22:00:00,34.24,93.44,81.66,Night,Weekday
2025-01-09 23:00:00,24.74,84.88,58.32,Night,Weekday
2025-01-10 00:00:00,26.51,73.58,77.73,Night,Weekday
2025-01-10 01:00:00,34.93,52.05,61.97,Night,Weekday
2025-01-10 02:00:00,32.99,67.93,79.24,Night,Weekday
2025-01-10 03:00:00,36.98,36.39,88.81,Night,Weekday
2025-01-10 04:00:00,33.15,77.53,51.99,Night,Weekday
2025-01-10 05:00:00,31.37,80.76,83.12,Night,Weekday
2025-01-10 06:00:00,21.87,97.55,71.09,Morning,Weekday
2025-01-10 07:00:00,27.35,48.23,80.86,Morning,Weekday
2025-01-10 08:00:00,25.3,31.29,72.58,Morning,Weekday
2025-01-10 09:00:00,24.88,68.19,61.2,Morning,Weekday
2025-01-10 10:00:00,39.46,79.48,51.4,Morning,Weekday
2025-01-10 11:00:00,27.86,85.33,43.5,Morning,Weekday
2025-01-10 12:00:00,37.84,43.56,66.78,Morning,Weekday
2025-01-10 13:00:00,32.62,48.32,89.52,Morning,Weekday
2025-01-10 14:00:00,35.9,65.88,76.9,Evening,Weekday
2025-01-10 15:00:00,30.05,53.14,56.37,Evening,Weekday
2025-01-10 16:00:00,31.54,90.24,81.36,Evening,Weekday
2025-01-10 17:00:00,29.85,63.16,78.45,Evening,Weekday
2025-01-10 18:00:00,23.9,85.97,54.08,Evening,Weekday
2025-01-10 19:00:00,34.45,70.64,40.72,Evening,Weekday
2025-01-10 20:00:00,25.62,84.12,45.91,Evening,Weekday
2025-01-10 21:00:00,20.49,53.29,83.87,Evening,Weekday
2025-01-10 22:00:00,32.91,88.2,81.83,Night,Weekday
2025-01-10 23:00:00,23.54,49.22,54.76,Night,Weekday
2025-01-11 00:00:00,38.81,68.23,54.26,Night,Weekend
2025-01-11 01:00:00,39.08,44.98,79.64,Night,Weekend
2025-01-11 02:00:00,38.3,63.29,86.89,Night,Weekend
2025-01-11 03:00:00,27.4,52.27,78.96,Night,Weekend
2025-01-11 04:00:00,20.31,48.67,70.28,Night,Weekend
2025-01-11 05:00:00,38.57,97.69,52.13,Night,Weekend
2025-01-11 06:00:00,28.56,41.21,66.29,Morning,Weekend
2025-01-11 07:00:00,39.33,85.11,51.68,Morning,Weekend
2025-01-11 08:00:00,39.27,98.89,80.4,Morning,Weekend
2025-01-11 09:00:00,37.06,31.39,59.35,Morning,Weekend
2025-01-11 10:00:00,25.89,78.93,81.68,Morning,Weekend
2025-01-11 11:00:00,27.7,47.7,59.08,Morning,Weekend
2025-01-11 12:00:00,37.02,32.83,81.21,Morning,Weekend
2025-01-11 13:00:00,26.34,58.2,56.67,Morning,Weekend
2025-01-11 14:00:00,23.39,95.47,62.01,Evening,Weekend
2025-01-11 15:00:00,31.14,30.82,70.77,Evening,Weekend
2025-01-11 16:00:00,38.72,71.15,43.51,Evening,Weekend
2025-01-11 17:00:00,33.92,65.1,87.41,Evening,Weekend
2025-01-11 18:00:00,31.4,91.14,68.68,Evening,Weekend
2025-01-11 19:00:00,21.94,35.88,65.39,Evening,Weekend
2025-01-11 20:00:00,32.3,77.71,81.97,Evening,Weekend
2025-01-11 21:00:00,39.8,77.61,83.29,Evening,Weekend
2025-01-11 22:00:00,22.8,76.84,66.11,Night,Weekend
2025-01-11 23:00:00,30.37,95.96,86.36,Night,Weekend
2025-01-12 00:00:00,37.55,87.62,43.24,Night,Weekend
2025-01-12 01:00:00,34.82,32.94,45.66,Night,Weekend
2025-01-12 02:00:00,33.94,62.98,69.84,Night,Weekend
2025-01-12 03:00:00,34.05,57.86,57.7,Night,Weekend
2025-01-12 04:00:00,27.19,51.71,63.21,Night,Weekend
2025-01-12 05:00:00,25.87,61.59,56.4,Night,Weekend
2025-01-12 06:00:00,36.19,56.89,60.24,Morning,Weekend
2025-01-12 07:00:00,36.2,60.26,81.13,Morning,Weekend
2025-01-12 08:00:00,37.34,98.55,69.67,Morning,Weekend
2025-01-12 09:00:00,38.26,36.2,89.87,Morning,Weekend
2025-01-12 10:00:00,30.23,94.56,79.34,Morning,Weekend
2025-01-12 11:00:00,30.03,63.62,53.68,Morning,Weekend
2025-01-12 12:00:00,35.97,73.66,53.22,Morning,Weekend
2025-01-12 13:00:00,33.0,88.11,56.79,Morning,Weekend
2025-01-12 14:00:00,34.04,55.23,82.16,Evening,Weekend
2025-01-12 15:00:00,35.92,60.13,41.36,Evening,Weekend
2025-01-12 16:00:00,37.8,58.67,51.51,Evening,Weekend
2025-01-12 17:00:00,26.76,56.23,85.25,Evening,Weekend
2025-01-12 18:00:00,27.51,94.79,71.99,Evening,Weekend
2025-01-12 19:00:00,21.88,88.03,51.34,Evening,Weekend
2025-01-12 20:00:00,31.57,37.63,50.96,Evening,Weekend
2025-01-12 21:00:00,20.72,37.57,83.13,Evening,Weekend
2025-01-12 22:00:00,29.31,59.95,84.69,Night,Weekend
2025-01-12 23:00:00,30.85,36.91,52.81,Night,Weekend
2025-01-13 00:00:00,25.73,73.34,61.03,Night,Weekday
2025-01-13 01:00:00,31.82,40.06,81.73,Night,Weekday
2025-01-13 02:00:00,20.61,66.57,78.55,Night,Weekday
2025-01-13 03:00:00,20.75,30.51,80.7,Night,Weekday
2025-01-13 04:00:00,36.45,52.16,65.92,Night,Weekday
2025-01-13 05:00:00,27.2,77.4,85.58,Night,Weekday
2025-01-13 06:00:00,22.54,63.88,56.3,Morning,Weekday
2025-01-13 07:00:00,30.44,98.48,47.83,Morning,Weekday
2025-01-13 08:00:00,35.4,91.19,75.44,Morning,Weekday
2025-01-13 09:00:00,24.32,55.13,66.97,Morning,Weekday
2025-01-13 10:00:00,32.46,33.18,82.73,Morning,Weekday
2025-01-13 11:00:00,21.71,89.19,44.06,Morning,Weekday
2025-01-13 12:00:00,21.03,93.79,82.18,Morning,Weekday
2025-01-13 13:00:00,30.63,87.44,54.66,Morning,Weekday
2025-01-13 14:00:00,30.81,38.96,72.74,Evening,Weekday
2025-01-13 15:00:00,32.75,99.85,42.01,Evening,Weekday
2025-01-13 16:00:00,34.52,48.1,70.48,Evening,Weekday
2025-01-13 17:00:00,39.52,80.69,75.86,Evening,Weekday
2025-01-13 18:00:00,30.33,93.56,58.44,Evening,Weekday
2025-01-13 19:00:00,26.46,46.5,50.77,Evening,Weekday
2025-01-13 20:00:00,35.9,93.58,66.88,Evening,Weekday
2025-01-13 21:00:00,25.42,51.66,81.66,Evening,Weekday
2025-01-13 22:00:00,28.78,98.35,56.18,Night,Weekday
2025-01-13 23:00:00,21.57,49.69,52.62,Night,Weekday
2025-01-14 00:00:00,20.51,96.74,53.95,Night,Weekday
2025-01-14 01:00:00,39.25,33.75,87.46,Night,Weekday
2025-01-14 02:00:00,36.72,79.65,57.96,Night,Weekday
2025-01-14 03:00:00,33.92,67.25,40.18,Night,Weekday
2025-01-14 04:00:00,28.18,63.45,79.08,Night,Weekday
2025-01-14 05:00:00,23.47,45.64,74.96,Night,Weekday
2025-01-14 06:00:00,23.13,79.39,46.43,Morning,Weekday
2025-01-14 07:00:00,25.0,43.36,89.25,Morning,Weekday
2025-01-14 08:00:00,30.98,68.7,70.4,Morning,Weekday
2025-01-14 09:00:00,34.29,47.73,65.04,Morning,Weekday
2025-01-14 10:00:00,33.2,96.89,59.11,Morning,Weekday
2025-01-14 11:00:00,25.6,32.0,84.93,Morning,Weekday
2025-01-14 12:00:00,39.1,43.98,52.2,Morning,Weekday
2025-01-14 13:00:00,34.76,46.96,54.29,Morning,Weekday
2025-01-14 14:00:00,31.09,58.98,46.12,Evening,Weekday
2025-01-14 15:00:00,32.23,46.29,77.96,Evening,Weekday
2025-01-14 16:00:00,28.39,64.39,69.78,Evening,Weekday
2025-01-14 17:00:00,24.95,91.07,70.45,Evening,Weekday
2025-01-14 18:00:00,27.12,79.84,50.92,Evening,Weekday
2025-01-14 19:00:00,35.16,70.6,72.56,Evening,Weekday
2025-01-14 20:00:00,20.29,36.23,78.27,Evening,Weekday
2025-01-14 21:00:00,22.32,78.58,57.89,Evening,Weekday
2025-01-14 22:00:00,20.92,41.65,80.07,Night,Weekday
2025-01-14 23:00:00,20.81,85.05,57.44,Night,Weekday
2025-01-15 00:00:00,37.11,47.5,77.91,Night,Weekday
2025-01-15 01:00:00,34.07,59.19,41.69,Night,Weekday
2025-01-15 02:00:00,29.48,54.53,67.56,Night,Weekday
2025-01-15 03:00:00,21.96,90.12,88.48,Night,Weekday
2025-01-15 04:00:00,29.83,38.86,89.06,Night,Weekday
2025-01-15 05:00:00,29.47,69.6,54.09,Night,Weekday
2025-01-15 06:00:00,23.46,39.94,62.07,Morning,Weekday
2025-01-15 07:00:00,28.68,79.34,43.15,Morning,Weekday
2025-01-15 08:00:00,27.97,93.36,83.67,Morning,Weekday
2025-01-15 09:00:00,32.32,60.42,68.43,Morning,Weekday
2025-01-15 10:00:00,32.7,64.17,59.26,Morning,Weekday
2025-01-15 11:00:00,20.91,94.92,45.64,Morning,Weekday
2025-01-15 12:00:00,27.49,66.47,87.34,Morning,Weekday
2025-01-15 13:00:00,32.52,64.13,66.51,Morning,Weekday
2025-01-15 14:00:00,30.06,70.48,54.15,Evening,Weekday
2025-01-15 15:00:00,37.13,78.25,57.51,Evening,Weekday
2025-01-15 16:00:00,33.17,37.48,53.53,Evening,Weekday
2025-01-15 17:00:00,23.26,87.48,70.09,Evening,Weekday
2025-01-15 18:00:00,21.41,60.49,86.5,Evening,Weekday
2025-01-15 19:00:00,32.85,35.06,82.83,Evening,Weekday
2025-01-15 20:00:00,20.53,85.03,63.02,Evening,Weekday
2025-01-15 21:00:00,31.72,56.39,81.32,Evening,Weekday
2025-01-15 22:00:00,38.8,37.03,61.16,Night,Weekday
2025-01-15 23:00:00,31.51,74.36,52.62,Night,Weekday
2025-01-16 00:00:00,27.76,91.61,89.17,Night,Weekday
2025-01-16 01:00:00,32.87,92.14,55.19,Night,Weekday
2025-01-16 02:00:00,29.17,97.04,56.19,Night,Weekday
2025-01-16 03:00:00,30.91,90.74,89.48,Night,Weekday
2025-01-16 04:00:00,38.83,30.15,46.7,Night,Weekday
2025-01-16 05:00:00,27.72,56.62,78.03,Night,Weekday
2025-01-16 06:00:00,39.22,87.3,86.79,Morning,Weekday
2025-01-16 07:00:00,38.11,55.64,65.59,Morning,Weekday
2025-01-16 08:00:00,23.92,72.11,40.13,Morning,Weekday
2025-01-16 09:00:00,21.39,72.44,58.75,Morning,Weekday
2025-01-16 10:00:00,22.02,55.55,45.58,Morning,Weekday
2025-01-16 11:00:00,20.36,93.31,60.81,Morning,Weekday
2025-01-16 12:00:00,21.89,65.23,79.5,Morning,Weekday
2025-01-16 13:00:00,33.66,62.53,61.94,Morning,Weekday
2025-01-16 14:00:00,21.42,99.83,61.6,Evening,Weekday
2025-01-16 15:00:00,26.38,64.55,67.84,Evening,Weekday
2025-01-16 16:00:00,36.9,42.49,69.08,Evening,Weekday
2025-01-16 17:00:00,20.47,65.91,82.81,Evening,Weekday
2025-01-16 18:00:00,36.29,86.98,55.42,Evening,Weekday
2025-01-16 19:00:00,25.64,84.38,81.08,Evening,Weekday
2025-01-16 20:00:00,22.36,85.2,68.3,Evening,Weekday
2025-01-16 21:00:00,33.93,79.56,55.03,Evening,Weekday
2025-01-16 22:00:00,32.58,47.8,54.76,Night,Weekday
2025-01-16 23:00:00,37.55,90.35,58.06,Night,Weekday
2025-01-17 00:00:00,34.7,92.54,71.13,Night,Weekday
2025-01-17 01:00:00,36.07,43.59,51.54,Night,Weekday
2025-01-17 02:00:00,25.64,39.13,86.02,Night,Weekday
2025-01-17 03:00:00,23.55,98.29,68.75,Night,Weekday
2025-01-17 04:00:00,35.01,90.78,86.0,Night,Weekday
2025-01-17 05:00:00,36.14,92.53,42.32,Night,Weekday
2025-01-17 06:00:00,39.81,92.05,57.13,Morning,Weekday
2025-01-17 07:00:00,28.25,67.92,41.14,Morning,Weekday
2025-01-17 08:00:00,27.44,75.25,53.61,Morning,Weekday
2025-01-17 09:00:00,35.53,68.18,83.1,Morning,Weekday
2025-01-17 10:00:00,26.82,33.58,41.83,Morning,Weekday
2025-01-17 11:00:00,38.62,82.19,61.81,Morning,Weekday
2025-01-17 12:00:00,37.17,65.37,45.88,Morning,Weekday
2025-01-17 13:00:00,28.58,75.34,60.84,Morning,Weekday
2025-01-17 14:00:00,35.02,65.18,81.94,Evening,Weekday
2025-01-17 15:00:00,35.09,64.43,71.15,Evening,Weekday
2025-01-17 16:00:00,22.06,42.03,76.84,Evening,Weekday
2025-01-17 17:00:00,38.05,49.51,57.46,Evening,Weekday
2025-01-17 18:00:00,30.11,41.12,87.22,Evening,Weekday
2025-01-17 19:00:00,36.53,43.7,75.46,Evening,Weekday
2025-01-17 20:00:00,26.4,98.11,61.09,Evening,Weekday
2025-01-17 21:00:00,37.91,40.72,61.32,Evening,Weekday
2025-01-17 22:00:00,27.78,48.85,85.93,Night,Weekday
2025-01-17 23:00:00,20.22,71.34,68.82,Night,Weekday
2025-01-18 00:00:00,38.11,72.71,75.32,Night,Weekend
2025-01-18 01:00:00,21.83,40.78,60.85,Night,Weekend
2025-01-18 02:00:00,26.39,85.56,51.18,Night,Weekend
2025-01-18 03:00:00,39.0,84.96,76.18,Night,Weekend
2025-01-18 04:00:00,39.01,46.61,70.39,Night,Weekend
2025-01-18 05:00:00,31.47,50.21,65.07,Night,Weekend
2025-01-18 06:00:00,32.64,95.66,71.2,Morning,Weekend
2025-01-18 07:00:00,28.97,87.8,50.41,Morning,Weekend
2025-01-18 08:00:00,25.86,78.85,79.7,Morning,Weekend
2025-01-18 09:00:00,26.57,35.76,87.41,Morning,Weekend
2025-01-18 10:00:00,33.45,59.28,84.56,Morning,Weekend
2025-01-18 11:00:00,35.05,69.15,56.07,Morning,Weekend
2025-01-18 12:00:00,35.83,43.12,60.3,Morning,Weekend
2025-01-18 13:00:00,35.79,61.38,80.42,Morning,Weekend
2025-01-18 14:00:00,21.82,72.07,69.76,Evening,Weekend
2025-01-18 15:00:00,29.89,52.92,67.4,Evening,Weekend
2025-01-18 16:00:00,21.15,84.67,86.33,Evening,Weekend
2025-01-18 17:00:00,30.99,88.83,66.8,Evening,Weekend
2025-01-18 18:00:00,28.83,52.65,65.75,Evening,Weekend
2025-01-18 19:00:00,37.75,88.71,42.1,Evening,Weekend
2025-01-18 20:00:00,27.02,37.25,43.47,Evening,Weekend
2025-01-18 21:00:00,22.34,88.64,40.37,Evening,Weekend
2025-01-18 22:00:00,22.86,40.69,85.66,Night,Weekend
2025-01-18 23:00:00,35.23,35.8,60.42,Night,Weekend
2025-01-19 00:00:00,32.36,74.92,63.43,Night,Weekend
2025-01-19 01:00:00,22.02,63.04,82.27,Night,Weekend
2025-01-19 02:00:00,21.68,93.55,70.46,Night,Weekend
2025-01-19 03:00:00,34.02,55.42,70.48,Night,Weekend
2025-01-19 04:00:00,21.46,50.1,54.83,Night,Weekend
2025-01-19 05:00:00,36.44,65.05,81.7,Night,Weekend
2025-01-19 06:00:00,34.12,61.92,48.29,Morning,Weekend
2025-01-19 07:00:00,21.63,54.11,42.66,Morning,Weekend
2025-01-19 08:00:00,21.7,78.56,49.58,Morning,Weekend
2025-01-19 09:00:00,39.73,83.17,53.39,Morning,Weekend
2025-01-19 10:00:00,27.49,89.71,54.12,Morning,Weekend
2025-01-19 11:00:00,27.41,98.1,73.53,Morning,Weekend
2025-01-19 12:00:00,36.26,48.67,50.89,Morning,Weekend
2025-01-19 13:00:00,38.94,80.13,73.83,Morning,Weekend
2025-01-19 14:00:00,39.72,57.6,44.56,Evening,Weekend
2025-01-19 15:00:00,35.07,77.4,47.36,Evening,Weekend
2025-01-19 16:00:00,27.53,63.32,65.44,Evening,Weekend
2025-01-19 17:00:00,21.67,99.56,86.09,Evening,Weekend
2025-01-19 18:00:00,35.54,81.02,82.98,Evening,Weekend
2025-01-19 19:00:00,31.17,96.67,88.44,Evening,Weekend
2025-01-19 20:00:00,28.48,88.45,72.52,Evening,Weekend
2025-01-19 21:00:00,38.13,93.2,73.79,Evening,Weekend
2025-01-19 22:00:00,22.22,87.01,71.25,Night,Weekend
2025-01-19 23:00:00,29.85,62.14,71.14,Night,Weekend
2025-01-20 00:00:00,20.23,47.63,47.36,Night,Weekday
2025-01-20 01:00:00,29.37,55.92,67.19,Night,Weekday
2025-01-20 02:00:00,21.13,31.42,59.3,Night,Weekday
2025-01-20 03:00:00,22.38,66.68,62.13,Night,Weekday
2025-01-20 04:00:00,22.35,65.35,66.18,Night,Weekday
2025-01-20 05:00:00,32.98,66.77,46.42,Night,Weekday
2025-01-20 06:00:00,34.92,98.18,57.97,Morning,Weekday
2025-01-20 07:00:00,31.67,93.8,43.17,Morning,Weekday
2025-01-20 08:00:00,39.24,41.32,88.98,Morning,Weekday
2025-01-20 09:00:00,27.5,55.82,45.93,Morning,Weekday
2025-01-20 10:00:00,25.71,59.68,52.93,Morning,Weekday
2025-01-20 11:00:00,37.37,55.24,84.56,Morning,Weekday
2025-01-20 12:00:00,24.47,85.89,64.14,Morning,Weekday
2025-01-20 13:00:00,39.26,66.68,46.78,Morning,Weekday
2025-01-20 14:00:00,20.24,70.05,59.21,Evening,Weekday
2025-01-20 15:00:00,39.4,89.71,45.79,Evening,Weekday
2025-01-20 16:00:00,20.86,86.41,50.01,Evening,Weekday
2025-01-20 17:00:00,37.82,39.25,42.6,Evening,Weekday
2025-01-20 18:00:00,30.55,79.97,61.91,Evening,Weekday
2025-01-20 19:00:00,39.86,60.48,80.33,Evening,Weekday
2025-01-20 20:00:00,21.48,50.63,69.3,Evening,Weekday
2025-01-20 21:00:00,31.08,33.5,70.32,Evening,Weekday
2025-01-20 22:00:00,39.39,64.11,50.03,Night,Weekday
2025-01-20 23:00:00,30.46,54.88,57.19,Night,Weekday
2025-01-21 00:00:00,32.59,47.61,82.26,Night,Weekday
2025-01-21 01:00:00,33.91,78.63,44.39,Night,Weekday
2025-01-21 02:00:00,29.09,83.86,82.9,Night,Weekday
2025-01-21 03:00:00,32.55,47.14,64.18,Night,Weekday
2025-01-21 04:00:00,31.69,33.46,81.86,Night,Weekday
2025-01-21 05:00:00,38.02,89.41,55.9,Night,Weekday
2025-01-21 06:00:00,20.91,30.7,56.94,Morning,Weekday
2025-01-21 07:00:00,25.62,95.6,77.58,Morning,Weekday
2025-01-21 08:00:00,39.01,73.93,79.25,Morning,Weekday
2025-01-21 09:00:00,37.81,52.53,51.48,Morning,Weekday
2025-01-21 10:00:00,29.11,47.25,88.64,Morning,Weekday
2025-01-21 11:00:00,32.4,30.63,44.22,Morning,Weekday
2025-01-21 12:00:00,25.55,46.48,43.43,Morning,Weekday
2025-01-21 13:00:00,23.76,39.64,69.78,Morning,Weekday
2025-01-21 14:00:00,29.27,72.85,76.14,Evening,Weekday
2025-01-21 15:00:00,27.07,41.66,88.04,Evening,Weekday
2025-01-21 16:00:00,31.67,67.0,60.25,Evening,Weekday
2025-01-21 17:00:00,21.55,71.31,41.26,Evening,Weekday
2025-01-21 18:00:00,39.49,50.86,70.14,Evening,Weekday
2025-01-21 19:00:00,39.72,32.45,54.48,Evening,Weekday
2025-01-21 20:00:00,33.96,32.61,61.65,Evening,Weekday
2025-01-21 21:00:00,30.72,31.84,64.42,Evening,Weekday
2025-01-21 22:00:00,26.19,81.74,43.23,Night,Weekday
2025-01-21 23:00:00,36.28,52.26,64.3,Night,Weekday
2025-01-22 00:00:00,33.69,85.74,61.32,Night,Weekday
2025-01-22 01:00:00,23.25,60.22,75.63,Night,Weekday
2025-01-22 02:00:00,38.22,61.71,72.28,Night,Weekday
2025-01-22 03:00:00,36.45,65.9,49.26,Night,Weekday
2025-01-22 04:00:00,39.0,79.91,50.31,Night,Weekday
2025-01-22 05:00:00,34.51,49.15,52.55,Night,Weekday
2025-01-22 06:00:00,32.27,38.51,48.95,Morning,Weekday
2025-01-22 07:00:00,28.36,68.92,72.86,Morning,Weekday
2025-01-22 08:00:00,38.65,52.89,89.72,Morning,Weekday
2025-01-22 09:00:00,37.32,60.97,72.61,Morning,Weekday
2025-01-22 10:00:00,20.9,75.29,70.33,Morning,Weekday
2025-01-22 11:00:00,20.53,64.59,60.5,Morning,Weekday
2025-01-22 12:00:00,27.53,73.42,55.63,Morning,Weekday
2025-01-22 13:00:00,36.21,68.09,85.55,Morning,Weekday
2025-01-22 14:00:00,39.75,81.79,88.45,Evening,Weekday
2025-01-22 15:00:00,23.01,79.42,64.84,Evening,Weekday
2025-01-22 16:00:00,31.88,67.39,54.51,Evening,Weekday
2025-01-22 17:00:00,27.62,77.52,78.51,Evening,Weekday
2025-01-22 18:00:00,39.4,91.15,46.62,Evening,Weekday
2025-01-22 19:00:00,36.84,60.26,78.28,Evening,Weekday
2025-01-22 20:00:00,36.77,58.89,80.95,Evening,Weekday
2025-01-22 21:00:00,29.37,83.5,46.25,Evening,Weekday
2025-01-22 22:00:00,28.3,70.78,88.84,Night,Weekday
2025-01-22 23:00:00,25.47,34.97,89.28,Night,Weekday
2025-01-23 00:00:00,21.13,92.45,86.84,Night,Weekday
2025-01-23 01:00:00,37.29,32.15,64.8,Night,Weekday
2025-01-23 02:00:00,36.26,82.39,52.3,Night,Weekday
2025-01-23 03:00:00,39.99,83.12,69.1,Night,Weekday
2025-01-23 04:00:00,39.93,96.72,61.0,Night,Weekday
2025-01-23 05:00:00,31.11,33.79,50.3,Night,Weekday
2025-01-23 06:00:00,35.38,71.78,61.18,Morning,Weekday
2025-01-23 07:00:00,38.9,59.95,73.19,Morning,Weekday
2025-01-23 08:00:00,36.99,53.14,43.55,Morning,Weekday
2025-01-23 09:00:00,24.95,36.32,56.67,Morning,Weekday
2025-01-23 10:00:00,29.01,69.39,40.89,Morning,Weekday
2025-01-23 11:00:00,22.58,63.53,77.47,Morning,Weekday
2025-01-23 12:00:00,39.08,37.32,72.03,Morning,Weekday
2025-01-23 13:00:00,32.12,72.87,43.13,Morning,Weekday
2025-01-23 14:00:00,24.57,81.66,88.24,Evening,Weekday
2025-01-23 15:00:00,33.43,83.71,41.13,Evening,Weekday
2025-01-23 16:00:00,32.36,93.38,69.5,Evening,Weekday
2025-01-23 17:00:00,27.16,58.66,78.82,Evening,Weekday
2025-01-23 18:00:00,22.27,96.72,79.39,Evening,Weekday
2025-01-23 19:00:00,33.43,90.58,41.71,Evening,Weekday
2025-01-23 20:00:00,30.41,50.76,85.32,Evening,Weekday
2025-01-23 21:00:00,35.45,41.15,85.92,Evening,Weekday
2025-01-23 22:00:00,30.4,60.48,68.07,Night,Weekday
2025-01-23 23:00:00,37.04,58.13,64.1,Night,Weekday
2025-01-24 00:00:00,31.04,70.3,42.24,Night,Weekday
2025-01-24 01:00:00,31.22,70.84,68.1,Night,Weekday
2025-01-24 02:00:00,37.53,82.5,60.47,Night,Weekday
2025-01-24 03:00:00,28.07,65.69,78.64,Night,Weekday
2025-01-24 04:00:00,22.68,37.34,60.19,Night,Weekday
2025-01-24 05:00:00,20.58,90.08,74.18,Night,Weekday
2025-01-24 06:00:00,35.1,51.68,45.07,Morning,Weekday
2025-01-24 07:00:00,32.41,97.99,46.65,Morning,Weekday
2025-01-24 08:00:00,34.08,38.25,46.99,Morning,Weekday
2025-01-24 09:00:00,24.26,97.08,42.28,Morning,Weekday
2025-01-24 10:00:00,22.73,36.37,67.07,Morning,Weekday
2025-01-24 11:00:00,20.29,46.17,79.7,Morning,Weekday
2025-01-24 12:00:00,27.01,33.26,70.52,Morning,Weekday
2025-01-24 13:00:00,31.8,79.36,68.75,Morning,Weekday
2025-01-24 14:00:00,27.84,89.52,74.03,Evening,Weekday
2025-01-24 15:00:00,28.75,60.38,56.98,Evening,Weekday
2025-01-24 16:00:00,38.08,95.0,58.1,Evening,Weekday
2025-01-24 17:00:00,26.97,71.32,55.71,Evening,Weekday
2025-01-24 18:00:00,30.28,74.1,75.61,Evening,Weekday
2025-01-24 19:00:00,35.67,89.18,48.08,Evening,Weekday
2025-01-24 20:00:00,27.93,50.78,40.65,Evening,Weekday
2025-01-24 21:00:00,32.44,54.8,69.81,Evening,Weekday
2025-01-24 22:00:00,37.25,93.42,87.12,Night,Weekday
2025-01-24 23:00:00,38.99,93.07,70.47,Night,Weekday
2025-01-25 00:00:00,22.94,98.35,79.15,Night,Weekend
2025-01-25 01:00:00,38.53,93.13,73.64,Night,Weekend
2025-01-25 02:00:00,29.84,38.92,64.87,Night,Weekend
2025-01-25 03:00:00,25.16,87.66,75.92,Night,Weekend
2025-01-25 04:00:00,29.18,58.69,81.21,Night,Weekend
2025-01-25 05:00:00,39.6,99.36,51.24,Night,Weekend
2025-01-25 06:00:00,29.85,63.06,56.81,Morning,Weekend
2025-01-25 07:00:00,26.58,68.77,51.19,Morning,Weekend
2025-01-25 08:00:00,32.67,67.08,62.61,Morning,Weekend
2025-01-25 09:00:00,24.8,52.52,84.25,Morning,Weekend
2025-01-25 10:00:00,21.52,35.25,57.26,Morning,Weekend
2025-01-25 11:00:00,22.58,92.7,58.72,Morning,Weekend
2025-01-25 12:00:00,22.56,86.19,83.02,Morning,Weekend
2025-01-25 13:00:00,23.04,39.77,65.77,Morning,Weekend
2025-01-25 14:00:00,22.78,84.37,66.77,Evening,Weekend
2025-01-25 15:00:00,32.82,73.81,83.04,Evening,Weekend
2025-01-25 16:00:00,23.64,58.64,64.53,Evening,Weekend
2025-01-25 17:00:00,26.91,47.78,74.08,Evening,Weekend
2025-01-25 18:00:00,37.94,90.18,44.28,Evening,Weekend
2025-01-25 19:00:00,29.48,79.01,48.93,Evening,Weekend
2025-01-25 20:00:00,33.35,68.34,60.22,Evening,Weekend
2025-01-25 21:00:00,23.45,72.67,64.74,Evening,Weekend
2025-01-25 22:00:00,23.85,36.37,88.29,Night,Weekend
2025-01-25 23:00:00,20.82,63.17,88.53,Night,Weekend
2025-01-26 00:00:00,23.38,43.56,82.56,Night,Weekend
2025-01-26 01:00:00,25.57,44.59,55.78,Night,Weekend
2025-01-26 02:00:00,23.54,76.29,88.2,Night,Weekend
2025-01-26 03:00:00,21.77,93.79,74.47,Night,Weekend
2025-01-26 04:00:00,22.41,58.26,59.65,Night,Weekend
2025-01-26 05:00:00,29.22,44.54,75.08,Night,Weekend
2025-01-26 06:00:00,24.13,75.41,40.83,Morning,Weekend
2025-01-26 07:00:00,27.29,90.98,47.31,Morning,Weekend
2025-01-26 08:00:00,30.07,82.38,81.48,Morning,Weekend
2025-01-26 09:00:00,33.81,90.81,72.28,Morning,Weekend
2025-01-26 10:00:00,20.79,67.56,58.21,Morning,Weekend
2025-01-26 11:00:00,35.99,82.63,65.03,Morning,Weekend
2025-01-26 12:00:00,32.56,39.8,85.26,Morning,Weekend
2025-01-26 13:00:00,21.64,54.38,71.58,Morning,Weekend
2025-01-26 14:00:00,37.47,57.27,59.91,Evening,Weekend
2025-01-26 15:00:00,38.42,65.79,46.02,Evening,Weekend
2025-01-26 16:00:00,21.22,95.04,54.69,Evening,Weekend
2025-01-26 17:00:00,25.54,91.2,88.92,Evening,Weekend
2025-01-26 18:00:00,36.12,39.42,61.87,Evening,Weekend
2025-01-26 19:00:00,34.97,42.1,63.59,Evening,Weekend
2025-01-26 20:00:00,23.69,55.03,64.93,Evening,Weekend
2025-01-26 21:00:00,24.19,50.35,84.21,Evening,Weekend
2025-01-26 22:00:00,27.41,73.03,70.2,Night,Weekend
2025-01-26 23:00:00,29.69,93.19,74.68,Night,Weekend
2025-01-27 00:00:00,32.37,97.36,59.47,Night,Weekday
2025-01-27 01:00:00,27.38,75.75,41.45,Night,Weekday
2025-01-27 02:00:00,29.25,88.67,86.55,Night,Weekday
2025-01-27 03:00:00,34.95,66.76,87.46,Night,Weekday
2025-01-27 04:00:00,20.73,44.58,87.46,Night,Weekday
2025-01-27 05:00:00,25.05,66.73,87.18,Night,Weekday
2025-01-27 06:00:00,34.27,68.86,80.76,Morning,Weekday
2025-01-27 07:00:00,37.9,81.97,74.23,Morning,Weekday
2025-01-27 08:00:00,30.23,45.39,82.23,Morning,Weekday
2025-01-27 09:00:00,30.64,55.78,70.03,Morning,Weekday
2025-01-27 10:00:00,22.14,55.48,46.72,Morning,Weekday
2025-01-27 11:00:00,28.95,97.16,59.56,Morning,Weekday
2025-01-27 12:00:00,30.65,61.08,88.56,Morning,Weekday
2025-01-27 13:00:00,24.85,82.86,57.56,Morning,Weekday
2025-01-27 14:00:00,25.38,82.56,83.39,Evening,Weekday
2025-01-27 15:00:00,27.55,48.59,44.66,Evening,Weekday
2025-01-27 16:00:00,20.4,70.03,56.71,Evening,Weekday
2025-01-27 17:00:00,26.44,92.6,57.55,Evening,Weekday
2025-01-27 18:00:00,24.23,63.26,42.58,Evening,Weekday
2025-01-27 19:00:00,26.55,96.16,45.95,Evening,Weekday
2025-01-27 20:00:00,22.4,45.01,49.66,Evening,Weekday
2025-01-27 21:00:00,37.81,35.19,81.89,Evening,Weekday
2025-01-27 22:00:00,31.87,92.4,43.17,Night,Weekday
2025-01-27 23:00:00,33.58,89.34,54.94,Night,Weekday
2025-01-28 00:00:00,35.78,99.48,40.51,Night,Weekday
2025-01-28 01:00:00,29.97,77.56,74.78,Night,Weekday
2025-01-28 02:00:00,21.74,95.57,71.02,Night,Weekday
2025-01-28 03:00:00,30.74,87.89,72.25,Night,Weekday
2025-01-28 04:00:00,31.74,89.11,58.72,Night,Weekday
2025-01-28 05:00:00,34.91,69.84,50.41,Night,Weekday
2025-01-28 06:00:00,28.63,56.77,76.02,Morning,Weekday
2025-01-28 07:00:00,22.55,95.42,80.56,Morning,Weekday
2025-01-28 08:00:00,25.68,60.25,46.93,Morning,Weekday
2025-01-28 09:00:00,27.26,67.72,64.34,Morning,Weekday
2025-01-28 10:00:00,32.92,61.23,52.44,Morning,Weekday
2025-01-28 11:00:00,31.42,69.54,48.41,Morning,Weekday
2025-01-28 12:00:00,27.12,62.94,76.72,Morning,Weekday
2025-01-28 13:00:00,39.73,33.36,66.9,Morning,Weekday
2025-01-28 14:00:00,32.12,91.74,50.81,Evening,Weekday
2025-01-28 15:00:00,24.74,61.11,55.5,Evening,Weekday
2025-01-28 16:00:00,22.04,71.23,88.33,Evening,Weekday
2025-01-28 17:00:00,23.06,39.74,82.43,Evening,Weekday
2025-01-28 18:00:00,24.92,30.24,84.0,Evening,Weekday
2025-01-28 19:00:00,23.21,47.17,63.0,Evening,Weekday
2025-01-28 20:00:00,23.73,79.32,71.19,Evening,Weekday
2025-01-28 21:00:00,25.7,36.94,58.84,Evening,Weekday
2025-01-28 22:00:00,23.47,93.62,43.89,Night,Weekday
2025-01-28 23:00:00,37.94,45.05,60.05,Night,Weekday
2025-01-29 00:00:00,21.6,44.32,69.7,Night,Weekday
2025-01-29 01:00:00,30.49,42.71,54.36,Night,Weekday
2025-01-29 02:00:00,28.21,30.98,82.4,Night,Weekday
2025-01-29 03:00:00,39.65,84.03,47.56,Night,Weekday
2025-01-29 04:00:00,22.24,91.25,58.36,Night,Weekday
2025-01-29 05:00:00,27.96,72.99,46.25,Night,Weekday
2025-01-29 06:00:00,39.39,43.17,60.24,Morning,Weekday
2025-01-29 07:00:00,37.31,49.97,41.98,Morning,Weekday
2025-01-29 08:00:00,36.34,63.31,53.63,Morning,Weekday
2025-01-29 09:00:00,25.16,96.8,60.04,Morning,Weekday
2025-01-29 10:00:00,23.42,47.31,63.91,Morning,Weekday
2025-01-29 11:00:00,33.37,81.22,67.18,Morning,Weekday
2025-01-29 12:00:00,38.59,60.76,53.75,Morning,Weekday
2025-01-29 13:00:00,31.14,50.85,66.15,Morning,Weekday
2025-01-29 14:00:00,31.43,61.91,65.45,Evening,Weekday
2025-01-29 15:00:00,25.6,34.98,55.81,Evening,Weekday
2025-01-29 16:00:00,35.39,85.91,81.51,Evening,Weekday
2025-01-29 17:00:00,23.74,47.03,67.28,Evening,Weekday
2025-01-29 18:00:00,26.47,80.78,56.61,Evening,Weekday
2025-01-29 19:00:00,28.51,34.78,87.37,Evening,Weekday
2025-01-29 20:00:00,30.15,96.86,82.26,Evening,Weekday
2025-01-29 21:00:00,24.85,43.51,89.13,Evening,Weekday
2025-01-29 22:00:00,22.3,91.79,74.61,Night,Weekday
2025-01-29 23:00:00,32.21,86.66,58.91,Night,Weekday
2025-01-30 00:00:00,25.77,97.75,54.04,Night,Weekday
2025-01-30 01:00:00,31.62,63.45,73.17,Night,Weekday
2025-01-30 02:00:00,23.09,80.92,89.04,Night,Weekday
2025-01-30 03:00:00,29.62,55.95,71.34,Night,Weekday
2025-01-30 04:00:00,30.65,42.91,84.08,Night,Weekday
2025-01-30 05:00:00,21.04,61.02,56.46,Night,Weekday
2025-01-30 06:00:00,26.73,41.6,60.35,Morning,Weekday
2025-01-30 07:00:00,22.69,98.74,85.31,Morning,Weekday
2025-01-30 08:00:00,21.27,36.74,77.84,Morning,Weekday
2025-01-30 09:00:00,39.8,71.24,89.07,Morning,Weekday
2025-01-30 10:00:00,26.45,73.85,78.74,Morning,Weekday
2025-01-30 11:00:00,36.2,67.67,62.43,Morning,Weekday
2025-01-30 12:00:00,25.09,76.35,66.55,Morning,Weekday
2025-01-30 13:00:00,33.63,38.13,85.03,Morning,Weekday
2025-01-30 14:00:00,35.2,68.85,67.58,Evening,Weekday
2025-01-30 15:00:00,31.91,50.1,52.77,Evening,Weekday
2025-01-30 16:00:00,29.43,95.81,61.78,Evening,Weekday
2025-01-30 17:00:00,28.24,83.35,65.82,Evening,Weekday
2025-01-30 18:00:00,26.98,98.08,44.84,Evening,Weekday
2025-01-30 19:00:00,38.59,32.63,77.19,Evening,Weekday
2025-01-30 20:00:00,36.61,49.96,45.47,Evening,Weekday
2025-01-30 21:00:00,39.3,43.68,60.25,Evening,Weekday
2025-01-30 22:00:00,22.49,30.78,80.23,Night,Weekday
2025-01-30 23:00:00,34.62,46.96,63.38,Night,Weekday
2025-01-31 00:00:00,38.77,77.51,82.1,Night,Weekday
2025-01-31 01:00:00,23.62,46.18,57.09,Night,Weekday
2025-01-31 02:00:00,21.33,65.63,87.88,Night,Weekday
2025-01-31 03:00:00,34.82,92.15,50.47,Night,Weekday
2025-01-31 04:00:00,31.49,78.56,41.91,Night,Weekday
2025-01-31 05:00:00,36.84,57.62,83.62,Night,Weekday
2025-01-31 06:00:00,22.8,56.07,77.61,Morning,Weekday
2025-01-31 07:00:00,35.91,61.9,51.6,Morning,Weekday
2025-01-31 08:00:00,24.03,42.39,89.24,Morning,Weekday
2025-01-31 09:00:00,23.27,74.38,65.11,Morning,Weekday
2025-01-31 10:00:00,23.29,55.49,87.55,Morning,Weekday
2025-01-31 11:00:00,36.29,89.67,65.25,Morning,Weekday
2025-01-31 12:00:00,33.3,82.96,63.59,Morning,Weekday
2025-01-31 13:00:00,30.46,72.74,62.46,Morning,Weekday
2025-01-31 14:00:00,27.18,55.49,56.74,Evening,Weekday
2025-01-31 15:00:00,37.54,44.7,66.69,Evening,Weekday
2025-01-31 16:00:00,27.85,84.33,62.63,Evening,Weekday
2025-01-31 17:00:00,36.33,64.05,41.84,Evening,Weekday
2025-01-31 18:00:00,28.78,45.73,53.02,Evening,Weekday
2025-01-31 19:00:00,27.54,43.66,50.66,Evening,Weekday
2025-01-31 20:00:00,29.25,41.58,83.37,Evening,Weekday
2025-01-31 21:00:00,26.03,84.4,69.94,Evening,Weekday
2025-01-31 22:00:00,34.95,46.03,78.18,Night,Weekday
2025-01-31 23:00:00,30.05,66.86,87.84,Night,Weekday
2025-02-01 00:00:00,24.64,61.61,72.2,Night,Weekend
2025-02-01 01:00:00,37.99,70.57,89.13,Night,Weekend
2025-02-01 02:00:00,27.68,91.4,55.59,Night,Weekend
2025-02-01 03:00:00,30.87,90.74,49.31,Night,Weekend
2025-02-01 04:00:00,38.13,61.58,60.17,Night,Weekend
2025-02-01 05:00:00,32.48,31.08,63.54,Night,Weekend
2025-02-01 06:00:00,22.34,59.85,84.77,Morning,Weekend
2025-02-01 07:00:00,38.8,72.43,68.0,Morning,Weekend
2025-02-01 08:00:00,32.55,69.04,54.61,Morning,Weekend
2025-02-01 09:00:00,26.7,75.59,77.13,Morning,Weekend
2025-02-01 10:00:00,22.79,40.79,65.29,Morning,Weekend
2025-02-01 11:00:00,35.88,75.26,48.11,Morning,Weekend
2025-02-01 12:00:00,32.4,42.79,68.84,Morning,Weekend
2025-02-01 13:00:00,30.67,82.54,85.57,Morning,Weekend
2025-02-01 14:00:00,37.88,53.74,82.13,Evening,Weekend
2025-02-01 15:00:00,35.77,79.69,69.34,Evening,Weekend
2025-02-01 16:00:00,23.03,33.35,58.85,Evening,Weekend
2025-02-01 17:00:00,26.23,58.55,44.35,Evening,Weekend
2025-02-01 18:00:00,24.97,79.35,63.48,Evening,Weekend
2025-02-01 19:00:00,34.88,45.88,77.6,Evening,Weekend
2025-02-01 20:00:00,20.67,85.67,58.01,Evening,Weekend
2025-02-01 21:00:00,31.4,74.15,51.77,Evening,Weekend
2025-02-01 22:00:00,35.25,71.13,86.57,Night,Weekend
2025-02-01 23:00:00,37.54,54.75,81.08,Night,Weekend
2025-02-02 00:00:00,26.84,63.77,71.91,Night,Weekend
2025-02-02 01:00:00,36.43,71.81,46.84,Night,Weekend
2025-02-02 02:00:00,22.21,63.07,47.25,Night,Weekend
2025-02-02 03:00:00,36.93,78.88,45.16,Night,Weekend
2025-02-02 04:00:00,22.55,60.36,70.81,Night,Weekend
2025-02-02 05:00:00,27.95,44.16,45.78,Night,Weekend
2025-02-02 06:00:00,35.95,44.98,82.13,Morning,Weekend
2025-02-02 07:00:00,23.0,30.41,89.65,Morning,Weekend
2025-02-02 08:00:00,24.59,51.07,58.32,Morning,Weekend
2025-02-02 09:00:00,34.45,82.42,62.68,Morning,Weekend
2025-02-02 10:00:00,34.4,85.59,75.58,Morning,Weekend
2025-02-02 11:00:00,32.82,44.17,86.86,Morning,Weekend
2025-02-02 12:00:00,33.88,97.13,84.7,Morning,Weekend
2025-02-02 13:00:00,30.85,65.17,42.88,Morning,Weekend
2025-02-02 14:00:00,25.04,94.19,48.45,Evening,Weekend
2025-02-02 15:00:00,26.91,79.47,77.73,Evening,Weekend
2025-02-02 16:00:00,23.63,80.57,74.44,Evening,Weekend
2025-02-02 17:00:00,38.17,35.95,46.66,Evening,Weekend
2025-02-02 18:00:00,31.67,45.4,65.1,Evening,Weekend
2025-02-02 19:00:00,28.02,30.62,79.04,Evening,Weekend
2025-02-02 20:00:00,29.24,80.13,50.94,Evening,Weekend
2025-02-02 21:00:00,38.95,54.11,83.56,Evening,Weekend
2025-02-02 22:00:00,23.07,85.07,42.65,Night,Weekend
2025-02-02 23:00:00,31.72,53.73,79.11,Night,Weekend
2025-02-03 00:00:00,30.12,87.35,70.79,Night,Weekday
2025-02-03 01:00:00,32.23,39.15,55.76,Night,Weekday
2025-02-03 02:00:00,20.36,42.14,76.05,Night,Weekday
2025-02-03 03:00:00,37.44,53.86,79.12,Night,Weekday
2025-02-03 04:00:00,38.64,58.59,86.69,Night,Weekday
2025-02-03 05:00:00,31.3,54.41,58.39,Night,Weekday
2025-02-03 06:00:00,33.93,83.46,74.3,Morning,Weekday
2025-02-03 07:00:00,38.45,36.79,70.13,Morning,Weekday
2025-02-03 08:00:00,34.14,54.59,66.26,Morning,Weekday
2025-02-03 09:00:00,23.05,88.61,84.52,Morning,Weekday
2025-02-03 10:00:00,31.53,34.68,40.16,Morning,Weekday
2025-02-03 11:00:00,32.13,95.96,54.11,Morning,Weekday
2025-02-03 12:00:00,28.48,99.04,66.91,Morning,Weekday
2025-02-03 13:00:00,34.73,36.2,48.91,Morning,Weekday
2025-02-03 14:00:00,38.69,50.39,85.39,Evening,Weekday
2025-02-03 15:00:00,38.51,56.07,72.38,Evening,Weekday
2025-02-03 16:00:00,29.02,84.35,63.89,Evening,Weekday
2025-02-03 17:00:00,22.26,71.71,80.74,Evening,Weekday
2025-02-03 18:00:00,39.7,75.11,62.54,Evening,Weekday
2025-02-03 19:00:00,36.78,83.03,67.93,Evening,Weekday
2025-02-03 20:00:00,22.49,38.26,40.14,Evening,Weekday
2025-02-03 21:00:00,38.42,88.32,58.29,Evening,Weekday
2025-02-03 22:00:00,37.4,79.39,46.94,Night,Weekday
2025-02-03 23:00:00,30.38,70.41,74.48,Night,Weekday
2025-02-04 00:00:00,31.83,92.28,63.95,Night,Weekday
2025-02-04 01:00:00,27.98,79.02,55.09,Night,Weekday
2025-02-04 02:00:00,21.1,44.12,63.39,Night,Weekday
2025-02-04 03:00:00,26.7,60.08,50.48,Night,Weekday
2025-02-04 04:00:00,36.06,64.58,86.25,Night,Weekday
2025-02-04 05:00:00,20.09,33.87,42.7,Night,Weekday
2025-02-04 06:00:00,26.67,96.82,83.27,Morning,Weekday
2025-02-04 07:00:00,27.96,39.0,65.57,Morning,Weekday
2025-02-04 08:00:00,30.75,78.82,70.95,Morning,Weekday
2025-02-04 09:00:00,38.4,65.44,55.13,Morning,Weekday
2025-02-04 10:00:00,26.93,31.79,88.33,Morning,Weekday
2025-02-04 11:00:00,26.94,94.73,54.09,Morning,Weekday
2025-02-04 12:00:00,34.75,89.63,69.44,Morning,Weekday
2025-02-04 13:00:00,29.04,66.7,89.67,Morning,Weekday
2025-02-04 14:00:00,24.49,46.03,84.05,Evening,Weekday
2025-02-04 15:00:00,29.05,38.51,66.82,Evening,Weekday
2025-02-04 16:00:00,22.82,55.44,89.52,Evening,Weekday
2025-02-04 17:00:00,23.53,47.88,75.07,Evening,Weekday
2025-02-04 18:00:00,29.97,65.47,50.44,Evening,Weekday
2025-02-04 19:00:00,28.38,97.65,60.28,Evening,Weekday
2025-02-04 20:00:00,38.3,70.25,56.72,Evening,Weekday
2025-02-04 21:00:00,27.25,92.3,57.2,Evening,Weekday
2025-02-04 22:00:00,31.61,75.56,78.02,Night,Weekday
2025-02-04 23:00:00,32.65,63.27,69.21,Night,Weekday
2025-02-05 00:00:00,20.26,89.82,41.9,Night,Weekday
2025-02-05 01:00:00,33.27,63.0,83.87,Night,Weekday
2025-02-05 02:00:00,23.56,90.8,54.84,Night,Weekday
2025-02-05 03:00:00,39.22,50.41,89.85,Night,Weekday
2025-02-05 04:00:00,22.97,39.02,87.71,Night,Weekday
2025-02-05 05:00:00,28.29,89.87,87.03,Night,Weekday
2025-02-05 06:00:00,21.71,71.12,80.56,Morning,Weekday
2025-02-05 07:00:00,39.94,92.24,51.03,Morning,Weekday
2025-02-05 08:00:00,30.04,95.65,66.63,Morning,Weekday
2025-02-05 09:00:00,31.91,33.75,51.22,Morning,Weekday
2025-02-05 10:00:00,21.34,65.07,52.98,Morning,Weekday
2025-02-05 11:00:00,35.0,56.25,70.55,Morning,Weekday
2025-02-05 12:00:00,24.2,73.81,42.04,Morning,Weekday
2025-02-05 13:00:00,37.96,85.55,88.47,Morning,Weekday
2025-02-05 14:00:00,24.1,49.64,85.93,Evening,Weekday
2025-02-05 15:00:00,23.81,68.98,59.04,Evening,Weekday
2025-02-05 16:00:00,20.73,79.61,65.77,Evening,Weekday
2025-02-05 17:00:00,29.44,39.41,63.31,Evening,Weekday
2025-02-05 18:00:00,31.3,86.98,84.11,Evening,Weekday
2025-02-05 19:00:00,21.31,72.43,74.43,Evening,Weekday
2025-02-05 20:00:00,35.51,96.47,53.91,Evening,Weekday
2025-02-05 21:00:00,29.07,53.77,62.34,Evening,Weekday
2025-02-05 22:00:00,30.49,37.57,61.45,Night,Weekday
2025-02-05 23:00:00,28.82,65.46,87.97,Night,Weekday
2025-02-06 00:00:00,28.02,36.01,48.77,Night,Weekday
2025-02-06 01:00:00,31.19,97.87,44.48,Night,Weekday
2025-02-06 02:00:00,23.1,32.71,84.03,Night,Weekday
2025-02-06 03:00:00,23.64,82.75,84.83,Night,Weekday
2025-02-06 04:00:00,37.24,66.76,83.59,Night,Weekday
2025-02-06 05:00:00,38.92,55.8,65.55,Night,Weekday
2025-02-06 06:00:00,27.47,34.61,72.99,Morning,Weekday
2025-02-06 07:00:00,25.41,73.55,68.17,Morning,Weekday
2025-02-06 08:00:00,32.88,70.97,43.47,Morning,Weekday
2025-02-06 09:00:00,28.17,49.66,69.79,Morning,Weekday
2025-02-06 10:00:00,20.51,93.72,40.68,Morning,Weekday
2025-02-06 11:00:00,23.12,51.29,56.25,Morning,Weekday
2025-02-06 12:00:00,34.32,61.48,86.61,Morning,Weekday
2025-02-06 13:00:00,33.18,68.06,55.2,Morning,Weekday
2025-02-06 14:00:00,20.54,37.02,86.99,Evening,Weekday
2025-02-06 15:00:00,24.44,95.25,52.51,Evening,Weekday
2025-02-06 16:00:00,24.62,56.22,55.73,Evening,Weekday
2025-02-06 17:00:00,33.44,35.65,71.42,Evening,Weekday
2025-02-06 18:00:00,20.39,57.11,78.08,Evening,Weekday
2025-02-06 19:00:00,22.08,72.01,65.07,Evening,Weekday
2025-02-06 20:00:00,36.0,65.96,84.11,Evening,Weekday
2025-02-06 21:00:00,23.57,78.62,42.01,Evening,Weekday
2025-02-06 22:00:00,33.05,33.88,86.11,Night,Weekday
2025-02-06 23:00:00,24.76,49.92,49.82,Night,Weekday
2025-02-07 00:00:00,21.99,87.35,84.21,Night,Weekday
2025-02-07 01:00:00,24.86,35.59,60.04,Night,Weekday
2025-02-07 02:00:00,34.45,89.88,81.64,Night,Weekday
2025-02-07 03:00:00,37.11,36.43,73.58,Night,Weekday
2025-02-07 04:00:00,36.6,88.41,48.8,Night,Weekday
2025-02-07 05:00:00,27.94,55.26,85.9,Night,Weekday
2025-02-07 06:00:00,33.36,72.85,52.28,Morning,Weekday
2025-02-07 07:00:00,24.1,40.7,52.21,Morning,Weekday
2025-02-07 08:00:00,25.86,34.63,80.71,Morning,Weekday
2025-02-07 09:00:00,37.93,45.12,45.29,Morning,Weekday
2025-02-07 10:00:00,20.26,38.95,51.1,Morning,Weekday
2025-02-07 11:00:00,21.71,51.87,65.18,Morning,Weekday
2025-02-07 12:00:00,24.16,66.01,81.52,Morning,Weekday
2025-02-07 13:00:00,20.53,71.21,47.37,Morning,Weekday
2025-02-07 14:00:00,23.63,85.29,67.38,Evening,Weekday
2025-02-07 15:00:00,31.66,75.94,75.56,Evening,Weekday
2025-02-07 16:00:00,28.43,72.61,83.03,Evening,Weekday
2025-02-07 17:00:00,37.85,58.82,86.78,Evening,Weekday
2025-02-07 18:00:00,36.35,63.17,79.23,Evening,Weekday
2025-02-07 19:00:00,26.84,59.02,72.64,Evening,Weekday
2025-02-07 20:00:00,25.19,88.95,61.68,Evening,Weekday
2025-02-07 21:00:00,27.59,46.1,45.61,Evening,Weekday
2025-02-07 22:00:00,31.81,30.4,75.49,Night,Weekday
2025-02-07 23:00:00,25.36,75.59,89.64,Night,Weekday
2025-02-08 00:00:00,32.48,44.17,76.84,Night,Weekend
2025-02-08 01:00:00,28.19,92.31,40.84,Night,Weekend
2025-02-08 02:00:00,31.04,90.13,64.81,Night,Weekend
2025-02-08 03:00:00,28.72,35.37,70.73,Night,Weekend
2025-02-08 04:00:00,25.89,37.45,74.48,Night,Weekend
2025-02-08 05:00:00,38.97,64.66,75.99,Night,Weekend
2025-02-08 06:00:00,35.27,72.65,67.91,Morning,Weekend
2025-02-08 07:00:00,22.8,49.24,51.17,Morning,Weekend
2025-02-08 08:00:00,37.37,80.18,87.11,Morning,Weekend
2025-02-08 09:00:00,29.75,71.64,74.83,Morning,Weekend
2025-02-08 10:00:00,37.89,52.74,51.84,Morning,Weekend
2025-02-08 11:00:00,36.0,31.78,56.12,Morning,Weekend
2025-02-08 12:00:00,28.5,82.51,86.1,Morning,Weekend
2025-02-08 13:00:00,20.45,45.03,84.37,Morning,Weekend
2025-02-08 14:00:00,25.37,88.41,60.26,Evening,Weekend
2025-02-08 15:00:00,30.83,59.42,41.92,Evening,Weekend
2025-02-08 16:00:00,32.67,70.4,42.42,Evening,Weekend
2025-02-08 17:00:00,25.16,91.11,54.2,Evening,Weekend
2025-02-08 18:00:00,22.79,90.45,71.46,Evening,Weekend
2025-02-08 19:00:00,36.7,56.01,69.21,Evening,Weekend
2025-02-08 20:00:00,39.69,44.62,71.69,Evening,Weekend
2025-02-08 21:00:00,30.51,84.26,75.86,Evening,Weekend
2025-02-08 22:00:00,23.43,60.32,40.95,Night,Weekend
2025-02-08 23:00:00,25.45,43.44,45.25,Night,Weekend
2025-02-09 00:00:00,20.37,93.31,57.97,Night,Weekend
2025-02-09 01:00:00,38.29,43.87,47.74,Night,Weekend
2025-02-09 02:00:00,22.36,31.81,43.77,Night,Weekend
2025-02-09 03:00:00,31.53,31.42,72.05,Night,Weekend
2025-02-09 04:00:00,25.48,73.56,80.77,Night,Weekend
2025-02-09 05:00:00,31.08,76.32,77.63,Night,Weekend
2025-02-09 06:00:00,33.03,51.77,80.85,Morning,Weekend
2025-02-09 07:00:00,36.59,52.4,73.29,Morning,Weekend
2025-02-09 08:00:00,24.13,53.76,76.77,Morning,Weekend
2025-02-09 09:00:00,20.22,77.61,53.59,Morning,Weekend
2025-02-09 10:00:00,22.74,34.07,89.65,Morning,Weekend
2025-02-09 11:00:00,38.0,95.04,49.16,Morning,Weekend
2025-02-09 12:00:00,37.48,45.58,50.72,Morning,Weekend
2025-02-09 13:00:00,31.95,99.98,54.45,Morning,Weekend
2025-02-09 14:00:00,32.01,42.01,88.77,Evening,Weekend
2025-02-09 15:00:00,33.3,84.01,89.41,Evening,Weekend
2025-02-09 16:00:00,23.51,45.64,79.74,Evening,Weekend
2025-02-09 17:00:00,38.29,35.66,71.45,Evening,Weekend
2025-02-09 18:00:00,28.38,91.25,66.0,Evening,Weekend
2025-02-09 19:00:00,27.66,90.11,88.53,Evening,Weekend
2025-02-09 20:00:00,30.38,58.25,74.78,Evening,Weekend
2025-02-09 21:00:00,20.94,79.17,87.24,Evening,Weekend
2025-02-09 22:00:00,23.33,68.99,55.83,Night,Weekend
2025-02-09 23:00:00,34.76,89.71,56.69,Night,Weekend
2025-02-10 00:00:00,21.66,52.05,82.74,Night,Weekday
2025-02-10 01:00:00,32.06,66.66,47.49,Night,Weekday
2025-02-10 02:00:00,24.91,63.98,87.3,Night,Weekday
2025-02-10 03:00:00,27.79,54.77,65.37,Night,Weekday
2025-02-10 04:00:00,25.77,92.4,86.32,Night,Weekday
2025-02-10 05:00:00,27.11,41.61,56.84,Night,Weekday
2025-02-10 06:00:00,34.38,40.47,75.8,Morning,Weekday
2025-02-10 07:00:00,25.94,70.38,64.14,Morning,Weekday
2025-02-10 08:00:00,31.33,76.02,71.34,Morning,Weekday
2025-02-10 09:00:00,29.52,43.62,65.22,Morning,Weekday
2025-02-10 10:00:00,33.27,57.35,88.36,Morning,Weekday
2025-02-10 11:00:00,38.74,96.26,74.61,Morning,Weekday
2025-02-10 12:00:00,34.65,47.26,52.57,Morning,Weekday
2025-02-10 13:00:00,24.3,76.79,85.48,Morning,Weekday
2025-02-10 14:00:00,20.62,81.81,54.7,Evening,Weekday
2025-02-10 15:00:00,25.25,61.37,58.58,Evening,Weekday
2025-02-10 16:00:00,31.9,95.63,45.11,Evening,Weekday
2025-02-10 17:00:00,21.03,81.57,85.0,Evening,Weekday
2025-02-10 18:00:00,29.93,62.05,54.31,Evening,Weekday
2025-02-10 19:00:00,31.94,69.85,52.95,Evening,Weekday
2025-02-10 20:00:00,26.68,78.48,86.01,Evening,Weekday
2025-02-10 21:00:00,35.42,71.45,80.28,Evening,Weekday
2025-02-10 22:00:00,22.13,91.51,47.05,Night,Weekday
2025-02-10 23:00:00,21.5,54.98,78.47,Night,Weekday
2025-02-11 00:00:00,34.56,50.99,85.65,Night,Weekday
2025-02-11 01:00:00,29.91,44.97,43.93,Night,Weekday
2025-02-11 02:00:00,33.77,32.64,81.26,Night,Weekday
2025-02-11 03:00:00,28.7,33.01,67.37,Night,Weekday
2025-02-11 04:00:00,24.93,90.9,73.46,Night,Weekday
2025-02-11 05:00:00,36.38,77.49,64.64,Night,Weekday
2025-02-11 06:00:00,35.99,76.24,74.89,Morning,Weekday
2025-02-11 07:00:00,33.89,73.02,41.7,Morning,Weekday
2025-02-11 08:00:00,25.44,89.45,78.14,Morning,Weekday
2025-02-11 09:00:00,31.8,63.62,41.67,Morning,Weekday
2025-02-11 10:00:00,27.22,90.93,62.76,Morning,Weekday
2025-02-11 11:00:00,21.83,55.16,47.55,Morning,Weekday
2025-02-11 12:00:00,38.35,94.87,81.18,Morning,Weekday
2025-02-11 13:00:00,22.74,78.91,55.68,Morning,Weekday
2025-02-11 14:00:00,39.0,48.0,62.7,Evening,Weekday
2025-02-11 15:00:00,28.92,69.49,61.44,Evening,Weekday
2025-02-11 16:00:00,23.7,67.31,78.63,Evening,Weekday
2025-02-11 17:00:00,30.84,39.65,64.06,Evening,Weekday
2025-02-11 18:00:00,37.46,71.39,79.45,Evening,Weekday
2025-02-11 19:00:00,34.64,52.03,43.68,Evening,Weekday
2025-02-11 20:00:00,36.13,33.66,49.58,Evening,Weekday
2025-02-11 21:00:00,33.18,96.41,67.58,Evening,Weekday
2025-02-11 22:00:00,33.85,74.9,87.35,Night,Weekday
2025-02-11 23:00:00,36.98,91.38,43.74,Night,Weekday
2025-02-12 00:00:00,24.99,77.32,42.15,Night,Weekday
2025-02-12 01:00:00,29.79,54.99,47.83,Night,Weekday
2025-02-12 02:00:00,24.42,65.89,72.06,Night,Weekday
2025-02-12 03:00:00,39.75,77.3,59.95,Night,Weekday
2025-02-12 04:00:00,38.88,97.22,81.28,Night,Weekday
2025-02-12 05:00:00,20.79,47.76,43.6,Night,Weekday
2025-02-12 06:00:00,34.11,91.25,49.82,Morning,Weekday
2025-02-12 07:00:00,38.5,94.69,55.0,Morning,Weekday
2025-02-12 08:00:00,23.61,76.93,71.34,Morning,Weekday
2025-02-12 09:00:00,31.36,95.19,74.26,Morning,Weekday
2025-02-12 10:00:00,38.31,57.85,46.21,Morning,Weekday
2025-02-12 11:00:00,20.68,96.71,87.19,Morning,Weekday
2025-02-12 12:00:00,33.95,79.19,57.05,Morning,Weekday
2025-02-12 13:00:00,25.95,32.94,75.66,Morning,Weekday
2025-02-12 14:00:00,38.49,93.48,66.21,Evening,Weekday
2025-02-12 15:00:00,39.42,63.91,51.14,Evening,Weekday
2025-02-12 16:00:00,38.89,62.22,82.31,Evening,Weekday
2025-02-12 17:00:00,29.48,69.65,80.91,Evening,Weekday
2025-02-12 18:00:00,37.24,40.46,59.8,Evening,Weekday
2025-02-12 19:00:00,36.89,62.84,69.43,Evening,Weekday
2025-02-12 20:00:00,26.38,88.18,52.89,Evening,Weekday
2025-02-12 21:00:00,36.58,31.08,74.49,Evening,Weekday
2025-02-12 22:00:00,20.74,49.1,55.45,Night,Weekday
2025-02-12 23:00:00,31.93,30.17,82.2,Night,Weekday
2025-02-13 00:00:00,24.6,59.1,50.87,Night,Weekday
2025-02-13 01:00:00,22.41,80.98,40.74,Night,Weekday
2025-02-13 02:00:00,21.54,85.91,53.43,Night,Weekday
2025-02-13 03:00:00,33.93,96.16,49.55,Night,Weekday
2025-02-13 04:00:00,26.8,72.6,65.41,Night,Weekday
2025-02-13 05:00:00,34.5,47.82,50.19,Night,Weekday
2025-02-13 06:00:00,21.31,94.69,78.16,Morning,Weekday
2025-02-13 07:00:00,26.31,84.27,52.07,Morning,Weekday
2025-02-13 08:00:00,30.79,70.21,75.35,Morning,Weekday
2025-02-13 09:00:00,35.81,78.69,68.92,Morning,Weekday
2025-02-13 10:00:00,26.38,94.7,89.31,Morning,Weekday
2025-02-13 11:00:00,32.52,79.87,90.0,Morning,Weekday
2025-02-13 12:00:00,37.72,55.79,83.48,Morning,Weekday
2025-02-13 13:00:00,32.32,79.91,78.0,Morning,Weekday
2025-02-13 14:00:00,24.66,32.82,59.32,Evening,Weekday
2025-02-13 15:00:00,20.49,57.05,77.66,Evening,Weekday
2025-02-13 16:00:00,37.4,58.44,87.83,Evening,Weekday
2025-02-13 17:00:00,20.43,41.68,41.17,Evening,Weekday
2025-02-13 18:00:00,37.49,31.62,66.9,Evening,Weekday
2025-02-13 19:00:00,30.58,39.34,50.9,Evening,Weekday
2025-02-13 20:00:00,38.78,75.82,67.89,Evening,Weekday
2025-02-13 21:00:00,35.98,86.16,63.32,Evening,Weekday
2025-02-13 22:00:00,39.96,99.17,68.79,Night,Weekday
2025-02-13 23:00:00,27.01,54.25,67.55,Night,Weekday
2025-02-14 00:00:00,35.34,71.96,88.01,Night,Weekday
2025-02-14 01:00:00,28.04,95.6,67.61,Night,Weekday
2025-02-14 02:00:00,29.6,41.69,82.31,Night,Weekday
2025-02-14 03:00:00,32.55,80.24,55.99,Night,Weekday
2025-02-14 04:00:00,37.47,82.85,61.91,Night,Weekday
2025-02-14 05:00:00,39.68,36.23,63.52,Night,Weekday
2025-02-14 06:00:00,35.37,90.29,53.94,Morning,Weekday
2025-02-14 07:00:00,28.36,86.92,58.99,Morning,Weekday
2025-02-14 08:00:00,28.43,32.34,69.93,Morning,Weekday
2025-02-14 09:00:00,34.75,36.38,69.01,Morning,Weekday
2025-02-14 10:00:00,24.78,33.44,71.82,Morning,Weekday
2025-02-14 11:00:00,22.21,53.43,57.59,Morning,Weekday
2025-02-14 12:00:00,27.09,65.65,55.79,Morning,Weekday
2025-02-14 13:00:00,25.74,67.26,70.58,Morning,Weekday
2025-02-14 14:00:00,25.93,48.74,46.64,Evening,Weekday
2025-02-14 15:00:00,24.67,93.81,52.65,Evening,Weekday
2025-02-14 16:00:00,20.84,55.78,42.11,Evening,Weekday
2025-02-14 17:00:00,20.36,33.19,43.63,Evening,Weekday
2025-02-14 18:00:00,39.75,51.02,52.17,Evening,Weekday
2025-02-14 19:00:00,28.56,67.18,40.98,Evening,Weekday
2025-02-14 20:00:00,27.69,58.58,52.27,Evening,Weekday
2025-02-14 21:00:00,33.59,49.17,72.75,Evening,Weekday
2025-02-14 22:00:00,24.37,39.19,43.06,Night,Weekday
2025-02-14 23:00:00,39.0,87.34,61.84,Night,Weekday
2025-02-15 00:00:00,35.73,99.73,85.66,Night,Weekend
2025-02-15 01:00:00,21.79,53.07,79.56,Night,Weekend
2025-02-15 02:00:00,28.35,56.71,55.27,Night,Weekend
2025-02-15 03:00:00,37.58,73.26,86.24,Night,Weekend
2025-02-15 04:00:00,38.89,80.29,56.48,Night,Weekend
2025-02-15 05:00:00,29.35,57.44,43.63,Night,Weekend
2025-02-15 06:00:00,32.27,93.35,89.7,Morning,Weekend
2025-02-15 07:00:00,23.34,69.2,83.5,Morning,Weekend
2025-02-15 08:00:00,39.82,61.53,63.3,Morning,Weekend
2025-02-15 09:00:00,24.63,75.27,73.32,Morning,Weekend
2025-02-15 10:00:00,38.85,96.7,73.56,Morning,Weekend
2025-02-15 11:00:00,32.99,85.62,49.72,Morning,Weekend
2025-02-15 12:00:00,32.15,32.8,50.0,Morning,Weekend
2025-02-15 13:00:00,30.25,53.26,63.48,Morning,Weekend
2025-02-15 14:00:00,24.61,62.94,85.58,Evening,Weekend
2025-02-15 15:00:00,23.53,52.02,40.5,Evening,Weekend
2025-02-15 16:00:00,24.41,79.01,79.13,Evening,Weekend
2025-02-15 17:00:00,23.73,87.84,42.88,Evening,Weekend
2025-02-15 18:00:00,35.59,81.19,63.91,Evening,Weekend
2025-02-15 19:00:00,27.0,99.25,71.89,Evening,Weekend
2025-02-15 20:00:00,21.16,49.08,74.34,Evening,Weekend
2025-02-15 21:00:00,39.38,91.25,42.92,Evening,Weekend
2025-02-15 22:00:00,37.68,83.66,60.93,Night,Weekend
2025-02-15 23:00:00,38.56,55.35,69.19,Night,Weekend
2025-02-16 00:00:00,39.9,81.39,43.3,Night,Weekend
2025-02-16 01:00:00,23.48,37.29,46.75,Night,Weekend
2025-02-16 02:00:00,27.92,85.25,73.18,Night,Weekend
2025-02-16 03:00:00,35.16,67.26,66.08,Night,Weekend
2025-02-16 04:00:00,33.92,50.46,48.09,Night,Weekend
2025-02-16 05:00:00,23.08,75.9,66.76,Night,Weekend
2025-02-16 06:00:00,36.32,74.91,85.63,Morning,Weekend
2025-02-16 07:00:00,24.49,44.66,40.78,Morning,Weekend
2025-02-16 08:00:00,24.48,32.13,72.13,Morning,Weekend
2025-02-16 09:00:00,30.74,60.35,43.68,Morning,Weekend
2025-02-16 10:00:00,31.86,69.87,40.32,Morning,Weekend
2025-02-16 11:00:00,31.6,91.36,47.53,Morning,Weekend
2025-02-16 12:00:00,21.83,94.98,61.15,Morning,Weekend
2025-02-16 13:00:00,37.55,67.02,80.12,Morning,Weekend
2025-02-16 14:00:00,25.31,82.77,54.09,Evening,Weekend
2025-02-16 15:00:00,22.59,60.75,71.28,Evening,Weekend
2025-02-16 16:00:00,37.77,82.23,60.56,Evening,Weekend
2025-02-16 17:00:00,39.11,44.34,51.72,Evening,Weekend
2025-02-16 18:00:00,37.24,55.97,65.71,Evening,Weekend
2025-02-16 19:00:00,36.19,74.4,79.87,Evening,Weekend
2025-02-16 20:00:00,33.1,31.27,81.62,Evening,Weekend
2025-02-16 21:00:00,31.02,80.57,82.33,Evening,Weekend
2025-02-16 22:00:00,21.74,88.49,56.93,Night,Weekend
2025-02-16 23:00:00,28.17,57.94,79.67,Night,Weekend
2025-02-17 00:00:00,27.45,61.36,50.61,Night,Weekday
2025-02-17 01:00:00,25.2,89.59,76.92,Night,Weekday
2025-02-17 02:00:00,34.47,84.3,87.42,Night,Weekday
2025-02-17 03:00:00,29.92,50.17,40.69,Night,Weekday
2025-02-17 04:00:00,21.62,52.68,62.02,Night,Weekday
2025-02-17 05:00:00,24.4,77.52,72.39,Night,Weekday
2025-02-17 06:00:00,33.67,69.42,75.09,Morning,Weekday
2025-02-17 07:00:00,21.52,41.36,48.8,Morning,Weekday
2025-02-17 08:00:00,37.02,51.7,88.61,Morning,Weekday
2025-02-17 09:00:00,29.9,93.0,70.76,Morning,Weekday
2025-02-17 10:00:00,29.61,78.17,48.22,Morning,Weekday
2025-02-17 11:00:00,31.85,99.02,41.03,Morning,Weekday
2025-02-17 12:00:00,36.49,83.69,79.16,Morning,Weekday
2025-02-17 13:00:00,26.96,95.94,43.99,Morning,Weekday
2025-02-17 14:00:00,33.56,45.13,47.05,Evening,Weekday
2025-02-17 15:00:00,31.31,84.0,68.74,Evening,Weekday
2025-02-17 16:00:00,25.34,31.42,70.18,Evening,Weekday
2025-02-17 17:00:00,37.57,76.95,74.34,Evening,Weekday
2025-02-17 18:00:00,35.95,62.85,59.68,Evening,Weekday
2025-02-17 19:00:00,33.17,54.27,78.69,Evening,Weekday
2025-02-17 20:00:00,37.01,90.37,88.72,Evening,Weekday
2025-02-17 21:00:00,37.35,89.8,53.55,Evening,Weekday
2025-02-17 22:00:00,34.17,31.56,75.15,Night,Weekday
2025-02-17 23:00:00,36.74,72.67,86.42,Night,Weekday
2025-02-18 00:00:00,33.95,55.75,74.31,Night,Weekday
2025-02-18 01:00:00,33.6,59.1,74.06,Night,Weekday
2025-02-18 02:00:00,32.37,88.24,51.19,Night,Weekday
2025-02-18 03:00:00,35.05,51.69,66.76,Night,Weekday
2025-02-18 04:00:00,23.17,96.01,68.13,Night,Weekday
2025-02-18 05:00:00,37.62,42.57,75.01,Night,Weekday
2025-02-18 06:00:00,37.44,76.39,89.84,Morning,Weekday
2025-02-18 07:00:00,20.58,77.05,41.68,Morning,Weekday
2025-02-18 08:00:00,36.52,47.65,43.26,Morning,Weekday
2025-02-18 09:00:00,22.58,52.73,43.9,Morning,Weekday
2025-02-18 10:00:00,26.7,88.44,77.15,Morning,Weekday
2025-02-18 11:00:00,34.87,83.33,46.82,Morning,Weekday
2025-02-18 12:00:00,23.22,53.04,71.12,Morning,Weekday
2025-02-18 13:00:00,36.36,67.38,56.23,Morning,Weekday
2025-02-18 14:00:00,36.64,34.32,62.87,Evening,Weekday
2025-02-18 15:00:00,30.15,44.61,50.78,Evening,Weekday
2025-02-18 16:00:00,20.13,64.01,83.31,Evening,Weekday
2025-02-18 17:00:00,25.74,36.02,69.31,Evening,Weekday
2025-02-18 18:00:00,32.34,89.03,87.23,Evening,Weekday
2025-02-18 19:00:00,39.62,80.26,68.73,Evening,Weekday
2025-02-18 20:00:00,32.64,96.05,46.2,Evening,Weekday
2025-02-18 21:00:00,25.2,78.54,48.54,Evening,Weekday
2025-02-18 22:00:00,32.68,95.83,89.45,Night,Weekday
2025-02-18 23:00:00,30.8,68.82,76.28,Night,Weekday
2025-02-19 00:00:00,35.6,72.02,42.46,Night,Weekday
2025-02-19 01:00:00,22.14,98.39,75.19,Night,Weekday
2025-02-19 02:00:00,35.22,74.95,60.61,Night,Weekday
2025-02-19 03:00:00,30.83,32.16,55.36,Night,Weekday
2025-02-19 04:00:00,39.26,80.67,47.7,Night,Weekday
2025-02-19 05:00:00,26.84,93.38,82.0,Night,Weekday
2025-02-19 06:00:00,32.65,85.69,43.19,Morning,Weekday
2025-02-19 07:00:00,38.64,70.87,54.49,Morning,Weekday
2025-02-19 08:00:00,22.05,76.99,55.32,Morning,Weekday
2025-02-19 09:00:00,38.74,99.31,48.05,Morning,Weekday
2025-02-19 10:00:00,33.76,36.35,65.41,Morning,Weekday
2025-02-19 11:00:00,21.36,76.71,40.59,Morning,Weekday
2025-02-19 12:00:00,26.02,49.84,55.05,Morning,Weekday
2025-02-19 13:00:00,34.16,74.81,86.68,Morning,Weekday
2025-02-19 14:00:00,21.35,72.53,55.53,Evening,Weekday
2025-02-19 15:00:00,31.64,40.74,58.02,Evening,Weekday
2025-02-19 16:00:00,26.92,44.47,63.66,Evening,Weekday
2025-02-19 17:00:00,32.42,73.51,68.08,Evening,Weekday
2025-02-19 18:00:00,20.91,38.98,80.44,Evening,Weekday
2025-02-19 19:00:00,37.43,48.56,49.52,Evening,Weekday
2025-02-19 20:00:00,39.47,88.47,83.59,Evening,Weekday
2025-02-19 21:00:00,39.38,52.9,77.88,Evening,Weekday
2025-02-19 22:00:00,34.99,64.16,76.13,Night,Weekday
2025-02-19 23:00:00,22.6,95.88,44.34,Night,Weekday
2025-02-20 00:00:00,35.17,45.9,41.08,Night,Weekday
2025-02-20 01:00:00,20.49,57.27,69.7,Night,Weekday
2025-02-20 02:00:00,20.44,72.45,83.16,Night,Weekday
2025-02-20 03:00:00,26.47,82.87,69.22,Night,Weekday
2025-02-20 04:00:00,29.77,93.12,50.66,Night,Weekday
2025-02-20 05:00:00,35.41,94.08,44.53,Night,Weekday
2025-02-20 06:00:00,33.67,84.36,74.98,Morning,Weekday
2025-02-20 07:00:00,28.92,45.98,76.09,Morning,Weekday
2025-02-20 08:00:00,25.47,31.74,48.63,Morning,Weekday
2025-02-20 09:00:00,39.94,56.86,41.41,Morning,Weekday
2025-02-20 10:00:00,28.52,39.91,60.41,Morning,Weekday
2025-02-20 11:00:00,29.03,79.73,69.14,Morning,Weekday
2025-02-20 12:00:00,23.27,76.28,75.3,Morning,Weekday
2025-02-20 13:00:00,35.9,33.08,80.5,Morning,Weekday
2025-02-20 14:00:00,33.87,88.56,70.53,Evening,Weekday
2025-02-20 15:00:00,24.42,47.41,45.54,Evening,Weekday
2025-02-20 16:00:00,21.65,60.26,74.13,Evening,Weekday
2025-02-20 17:00:00,33.61,76.76,89.21,Evening,Weekday
2025-02-20 18:00:00,33.09,60.06,85.28,Evening,Weekday
2025-02-20 19:00:00,25.47,60.89,83.58,Evening,Weekday
2025-02-20 20:00:00,39.02,34.59,55.11,Evening,Weekday
2025-02-20 21:00:00,23.02,58.1,77.54,Evening,Weekday
2025-02-20 22:00:00,28.65,83.54,82.56,Night,Weekday
2025-02-20 23:00:00,38.87,94.06,73.92,Night,Weekday
2025-02-21 00:00:00,28.39,58.94,52.53,Night,Weekday
2025-02-21 01:00:00,32.77,59.65,87.69,Night,Weekday
2025-02-21 02:00:00,27.95,79.18,62.54,Night,Weekday
2025-02-21 03:00:00,25.48,95.99,46.49,Night,Weekday
2025-02-21 04:00:00,39.68,48.69,45.49,Night,Weekday
2025-02-21 05:00:00,28.19,60.81,72.38,Night,Weekday
2025-02-21 06:00:00,37.88,85.72,61.89,Morning,Weekday
2025-02-21 07:00:00,24.6,72.68,44.72,Morning,Weekday
2025-02-21 08:00:00,24.26,37.74,77.02,Morning,Weekday
2025-02-21 09:00:00,20.62,73.94,79.97,Morning,Weekday
2025-02-21 10:00:00,33.03,43.07,76.27,Morning,Weekday
2025-02-21 11:00:00,27.37,65.72,50.11,Morning,Weekday
2025-02-21 12:00:00,37.29,67.04,74.49,Morning,Weekday
2025-02-21 13:00:00,29.46,91.33,40.54,Morning,Weekday
2025-02-21 14:00:00,39.36,62.37,55.26,Evening,Weekday
2025-02-21 15:00:00,23.71,49.56,59.94,Evening,Weekday
2025-02-21 16:00:00,37.37,46.17,81.76,Evening,Weekday
2025-02-21 17:00:00,35.53,91.2,59.52,Evening,Weekday
2025-02-21 18:00:00,35.42,41.97,40.56,Evening,Weekday
2025-02-21 19:00:00,36.9,59.81,57.62,Evening,Weekday
2025-02-21 20:00:00,35.22,43.1,64.95,Evening,Weekday
2025-02-21 21:00:00,32.52,84.13,87.45,Evening,Weekday
2025-02-21 22:00:00,22.62,63.21,87.05,Night,Weekday
2025-02-21 23:00:00,20.65,54.58,49.04,Night,Weekday
2025-02-22 00:00:00,38.42,55.28,49.26,Night,Weekend
2025-02-22 01:00:00,32.33,89.65,48.17,Night,Weekend
2025-02-22 02:00:00,35.93,68.76,79.45,Night,Weekend
2025-02-22 03:00:00,29.63,80.25,40.3,Night,Weekend
2025-02-22 04:00:00,22.35,92.79,46.36,Night,Weekend
2025-02-22 05:00:00,22.5,93.12,66.9,Night,Weekend
2025-02-22 06:00:00,33.71,53.0,52.38,Morning,Weekend
2025-02-22 07:00:00,28.61,96.67,44.62,Morning,Weekend
2025-02-22 08:00:00,24.01,31.74,57.99,Morning,Weekend
2025-02-22 09:00:00,29.83,56.38,53.71,Morning,Weekend
2025-02-22 10:00:00,21.28,92.71,65.56,Morning,Weekend
2025-02-22 11:00:00,31.64,49.22,88.96,Morning,Weekend
2025-02-22 12:00:00,25.38,49.12,46.22,Morning,Weekend
2025-02-22 13:00:00,35.95,51.18,58.64,Morning,Weekend
2025-02-22 14:00:00,26.21,72.86,86.6,Evening,Weekend
2025-02-22 15:00:00,29.1,60.68,83.84,Evening,Weekend
2025-02-22 16:00:00,20.23,80.87,59.71,Evening,Weekend
2025-02-22 17:00:00,21.45,92.64,74.95,Evening,Weekend
2025-02-22 18:00:00,27.85,77.19,44.39,Evening,Weekend
2025-02-22 19:00:00,29.6,44.31,75.63,Evening,Weekend
2025-02-22 20:00:00,32.0,95.29,88.64,Evening,Weekend
2025-02-22 21:00:00,25.83,48.51,66.87,Evening,Weekend
2025-02-22 22:00:00,33.9,40.49,64.92,Night,Weekend
2025-02-22 23:00:00,37.2,36.3,49.37,Night,Weekend
2025-02-23 00:00:00,35.6,69.44,71.69,Night,Weekend
2025-02-23 01:00:00,20.79,37.96,69.52,Night,Weekend
2025-02-23 02:00:00,29.61,39.71,72.6,Night,Weekend
2025-02-23 03:00:00,22.1,51.0,41.3,Night,Weekend
2025-02-23 04:00:00,24.84,49.72,67.44,Night,Weekend
2025-02-23 05:00:00,39.73,72.3,69.75,Night,Weekend
2025-02-23 06:00:00,22.85,87.17,50.38,Morning,Weekend
2025-02-23 07:00:00,29.98,83.29,50.42,Morning,Weekend
2025-02-23 08:00:00,32.36,48.37,53.81,Morning,Weekend
2025-02-23 09:00:00,34.05,47.17,75.59,Morning,Weekend
2025-02-23 10:00:00,31.19,97.61,70.31,Morning,Weekend
2025-02-23 11:00:00,20.2,30.58,82.29,Morning,Weekend
2025-02-23 12:00:00,26.53,91.58,54.78,Morning,Weekend
2025-02-23 13:00:00,30.35,43.98,85.6,Morning,Weekend
2025-02-23 14:00:00,21.76,96.31,77.19,Evening,Weekend
2025-02-23 15:00:00,27.01,53.96,59.75,Evening,Weekend
2025-02-23 16:00:00,20.66,60.82,44.76,Evening,Weekend
2025-02-23 17:00:00,21.57,79.5,52.85,Evening,Weekend
2025-02-23 18:00:00,27.94,71.14,87.84,Evening,Weekend
2025-02-23 19:00:00,22.65,52.26,55.52,Evening,Weekend
2025-02-23 20:00:00,31.35,68.77,56.5,Evening,Weekend
2025-02-23 21:00:00,33.79,81.15,49.48,Evening,Weekend
2025-02-23 22:00:00,36.01,32.96,80.34,Night,Weekend
2025-02-23 23:00:00,24.0,30.78,53.78,Night,Weekend
2025-02-24 00:00:00,23.35,62.06,56.51,Night,Weekday
2025-02-24 01:00:00,22.09,39.23,60.72,Night,Weekday
2025-02-24 02:00:00,32.73,76.5,61.69,Night,Weekday
2025-02-24 03:00:00,34.13,44.98,60.57,Night,Weekday
2025-02-24 04:00:00,20.63,60.3,65.19,Night,Weekday
2025-02-24 05:00:00,38.72,43.84,80.73,Night,Weekday
2025-02-24 06:00:00,21.04,68.39,80.96,Morning,Weekday
2025-02-24 07:00:00,30.83,38.12,79.92,Morning,Weekday
2025-02-24 08:00:00,34.18,31.62,45.06,Morning,Weekday
2025-02-24 09:00:00,37.42,33.58,79.98,Morning,Weekday
2025-02-24 10:00:00,34.28,96.8,46.01,Morning,Weekday
2025-02-24 11:00:00,36.03,39.96,46.24,Morning,Weekday
2025-02-24 12:00:00,26.79,79.59,87.39,Morning,Weekday
2025-02-24 13:00:00,36.3,34.75,80.97,Morning,Weekday
2025-02-24 14:00:00,21.6,37.57,67.62,Evening,Weekday
2025-02-24 15:00:00,37.9,65.62,83.75,Evening,Weekday
2025-02-24 16:00:00,30.95,62.54,89.47,Evening,Weekday
2025-02-24 17:00:00,36.35,96.61,70.53,Evening,Weekday
2025-02-24 18:00:00,29.05,96.14,70.64,Evening,Weekday
2025-02-24 19:00:00,32.87,84.57,77.72,Evening,Weekday
2025-02-24 20:00:00,30.53,72.15,51.61,Evening,Weekday
2025-02-24 21:00:00,34.63,61.85,48.36,Evening,Weekday
2025-02-24 22:00:00,21.63,54.93,77.98,Night,Weekday
2025-02-24 23:00:00,21.21,96.3,57.25,Night,Weekday
2025-02-25 00:00:00,24.94,72.2,46.75,Night,Weekday
2025-02-25 01:00:00,23.19,70.54,55.74,Night,Weekday
2025-02-25 02:00:00,37.44,46.23,57.93,Night,Weekday
2025-02-25 03:00:00,24.38,33.27,88.26,Night,Weekday
2025-02-25 04:00:00,39.52,96.16,74.9,Night,Weekday
2025-02-25 05:00:00,26.74,51.96,66.54,Night,Weekday
2025-02-25 06:00:00,23.64,60.98,88.44,Morning,Weekday
2025-02-25 07:00:00,35.79,38.02,85.16,Morning,Weekday
2025-02-25 08:00:00,33.17,88.58,65.6,Morning,Weekday
2025-02-25 09:00:00,29.96,31.93,85.28,Morning,Weekday
2025-02-25 10:00:00,31.11,88.38,60.22,Morning,Weekday
2025-02-25 11:00:00,34.38,39.82,51.52,Morning,Weekday
2025-02-25 12:00:00,24.57,92.06,51.63,Morning,Weekday
2025-02-25 13:00:00,39.93,81.08,73.12,Morning,Weekday
2025-02-25 14:00:00,39.5,41.53,65.05,Evening,Weekday
2025-02-25 15:00:00,33.01,69.61,72.95,Evening,Weekday
2025-02-25 16:00:00,23.99,51.89,74.3,Evening,Weekday
2025-02-25 17:00:00,33.6,42.48,41.12,Evening,Weekday
2025-02-25 18:00:00,21.44,90.14,42.7,Evening,Weekday
2025-02-25 19:00:00,20.61,58.25,66.63,Evening,Weekday
2025-02-25 20:00:00,25.15,57.9,49.55,Evening,Weekday
2025-02-25 21:00:00,29.25,41.89,71.63,Evening,Weekday
2025-02-25 22:00:00,37.37,56.81,67.61,Night,Weekday
2025-02-25 23:00:00,34.54,91.01,69.29,Night,Weekday
2025-02-26 00:00:00,34.85,55.42,55.12,Night,Weekday
2025-02-26 01:00:00,28.51,96.61,71.99,Night,Weekday
2025-02-26 02:00:00,26.92,96.24,81.47,Night,Weekday
2025-02-26 03:00:00,27.42,40.14,89.9,Night,Weekday
2025-02-26 04:00:00,39.75,42.41,81.92,Night,Weekday
2025-02-26 05:00:00,20.8,90.39,67.87,Night,Weekday
2025-02-26 06:00:00,37.34,57.49,49.67,Morning,Weekday
2025-02-26 07:00:00,31.57,30.31,74.07,Morning,Weekday
2025-02-26 08:00:00,28.77,49.17,86.88,Morning,Weekday
2025-02-26 09:00:00,34.51,71.83,50.59,Morning,Weekday
2025-02-26 10:00:00,29.73,85.95,52.8,Morning,Weekday
2025-02-26 11:00:00,37.47,39.34,47.45,Morning,Weekday
2025-02-26 12:00:00,38.01,37.74,76.84,Morning,Weekday
2025-02-26 13:00:00,28.43,94.55,60.33,Morning,Weekday
2025-02-26 14:00:00,25.54,82.58,43.13,Evening,Weekday
2025-02-26 15:00:00,31.85,71.28,83.75,Evening,Weekday
2025-02-26 16:00:00,38.25,83.84,67.88,Evening,Weekday
2025-02-26 17:00:00,24.21,60.02,56.55,Evening,Weekday
2025-02-26 18:00:00,32.46,83.09,57.2,Evening,Weekday
2025-02-26 19:00:00,32.63,56.03,54.51,Evening,Weekday
2025-02-26 20:00:00,34.66,47.09,62.77,Evening,Weekday
2025-02-26 21:00:00,22.63,81.03,56.85,Evening,Weekday
2025-02-26 22:00:00,34.32,59.38,67.4,Night,Weekday
2025-02-26 23:00:00,38.18,98.7,78.68,Night,Weekday
2025-02-27 00:00:00,23.59,54.46,73.72,Night,Weekday
2025-02-27 01:00:00,24.75,94.52,54.72,Night,Weekday
2025-02-27 02:00:00,39.43,95.31,66.44,Night,Weekday
2025-02-27 03:00:00,23.62,46.93,82.01,Night,Weekday
2025-02-27 04:00:00,37.09,85.88,43.41,Night,Weekday
2025-02-27 05:00:00,29.85,60.32,43.91,Night,Weekday
2025-02-27 06:00:00,24.94,94.23,67.81,Morning,Weekday
2025-02-27 07:00:00,37.41,61.51,71.96,Morning,Weekday
2025-02-27 08:00:00,28.91,82.1,50.57,Morning,Weekday
2025-02-27 09:00:00,30.3,62.69,77.26,Morning,Weekday
2025-02-27 10:00:00,27.18,45.95,72.31,Morning,Weekday
2025-02-27 11:00:00,31.86,43.95,86.16,Morning,Weekday
2025-02-27 12:00:00,23.27,59.78,48.45,Morning,Weekday
2025-02-27 13:00:00,27.82,82.88,77.57,Morning,Weekday
2025-02-27 14:00:00,39.39,72.36,44.18,Evening,Weekday
2025-02-27 15:00:00,25.16,78.2,68.26,Evening,Weekday
2025-02-27 16:00:00,33.13,49.76,67.59,Evening,Weekday
2025-02-27 17:00:00,26.5,63.7,59.42,Evening,Weekday
2025-02-27 18:00:00,35.47,33.11,82.23,Evening,Weekday
2025-02-27 19:00:00,22.62,87.23,40.22,Evening,Weekday
2025-02-27 20:00:00,39.4,99.29,66.01,Evening,Weekday
2025-02-27 21:00:00,29.08,58.48,50.86,Evening,Weekday
2025-02-27 22:00:00,24.72,30.77,77.17,Night,Weekday
2025-02-27 23:00:00,21.47,41.89,42.15,Night,Weekday
2025-02-28 00:00:00,23.4,75.68,81.58,Night,Weekday
2025-02-28 01:00:00,30.4,72.85,81.9,Night,Weekday
2025-02-28 02:00:00,26.74,85.15,81.64,Night,Weekday
2025-02-28 03:00:00,36.58,47.77,47.63,Night,Weekday
2025-02-28 04:00:00,28.62,83.45,71.52,Night,Weekday
2025-02-28 05:00:00,24.97,78.16,40.72,Night,Weekday
2025-02-28 06:00:00,32.34,52.6,82.4,Morning,Weekday
2025-02-28 07:00:00,34.14,68.18,76.15,Morning,Weekday
2025-02-28 08:00:00,23.34,40.31,66.56,Morning,Weekday
2025-02-28 09:00:00,23.35,61.68,76.53,Morning,Weekday
2025-02-28 10:00:00,20.73,91.68,44.72,Morning,Weekday
2025-02-28 11:00:00,34.73,59.48,66.43,Morning,Weekday
2025-02-28 12:00:00,33.28,88.77,54.56,Morning,Weekday
2025-02-28 13:00:00,29.49,71.32,88.63,Morning,Weekday
2025-02-28 14:00:00,36.88,43.43,82.86,Evening,Weekday
2025-02-28 15:00:00,36.11,70.68,76.66,Evening,Weekday
2025-02-28 16:00:00,31.71,65.42,86.69,Evening,Weekday
2025-02-28 17:00:00,37.37,57.9,57.34,Evening,Weekday
2025-02-28 18:00:00,24.12,38.37,85.04,Evening,Weekday
2025-02-28 19:00:00,22.24,59.17,56.26,Evening,Weekday
2025-02-28 20:00:00,25.39,35.09,76.64,Evening,Weekday
2025-02-28 21:00:00,21.14,36.91,76.82,Evening,Weekday
2025-02-28 22:00:00,30.62,59.11,40.92,Night,Weekday
2025-02-28 23:00:00,38.73,51.38,58.05,Night,Weekday
2025-03-01 00:00:00,20.79,94.79,40.97,Night,Weekend
2025-03-01 01:00:00,22.44,56.3,89.85,Night,Weekend
2025-03-01 02:00:00,29.04,83.05,46.11,Night,Weekend
2025-03-01 03:00:00,38.68,67.12,67.14,Night,Weekend
2025-03-01 04:00:00,26.32,79.29,79.53,Night,Weekend
2025-03-01 05:00:00,30.14,48.21,50.06,Night,Weekend
2025-03-01 06:00:00,20.83,95.93,64.25,Morning,Weekend
2025-03-01 07:00:00,22.97,67.11,70.37,Morning,Weekend
2025-03-01 08:00:00,39.73,88.19,48.01,Morning,Weekend
2025-03-01 09:00:00,39.3,55.55,78.93,Morning,Weekend
2025-03-01 10:00:00,20.1,37.01,54.97,Morning,Weekend
2025-03-01 11:00:00,39.04,77.16,50.55,Morning,Weekend
2025-03-01 12:00:00,32.78,30.54,67.91,Morning,Weekend
2025-03-01 13:00:00,37.36,63.27,60.52,Morning,Weekend
2025-03-01 14:00:00,29.09,43.5,86.01,Evening,Weekend
2025-03-01 15:00:00,30.31,73.92,84.0,Evening,Weekend
2025-03-01 16:00:00,29.78,98.56,64.17,Evening,Weekend
2025-03-01 17:00:00,33.34,62.51,57.96,Evening,Weekend
2025-03-01 18:00:00,22.79,87.22,56.28,Evening,Weekend
2025-03-01 19:00:00,20.6,65.54,53.38,Evening,Weekend
2025-03-01 20:00:00,26.16,64.71,67.23,Evening,Weekend
2025-03-01 21:00:00,34.09,95.13,80.25,Evening,Weekend
2025-03-01 22:00:00,24.04,92.3,55.54,Night,Weekend
2025-03-01 23:00:00,33.47,85.01,49.5,Night,Weekend
2025-03-02 00:00:00,39.4,50.74,63.77,Night,Weekend
2025-03-02 01:00:00,21.88,68.15,43.45,Night,Weekend
2025-03-02 02:00:00,33.45,45.67,75.06,Night,Weekend
2025-03-02 03:00:00,28.88,61.07,65.92,Night,Weekend
2025-03-02 04:00:00,37.36,63.89,64.82,Night,Weekend
2025-03-02 05:00:00,23.54,88.21,55.02,Night,Weekend
2025-03-02 06:00:00,33.85,92.72,85.23,Morning,Weekend
2025-03-02 07:00:00,36.76,59.02,44.52,Morning,Weekend
2025-03-02 08:00:00,38.89,31.24,83.49,Morning,Weekend
2025-03-02 09:00:00,33.66,90.32,58.84,Morning,Weekend
2025-03-02 10:00:00,29.94,42.2,84.03,Morning,Weekend
2025-03-02 11:00:00,32.36,73.53,76.44,Morning,Weekend
2025-03-02 12:00:00,37.38,31.75,45.21,Morning,Weekend
2025-03-02 13:00:00,31.41,57.97,81.58,Morning,Weekend
2025-03-02 14:00:00,20.61,99.02,74.11,Evening,Weekend
2025-03-02 15:00:00,38.62,37.05,41.62,Evening,Weekend
2025-03-02 16:00:00,33.79,59.66,46.69,Evening,Weekend
2025-03-02 17:00:00,33.53,51.5,71.78,Evening,Weekend
2025-03-02 18:00:00,24.31,93.36,73.13,Evening,Weekend
2025-03-02 19:00:00,33.18,90.85,77.33,Evening,Weekend
2025-03-02 20:00:00,27.88,46.64,76.01,Evening,Weekend
2025-03-02 21:00:00,33.02,35.68,72.98,Evening,Weekend
2025-03-02 22:00:00,22.13,73.9,78.31,Night,Weekend
2025-03-02 23:00:00,33.16,53.55,68.75,Night,Weekend
2025-03-03 00:00:00,39.99,77.05,53.04,Night,Weekday
2025-03-03 01:00:00,20.96,32.25,85.62,Night,Weekday
2025-03-03 02:00:00,39.54,39.34,40.91,Night,Weekday
2025-03-03 03:00:00,28.14,78.05,58.33,Night,Weekday
2025-03-03 04:00:00,37.42,44.87,76.44,Night,Weekday
2025-03-03 05:00:00,35.65,90.03,61.36,Night,Weekday
2025-03-03 06:00:00,31.34,34.1,41.24,Morning,Weekday
2025-03-03 07:00:00,34.77,45.08,43.3,Morning,Weekday
2025-03-03 08:00:00,37.57,99.9,72.43,Morning,Weekday
2025-03-03 09:00:00,28.08,60.32,88.24,Morning,Weekday
2025-03-03 10:00:00,26.54,79.21,67.59,Morning,Weekday
2025-03-03 11:00:00,33.35,42.79,65.34,Morning,Weekday
2025-03-03 12:00:00,36.16,72.69,55.92,Morning,Weekday
2025-03-03 13:00:00,35.25,80.83,52.83,Morning,Weekday
2025-03-03 14:00:00,35.96,52.01,41.05,Evening,Weekday
2025-03-03 15:00:00,28.71,88.02,53.65,Evening,Weekday
2025-03-03 16:00:00,36.36,72.24,62.46,Evening,Weekday
2025-03-03 17:00:00,22.4,57.24,49.9,Evening,Weekday
2025-03-03 18:00:00,30.89,69.03,44.37,Evening,Weekday
2025-03-03 19:00:00,20.12,70.37,75.89,Evening,Weekday
2025-03-03 20:00:00,26.49,41.59,84.73,Evening,Weekday
2025-03-03 21:00:00,27.33,58.19,86.84,Evening,Weekday
2025-03-03 22:00:00,27.92,54.04,70.9,Night,Weekday
2025-03-03 23:00:00,33.91,58.06,42.64,Night,Weekday
2025-03-04 00:00:00,27.77,83.28,77.04,Night,Weekday
2025-03-04 01:00:00,28.97,63.78,45.5,Night,Weekday
2025-03-04 02:00:00,24.75,95.82,73.49,Night,Weekday
2025-03-04 03:00:00,27.47,50.56,78.97,Night,Weekday
2025-03-04 04:00:00,24.55,59.1,76.29,Night,Weekday
2025-03-04 05:00:00,21.46,85.09,87.59,Night,Weekday
2025-03-04 06:00:00,32.07,68.22,76.91,Morning,Weekday
2025-03-04 07:00:00,33.36,68.29,74.66,Morning,Weekday
2025-03-04 08:00:00,32.39,33.73,53.09,Morning,Weekday
2025-03-04 09:00:00,29.27,57.9,86.24,Morning,Weekday
2025-03-04 10:00:00,27.6,48.95,48.98,Morning,Weekday
2025-03-04 11:00:00,37.27,99.95,85.24,Morning,Weekday
2025-03-04 12:00:00,30.38,51.58,55.63,Morning,Weekday
2025-03-04 13:00:00,29.58,91.91,46.51,Morning,Weekday
2025-03-04 14:00:00,20.51,77.34,81.33,Evening,Weekday
2025-03-04 15:00:00,26.82,53.86,40.12,Evening,Weekday
2025-03-04 16:00:00,27.6,68.05,81.6,Evening,Weekday
2025-03-04 17:00:00,27.98,88.84,53.12,Evening,Weekday
2025-03-04 18:00:00,31.6,91.84,84.24,Evening,Weekday
2025-03-04 19:00:00,30.67,41.23,74.57,Evening,Weekday
2025-03-04 20:00:00,32.16,53.77,73.31,Evening,Weekday
2025-03-04 21:00:00,35.3,53.47,58.27,Evening,Weekday
2025-03-04 22:00:00,36.26,32.94,42.97,Night,Weekday
2025-03-04 23:00:00,34.36,71.88,81.5,Night,Weekday
2025-03-05 00:00:00,39.11,89.84,48.55,Night,Weekday
2025-03-05 01:00:00,20.36,56.71,58.61,Night,Weekday
2025-03-05 02:00:00,23.92,81.8,70.02,Night,Weekday
2025-03-05 03:00:00,20.15,73.94,64.11,Night,Weekday
2025-03-05 04:00:00,32.95,56.3,49.93,Night,Weekday
2025-03-05 05:00:00,37.96,39.87,47.03,Night,Weekday
2025-03-05 06:00:00,24.87,79.65,46.16,Morning,Weekday
2025-03-05 07:00:00,38.54,89.82,83.15,Morning,Weekday
2025-03-05 08:00:00,21.21,78.01,41.58,Morning,Weekday
2025-03-05 09:00:00,38.69,31.25,88.85,Morning,Weekday
2025-03-05 10:00:00,27.03,45.14,49.93,Morning,Weekday
2025-03-05 11:00:00,22.03,34.86,45.52,Morning,Weekday
2025-03-05 12:00:00,29.72,69.93,68.85,Morning,Weekday
2025-03-05 13:00:00,25.14,82.95,44.0,Morning,Weekday
2025-03-05 14:00:00,25.7,37.74,70.12,Evening,Weekday
2025-03-05 15:00:00,26.15,88.68,82.53,Evening,Weekday
2025-03-05 16:00:00,36.06,68.89,42.39,Evening,Weekday
2025-03-05 17:00:00,30.78,78.3,79.99,Evening,Weekday
2025-03-05 18:00:00,26.23,98.0,59.72,Evening,Weekday
2025-03-05 19:00:00,32.21,35.86,47.97,Evening,Weekday
2025-03-05 20:00:00,34.32,93.09,48.8,Evening,Weekday
2025-03-05 21:00:00,25.45,38.83,85.94,Evening,Weekday
2025-03-05 22:00:00,28.27,57.51,45.53,Night,Weekday
2025-03-05 23:00:00,22.44,89.6,83.34,Night,Weekday
2025-03-06 00:00:00,23.62,93.44,67.21,Night,Weekday
2025-03-06 01:00:00,33.62,65.45,41.95,Night,Weekday
2025-03-06 02:00:00,23.63,71.59,63.22,Night,Weekday
2025-03-06 03:00:00,30.5,79.57,80.87,Night,Weekday
2025-03-06 04:00:00,34.18,88.29,76.31,Night,Weekday
2025-03-06 05:00:00,22.14,38.51,64.44,Night,Weekday
2025-03-06 06:00:00,31.35,86.7,83.0,Morning,Weekday
2025-03-06 07:00:00,25.13,63.69,46.02,Morning,Weekday
2025-03-06 08:00:00,39.26,61.54,85.5,Morning,Weekday
2025-03-06 09:00:00,29.67,59.67,82.32,Morning,Weekday
2025-03-06 10:00:00,36.12,65.64,75.41,Morning,Weekday
2025-03-06 11:00:00,31.0,96.15,80.89,Morning,Weekday
2025-03-06 12:00:00,20.87,68.37,67.19,Morning,Weekday
2025-03-06 13:00:00,32.66,96.72,73.76,Morning,Weekday
2025-03-06 14:00:00,39.03,42.62,68.03,Evening,Weekday
2025-03-06 15:00:00,32.03,80.69,57.77,Evening,Weekday
2025-03-06 16:00:00,36.38,86.86,68.44,Evening,Weekday
2025-03-06 17:00:00,37.68,77.54,52.87,Evening,Weekday
2025-03-06 18:00:00,24.56,72.48,62.01,Evening,Weekday
2025-03-06 19:00:00,24.24,69.54,54.04,Evening,Weekday
2025-03-06 20:00:00,32.22,90.27,46.14,Evening,Weekday
2025-03-06 21:00:00,28.22,87.52,56.09,Evening,Weekday
2025-03-06 22:00:00,36.8,38.56,82.6,Night,Weekday
2025-03-06 23:00:00,38.0,89.4,59.05,Night,Weekday
2025-03-07 00:00:00,27.07,58.98,77.4,Night,Weekday
2025-03-07 01:00:00,24.74,47.76,48.76,Night,Weekday
2025-03-07 02:00:00,35.61,90.88,61.22,Night,Weekday
2025-03-07 03:00:00,25.5,60.24,45.74,Night,Weekday
2025-03-07 04:00:00,36.45,86.59,46.93,Night,Weekday
2025-03-07 05:00:00,28.47,48.44,70.87,Night,Weekday
2025-03-07 06:00:00,33.35,30.28,70.37,Morning,Weekday
2025-03-07 07:00:00,21.91,64.68,50.67,Morning,Weekday
2025-03-07 08:00:00,32.48,37.02,63.72,Morning,Weekday
2025-03-07 09:00:00,29.04,82.81,83.17,Morning,Weekday
2025-03-07 10:00:00,31.73,49.33,48.71,Morning,Weekday
2025-03-07 11:00:00,23.36,61.06,40.96,Morning,Weekday
2025-03-07 12:00:00,34.74,36.09,72.6,Morning,Weekday
2025-03-07 13:00:00,37.26,50.07,42.67,Morning,Weekday
2025-03-07 14:00:00,24.33,84.7,89.0,Evening,Weekday
2025-03-07 15:00:00,21.91,40.61,70.48,Evening,Weekday
2025-03-07 16:00:00,20.47,75.3,63.52,Evening,Weekday
2025-03-07 17:00:00,32.84,94.22,61.5,Evening,Weekday
2025-03-07 18:00:00,32.14,77.59,68.65,Evening,Weekday
2025-03-07 19:00:00,30.93,86.77,44.53,Evening,Weekday
2025-03-07 20:00:00,24.64,37.63,86.5,Evening,Weekday
2025-03-07 21:00:00,27.82,47.55,71.28,Evening,Weekday
2025-03-07 22:00:00,31.89,92.62,49.2,Night,Weekday
2025-03-07 23:00:00,29.94,80.06,68.13,Night,Weekday
2025-03-08 00:00:00,39.76,74.77,46.66,Night,Weekend
2025-03-08 01:00:00,22.73,76.46,40.88,Night,Weekend
2025-03-08 02:00:00,33.9,58.99,71.53,Night,Weekend
2025-03-08 03:00:00,28.09,33.12,72.42,Night,Weekend
2025-03-08 04:00:00,28.56,84.91,69.18,Night,Weekend
2025-03-08 05:00:00,34.35,77.51,49.17,Night,Weekend
2025-03-08 06:00:00,33.85,63.1,70.17,Morning,Weekend
2025-03-08 07:00:00,39.83,92.98,42.83,Morning,Weekend
2025-03-08 08:00:00,22.57,53.53,70.46,Morning,Weekend
2025-03-08 09:00:00,22.08,50.6,67.7,Morning,Weekend
2025-03-08 10:00:00,34.49,91.1,72.76,Morning,Weekend
2025-03-08 11:00:00,31.57,85.79,84.77,Morning,Weekend
2025-03-08 12:00:00,25.48,66.05,82.52,Morning,Weekend
2025-03-08 13:00:00,21.59,39.15,89.03,Morning,Weekend
2025-03-08 14:00:00,21.71,45.06,88.81,Evening,Weekend
2025-03-08 15:00:00,37.88,75.94,78.62,Evening,Weekend
2025-03-08 16:00:00,23.84,56.95,87.82,Evening,Weekend
2025-03-08 17:00:00,26.47,88.55,83.36,Evening,Weekend
2025-03-08 18:00:00,24.53,96.5,76.38,Evening,Weekend
2025-03-08 19:00:00,27.1,86.39,43.77,Evening,Weekend
2025-03-08 20:00:00,21.39,56.43,42.45,Evening,Weekend
2025-03-08 21:00:00,30.38,85.21,81.88,Evening,Weekend
2025-03-08 22:00:00,21.35,54.6,64.48,Night,Weekend
2025-03-08 23:00:00,36.01,41.7,80.73,Night,Weekend
2025-03-09 00:00:00,24.67,32.34,55.65,Night,Weekend
2025-03-09 01:00:00,30.8,57.0,59.88,Night,Weekend
2025-03-09 02:00:00,37.6,93.25,75.01,Night,Weekend
2025-03-09 03:00:00,33.02,46.73,85.77,Night,Weekend
2025-03-09 04:00:00,30.66,44.46,44.39,Night,Weekend
2025-03-09 05:00:00,26.49,97.89,83.07,Night,Weekend
2025-03-09 06:00:00,26.66,31.75,79.65,Morning,Weekend
2025-03-09 07:00:00,33.39,85.0,55.78,Morning,Weekend
2025-03-09 08:00:00,39.88,52.5,57.76,Morning,Weekend
2025-03-09 09:00:00,33.24,32.62,42.32,Morning,Weekend
2025-03-09 10:00:00,31.16,94.25,40.79,Morning,Weekend
2025-03-09 11:00:00,34.61,39.77,63.85,Morning,Weekend
2025-03-09 12:00:00,29.3,68.62,44.78,Morning,Weekend
2025-03-09 13:00:00,21.2,49.18,49.7,Morning,Weekend
2025-03-09 14:00:00,31.25,34.56,82.34,Evening,Weekend
2025-03-09 15:00:00,39.15,33.49,68.55,Evening,Weekend
2025-03-09 16:00:00,23.51,38.09,71.68,Evening,Weekend
2025-03-09 17:00:00,33.8,35.0,49.37,Evening,Weekend
2025-03-09 18:00:00,24.02,83.24,81.43,Evening,Weekend
2025-03-09 19:00:00,30.72,63.99,83.4,Evening,Weekend
2025-03-09 20:00:00,21.93,54.0,66.17,Evening,Weekend
2025-03-09 21:00:00,29.01,59.29,85.63,Evening,Weekend
2025-03-09 22:00:00,35.12,95.03,82.24,Night,Weekend
2025-03-09 23:00:00,26.95,93.75,76.57,Night,Weekend
2025-03-10 00:00:00,33.3,80.1,76.7,Night,Weekday
2025-03-10 01:00:00,35.91,91.93,45.27,Night,Weekday
2025-03-10 02:00:00,38.54,52.38,53.54,Night,Weekday
2025-03-10 03:00:00,24.69,56.68,43.34,Night,Weekday
2025-03-10 04:00:00,27.99,72.96,40.43,Night,Weekday
2025-03-10 05:00:00,23.05,73.65,47.92,Night,Weekday
2025-03-10 06:00:00,39.85,63.72,84.02,Morning,Weekday
2025-03-10 07:00:00,38.54,58.05,51.99,Morning,Weekday
2025-03-10 08:00:00,30.8,99.03,88.51,Morning,Weekday
2025-03-10 09:00:00,36.84,87.48,69.86,Morning,Weekday
2025-03-10 10:00:00,30.42,60.45,51.86,Morning,Weekday
2025-03-10 11:00:00,32.47,80.91,64.86,Morning,Weekday
2025-03-10 12:00:00,21.78,48.87,50.95,Morning,Weekday
2025-03-10 13:00:00,35.11,37.01,89.2,Morning,Weekday
2025-03-10 14:00:00,22.55,54.67,82.36,Evening,Weekday
2025-03-10 15:00:00,36.52,58.21,41.31,Evening,Weekday
2025-03-10 16:00:00,35.64,31.16,87.39,Evening,Weekday
2025-03-10 17:00:00,34.17,87.04,76.05,Evening,Weekday
2025-03-10 18:00:00,20.72,55.14,44.12,Evening,Weekday
2025-03-10 19:00:00,26.06,70.63,73.53,Evening,Weekday
2025-03-10 20:00:00,25.26,35.18,72.35,Evening,Weekday
2025-03-10 21:00:00,27.2,42.25,50.94,Evening,Weekday
2025-03-10 22:00:00,21.75,92.28,77.92,Night,Weekday
2025-03-10 23:00:00,38.74,72.61,44.35,Night,Weekday
2025-03-11 00:00:00,31.08,96.52,64.47,Night,Weekday
2025-03-11 01:00:00,26.11,99.91,40.5,Night,Weekday
2025-03-11 02:00:00,27.94,56.03,88.44,Night,Weekday
2025-03-11 03:00:00,28.94,50.92,77.58,Night,Weekday
2025-03-11 04:00:00,32.01,90.08,47.94,Night,Weekday
2025-03-11 05:00:00,30.31,99.9,57.08,Night,Weekday
2025-03-11 06:00:00,38.39,74.07,48.03,Morning,Weekday
2025-03-11 07:00:00,29.94,85.66,78.33,Morning,Weekday
2025-03-11 08:00:00,39.84,84.72,42.94,Morning,Weekday
2025-03-11 09:00:00,37.03,54.87,82.02,Morning,Weekday
2025-03-11 10:00:00,24.17,70.2,87.11,Morning,Weekday
2025-03-11 11:00:00,38.61,88.31,73.83,Morning,Weekday
2025-03-11 12:00:00,22.33,78.17,50.65,Morning,Weekday
2025-03-11 13:00:00,36.35,31.48,58.0,Morning,Weekday
2025-03-11 14:00:00,27.61,53.57,63.86,Evening,Weekday
2025-03-11 15:00:00,37.56,40.11,70.23,Evening,Weekday
2025-03-11 16:00:00,37.36,46.31,73.43,Evening,Weekday
2025-03-11 17:00:00,36.12,93.38,67.71,Evening,Weekday
2025-03-11 18:00:00,35.8,32.58,57.57,Evening,Weekday
2025-03-11 19:00:00,26.09,45.39,84.55,Evening,Weekday
2025-03-11 20:00:00,21.62,51.67,44.07,Evening,Weekday
2025-03-11 21:00:00,28.06,73.18,63.31,Evening,Weekday
2025-03-11 22:00:00,23.47,67.39,78.78,Night,Weekday
2025-03-11 23:00:00,33.9,45.28,43.04,Night,Weekday
2025-03-12 00:00:00,26.92,41.5,75.27,Night,Weekday
2025-03-12 01:00:00,39.51,46.58,80.99,Night,Weekday
2025-03-12 02:00:00,32.82,65.18,73.04,Night,Weekday
2025-03-12 03:00:00,36.45,48.98,40.65,Night,Weekday
2025-03-12 04:00:00,22.65,96.33,49.01,Night,Weekday
2025-03-12 05:00:00,37.24,62.47,57.11,Night,Weekday
2025-03-12 06:00:00,38.46,34.12,51.68,Morning,Weekday
2025-03-12 07:00:00,29.74,81.05,88.13,Morning,Weekday
2025-03-12 08:00:00,32.13,53.02,72.58,Morning,Weekday
2025-03-12 09:00:00,35.3,75.74,54.85,Morning,Weekday
2025-03-12 10:00:00,23.5,49.57,86.48,Morning,Weekday
2025-03-12 11:00:00,30.05,69.95,77.03,Morning,Weekday
2025-03-12 12:00:00,27.97,84.05,54.23,Morning,Weekday
2025-03-12 13:00:00,22.93,94.96,58.94,Morning,Weekday
2025-03-12 14:00:00,27.35,48.28,49.97,Evening,Weekday
2025-03-12 15:00:00,21.36,53.44,88.55,Evening,Weekday
2025-03-12 16:00:00,20.52,62.5,65.86,Evening,Weekday
2025-03-12 17:00:00,22.7,94.9,84.8,Evening,Weekday
2025-03-12 18:00:00,39.26,93.1,57.32,Evening,Weekday
2025-03-12 19:00:00,30.99,36.29,83.04,Evening,Weekday
2025-03-12 20:00:00,39.32,39.24,42.69,Evening,Weekday
2025-03-12 21:00:00,28.65,64.69,89.1,Evening,Weekday
2025-03-12 22:00:00,26.24,37.46,85.6,Night,Weekday
2025-03-12 23:00:00,30.12,54.19,58.16,Night,Weekday
2025-03-13 00:00:00,28.79,40.39,78.74,Night,Weekday
2025-03-13 01:00:00,22.11,74.52,77.61,Night,Weekday
2025-03-13 02:00:00,32.82,96.46,85.06,Night,Weekday
2025-03-13 03:00:00,24.32,99.77,55.36,Night,Weekday
2025-03-13 04:00:00,32.39,56.27,63.28,Night,Weekday
2025-03-13 05:00:00,33.0,71.93,83.25,Night,Weekday
2025-03-13 06:00:00,23.04,89.94,78.93,Morning,Weekday
2025-03-13 07:00:00,21.23,38.22,59.67,Morning,Weekday
2025-03-13 08:00:00,35.62,78.27,82.29,Morning,Weekday
2025-03-13 09:00:00,29.2,58.62,42.35,Morning,Weekday
2025-03-13 10:00:00,21.16,44.43,79.1,Morning,Weekday
2025-03-13 11:00:00,39.9,58.19,50.34,Morning,Weekday
2025-03-13 12:00:00,21.16,35.32,54.31,Morning,Weekday
2025-03-13 13:00:00,33.9,78.68,64.66,Morning,Weekday
2025-03-13 14:00:00,39.67,47.69,62.49,Evening,Weekday
2025-03-13 15:00:00,24.78,51.8,66.03,Evening,Weekday
2025-03-13 16:00:00,22.84,38.48,67.24,Evening,Weekday
2025-03-13 17:00:00,22.43,90.53,56.58,Evening,Weekday
2025-03-13 18:00:00,26.07,64.54,48.76,Evening,Weekday
2025-03-13 19:00:00,22.02,70.05,78.42,Evening,Weekday
2025-03-13 20:00:00,33.84,69.86,60.0,Evening,Weekday
2025-03-13 21:00:00,21.25,58.73,65.29,Evening,Weekday
2025-03-13 22:00:00,30.19,43.48,72.23,Night,Weekday
2025-03-13 23:00:00,39.93,82.16,85.48,Night,Weekday
2025-03-14 00:00:00,36.28,38.89,75.38,Night,Weekday
2025-03-14 01:00:00,32.3,37.27,42.27,Night,Weekday
2025-03-14 02:00:00,26.13,79.71,81.93,Night,Weekday
2025-03-14 03:00:00,32.48,44.62,89.47,Night,Weekday
2025-03-14 04:00:00,30.54,51.47,63.62,Night,Weekday
2025-03-14 05:00:00,28.52,63.27,88.48,Night,Weekday
2025-03-14 06:00:00,22.61,61.45,67.37,Morning,Weekday
2025-03-14 07:00:00,37.73,79.6,62.98,Morning,Weekday
2025-03-14 08:00:00,29.0,73.64,56.57,Morning,Weekday
2025-03-14 09:00:00,23.89,75.11,72.88,Morning,Weekday
2025-03-14 10:00:00,27.36,79.98,51.49,Morning,Weekday
2025-03-14 11:00:00,28.28,50.48,45.25,Morning,Weekday
2025-03-14 12:00:00,36.55,52.56,41.36,Morning,Weekday
2025-03-14 13:00:00,34.67,60.66,54.62,Morning,Weekday
2025-03-14 14:00:00,35.39,51.52,59.79,Evening,Weekday
2025-03-14 15:00:00,20.22,98.95,67.6,Evening,Weekday
2025-03-14 16:00:00,28.32,86.98,54.64,Evening,Weekday
2025-03-14 17:00:00,29.63,41.53,89.2,Evening,Weekday
2025-03-14 18:00:00,20.38,30.39,54.59,Evening,Weekday
2025-03-14 19:00:00,25.2,32.99,62.05,Evening,Weekday
2025-03-14 20:00:00,35.21,47.08,45.16,Evening,Weekday
2025-03-14 21:00:00,22.74,38.0,53.03,Evening,Weekday
2025-03-14 22:00:00,30.71,67.33,42.42,Night,Weekday
2025-03-14 23:00:00,24.3,90.06,67.98,Night,Weekday
2025-03-15 00:00:00,20.24,81.57,77.55,Night,Weekend
2025-03-15 01:00:00,24.82,45.09,49.79,Night,Weekend
2025-03-15 02:00:00,39.52,57.95,58.4,Night,Weekend
2025-03-15 03:00:00,36.03,65.55,40.83,Night,Weekend
2025-03-15 04:00:00,39.19,86.71,81.98,Night,Weekend
2025-03-15 05:00:00,29.76,88.74,79.0,Night,Weekend
2025-03-15 06:00:00,22.19,93.68,43.16,Morning,Weekend
2025-03-15 07:00:00,30.96,65.65,58.24,Morning,Weekend
2025-03-15 08:00:00,29.09,78.6,87.76,Morning,Weekend
2025-03-15 09:00:00,36.89,37.83,59.6,Morning,Weekend
2025-03-15 10:00:00,21.96,69.57,66.31,Morning,Weekend
2025-03-15 11:00:00,29.76,47.41,57.76,Morning,Weekend
2025-03-15 12:00:00,23.0,60.22,69.81,Morning,Weekend
2025-03-15 13:00:00,26.49,74.38,88.91,Morning,Weekend
2025-03-15 14:00:00,34.75,47.99,89.88,Evening,Weekend
2025-03-15 15:00:00,29.52,33.65,78.74,Evening,Weekend
2025-03-15 16:00:00,27.52,30.72,60.22,Evening,Weekend
2025-03-15 17:00:00,27.89,31.55,64.72,Evening,Weekend
2025-03-15 18:00:00,29.19,30.58,57.84,Evening,Weekend
2025-03-15 19:00:00,35.7,37.72,89.28,Evening,Weekend
2025-03-15 20:00:00,37.84,46.76,75.39,Evening,Weekend
2025-03-15 21:00:00,39.11,45.49,62.45,Evening,Weekend
2025-03-15 22:00:00,35.74,99.08,40.61,Night,Weekend
2025-03-15 23:00:00,26.31,51.42,66.02,Night,Weekend
2025-03-16 00:00:00,33.76,38.92,89.2,Night,Weekend
2025-03-16 01:00:00,28.75,68.19,66.15,Night,Weekend
2025-03-16 02:00:00,25.09,90.06,49.12,Night,Weekend
2025-03-16 03:00:00,36.82,77.46,41.1,Night,Weekend
2025-03-16 04:00:00,20.77,50.73,57.74,Night,Weekend
2025-03-16 05:00:00,38.04,69.31,85.91,Night,Weekend
2025-03-16 06:00:00,29.23,80.04,89.83,Morning,Weekend
2025-03-16 07:00:00,32.74,80.97,87.27,Morning,Weekend
2025-03-16 08:00:00,33.19,76.66,76.47,Morning,Weekend
2025-03-16 09:00:00,37.9,90.96,67.91,Morning,Weekend
2025-03-16 10:00:00,32.73,90.91,69.53,Morning,Weekend
2025-03-16 11:00:00,32.28,70.53,66.95,Morning,Weekend
2025-03-16 12:00:00,21.33,60.09,75.35,Morning,Weekend
2025-03-16 13:00:00,30.37,74.91,60.94,Morning,Weekend
2025-03-16 14:00:00,23.0,87.27,73.46,Evening,Weekend
2025-03-16 15:00:00,34.75,30.4,46.08,Evening,Weekend
2025-03-16 16:00:00,30.24,99.44,53.28,Evening,Weekend
2025-03-16 17:00:00,33.6,42.8,81.8,Evening,Weekend
2025-03-16 18:00:00,20.83,62.92,85.19,Evening,Weekend
2025-03-16 19:00:00,21.7,91.04,66.95,Evening,Weekend
2025-03-16 20:00:00,34.33,45.75,41.58,Evening,Weekend
2025-03-16 21:00:00,21.44,63.38,86.35,Evening,Weekend
2025-03-16 22:00:00,21.43,39.28,75.1,Night,Weekend
2025-03-16 23:00:00,20.24,57.66,60.7,Night,Weekend
2025-03-17 00:00:00,39.13,42.4,69.92,Night,Weekday
2025-03-17 01:00:00,34.75,55.45,61.49,Night,Weekday
2025-03-17 02:00:00,27.07,56.14,63.27,Night,Weekday
2025-03-17 03:00:00,25.93,99.52,84.34,Night,Weekday
2025-03-17 04:00:00,26.99,99.64,48.05,Night,Weekday
2025-03-17 05:00:00,35.49,38.04,45.18,Night,Weekday
2025-03-17 06:00:00,33.23,80.82,40.14,Morning,Weekday
2025-03-17 07:00:00,23.7,33.62,55.7,Morning,Weekday
2025-03-17 08:00:00,23.48,32.11,47.37,Morning,Weekday
2025-03-17 09:00:00,21.97,37.37,51.0,Morning,Weekday
2025-03-17 10:00:00,33.21,97.58,40.56,Morning,Weekday
2025-03-17 11:00:00,35.29,95.86,51.36,Morning,Weekday
2025-03-17 12:00:00,25.3,43.57,56.64,Morning,Weekday
2025-03-17 13:00:00,20.42,41.32,41.58,Morning,Weekday
2025-03-17 14:00:00,21.64,46.84,70.4,Evening,Weekday
2025-03-17 15:00:00,39.36,66.09,68.44,Evening,Weekday
2025-03-17 16:00:00,25.91,69.88,44.85,Evening,Weekday
2025-03-17 17:00:00,35.38,45.51,69.75,Evening,Weekday
2025-03-17 18:00:00,32.49,82.96,89.93,Evening,Weekday
2025-03-17 19:00:00,27.64,51.67,87.22,Evening,Weekday
2025-03-17 20:00:00,24.11,94.55,40.13,Evening,Weekday
2025-03-17 21:00:00,22.43,75.97,79.77,Evening,Weekday
2025-03-17 22:00:00,32.3,60.54,57.68,Night,Weekday
2025-03-17 23:00:00,35.49,85.29,43.18,Night,Weekday
2025-03-18 00:00:00,32.88,87.25,54.8,Night,Weekday
2025-03-18 01:00:00,30.61,50.33,56.09,Night,Weekday
2025-03-18 02:00:00,20.84,53.78,66.16,Night,Weekday
2025-03-18 03:00:00,39.37,95.52,73.05,Night,Weekday
2025-03-18 04:00:00,35.97,41.53,77.45,Night,Weekday
2025-03-18 05:00:00,25.86,32.95,52.3,Night,Weekday
2025-03-18 06:00:00,39.6,61.78,56.09,Morning,Weekday
2025-03-18 07:00:00,32.04,86.08,55.42,Morning,Weekday
2025-03-18 08:00:00,31.65,84.02,58.14,Morning,Weekday
2025-03-18 09:00:00,34.96,94.37,89.98,Morning,Weekday
2025-03-18 10:00:00,36.24,67.32,78.9,Morning,Weekday
2025-03-18 11:00:00,33.13,37.0,88.75,Morning,Weekday
2025-03-18 12:00:00,22.56,71.21,74.66,Morning,Weekday
2025-03-18 13:00:00,26.77,84.49,60.31,Morning,Weekday
2025-03-18 14:00:00,38.56,36.53,59.49,Evening,Weekday
2025-03-18 15:00:00,24.49,42.09,64.43,Evening,Weekday
2025-03-18 16:00:00,27.44,30.86,60.84,Evening,Weekday
2025-03-18 17:00:00,28.64,71.56,81.42,Evening,Weekday
2025-03-18 18:00:00,28.79,92.07,63.25,Evening,Weekday
2025-03-18 19:00:00,32.26,76.95,54.78,Evening,Weekday
2025-03-18 20:00:00,38.86,98.74,78.74,Evening,Weekday
2025-03-18 21:00:00,24.81,34.41,82.72,Evening,Weekday
2025-03-18 22:00:00,22.43,93.21,61.02,Night,Weekday
2025-03-18 23:00:00,23.95,86.98,73.39,Night,Weekday
2025-03-19 00:00:00,37.74,52.0,42.94,Night,Weekday
2025-03-19 01:00:00,32.92,98.15,66.47,Night,Weekday
2025-03-19 02:00:00,25.72,50.16,42.25,Night,Weekday
2025-03-19 03:00:00,36.32,92.25,41.46,Night,Weekday
2025-03-19 04:00:00,37.23,91.65,70.65,Night,Weekday
2025-03-19 05:00:00,36.93,83.04,55.17,Night,Weekday
2025-03-19 06:00:00,38.38,69.44,77.13,Morning,Weekday
2025-03-19 07:00:00,25.04,38.4,84.8,Morning,Weekday
2025-03-19 08:00:00,35.1,67.24,46.97,Morning,Weekday
2025-03-19 09:00:00,29.21,54.98,76.23,Morning,Weekday
2025-03-19 10:00:00,36.84,85.46,65.73,Morning,Weekday
2025-03-19 11:00:00,34.57,83.07,45.61,Morning,Weekday
2025-03-19 12:00:00,35.53,93.74,72.58,Morning,Weekday
2025-03-19 13:00:00,33.12,31.04,70.47,Morning,Weekday
2025-03-19 14:00:00,23.55,86.64,65.78,Evening,Weekday
2025-03-19 15:00:00,30.9,95.69,86.32,Evening,Weekday
2025-03-19 16:00:00,39.69,85.25,66.05,Evening,Weekday
2025-03-19 17:00:00,38.75,39.11,89.53,Evening,Weekday
2025-03-19 18:00:00,20.86,35.69,65.46,Evening,Weekday
2025-03-19 19:00:00,23.3,31.46,45.79,Evening,Weekday
2025-03-19 20:00:00,22.63,74.01,63.52,Evening,Weekday
2025-03-19 21:00:00,34.52,74.08,49.12,Evening,Weekday
2025-03-19 22:00:00,36.36,99.08,69.86,Night,Weekday
2025-03-19 23:00:00,24.27,57.86,74.66,Night,Weekday
2025-03-20 00:00:00,30.12,53.23,63.42,Night,Weekday
2025-03-20 01:00:00,36.81,73.71,44.89,Night,Weekday
2025-03-20 02:00:00,34.66,87.79,63.43,Night,Weekday
2025-03-20 03:00:00,30.84,95.57,44.07,Night,Weekday
2025-03-20 04:00:00,31.81,86.22,74.11,Night,Weekday
2025-03-20 05:00:00,30.17,59.87,79.52,Night,Weekday
2025-03-20 06:00:00,25.95,74.44,88.12,Morning,Weekday
2025-03-20 07:00:00,31.3,89.94,47.44,Morning,Weekday
2025-03-20 08:00:00,33.78,64.34,66.62,Morning,Weekday
2025-03-20 09:00:00,37.47,45.17,68.38,Morning,Weekday
2025-03-20 10:00:00,32.73,41.88,86.12,Morning,Weekday
2025-03-20 11:00:00,35.22,30.01,71.36,Morning,Weekday
2025-03-20 12:00:00,23.2,80.28,47.28,Morning,Weekday
2025-03-20 13:00:00,29.23,37.78,61.82,Morning,Weekday
2025-03-20 14:00:00,20.19,47.07,72.74,Evening,Weekday
2025-03-20 15:00:00,24.93,50.85,75.01,Evening,Weekday
2025-03-20 16:00:00,34.53,69.23,83.15,Evening,Weekday
2025-03-20 17:00:00,39.84,57.86,49.03,Evening,Weekday
2025-03-20 18:00:00,21.98,77.23,87.58,Evening,Weekday
2025-03-20 19:00:00,28.03,33.89,42.96,Evening,Weekday
2025-03-20 20:00:00,36.0,38.68,89.19,Evening,Weekday
2025-03-20 21:00:00,24.08,64.94,82.89,Evening,Weekday
2025-03-20 22:00:00,31.1,53.59,73.01,Night,Weekday
2025-03-20 23:00:00,34.66,50.71,76.75,Night,Weekday
2025-03-21 00:00:00,32.32,34.69,43.63,Night,Weekday
2025-03-21 01:00:00,23.76,92.7,42.07,Night,Weekday
2025-03-21 02:00:00,27.11,78.43,45.09,Night,Weekday
2025-03-21 03:00:00,35.68,38.51,44.37,Night,Weekday
2025-03-21 04:00:00,31.08,34.55,67.37,Night,Weekday
2025-03-21 05:00:00,20.1,98.24,50.77,Night,Weekday
2025-03-21 06:00:00,35.22,77.68,83.01,Morning,Weekday
2025-03-21 07:00:00,20.71,59.22,62.29,Morning,Weekday
2025-03-21 08:00:00,34.91,79.12,74.78,Morning,Weekday
2025-03-21 09:00:00,24.05,82.94,72.64,Morning,Weekday
2025-03-21 10:00:00,39.16,84.6,55.99,Morning,Weekday
2025-03-21 11:00:00,27.36,63.45,52.16,Morning,Weekday
2025-03-21 12:00:00,26.54,60.09,57.12,Morning,Weekday
2025-03-21 13:00:00,22.98,30.77,79.83,Morning,Weekday
2025-03-21 14:00:00,26.11,94.86,69.31,Evening,Weekday
2025-03-21 15:00:00,37.53,72.23,52.68,Evening,Weekday
2025-03-21 16:00:00,39.93,44.22,80.89,Evening,Weekday
2025-03-21 17:00:00,27.37,94.37,42.74,Evening,Weekday
2025-03-21 18:00:00,28.97,94.05,74.96,Evening,Weekday
2025-03-21 19:00:00,34.44,99.24,61.96,Evening,Weekday
2025-03-21 20:00:00,37.72,91.18,76.56,Evening,Weekday
2025-03-21 21:00:00,31.86,99.84,86.37,Evening,Weekday
2025-03-21 22:00:00,27.83,47.13,77.5,Night,Weekday
2025-03-21 23:00:00,28.25,88.96,62.1,Night,Weekday
2025-03-22 00:00:00,33.91,87.61,47.55,Night,Weekend
2025-03-22 01:00:00,20.06,46.17,80.32,Night,Weekend
2025-03-22 02:00:00,32.39,36.89,63.04,Night,Weekend
2025-03-22 03:00:00,27.11,98.56,43.77,Night,Weekend
2025-03-22 04:00:00,35.88,50.72,75.95,Night,Weekend
2025-03-22 05:00:00,21.86,90.96,54.59,Night,Weekend
2025-03-22 06:00:00,31.76,30.29,42.44,Morning,Weekend
2025-03-22 07:00:00,29.62,31.47,85.14,Morning,Weekend
2025-03-22 08:00:00,32.85,62.61,64.16,Morning,Weekend
2025-03-22 09:00:00,21.3,46.71,54.05,Morning,Weekend
2025-03-22 10:00:00,31.6,78.29,75.82,Morning,Weekend
2025-03-22 11:00:00,31.23,69.59,84.3,Morning,Weekend
2025-03-22 12:00:00,31.21,35.42,40.02,Morning,Weekend
2025-03-22 13:00:00,32.07,41.38,74.39,Morning,Weekend
2025-03-22 14:00:00,33.53,57.16,78.35,Evening,Weekend
2025-03-22 15:00:00,36.1,42.99,50.5,Evening,Weekend
2025-03-22 16:00:00,25.4,85.46,64.48,Evening,Weekend
2025-03-22 17:00:00,36.5,59.12,44.46,Evening,Weekend
2025-03-22 18:00:00,29.97,36.54,77.34,Evening,Weekend
2025-03-22 19:00:00,21.54,63.9,82.37,Evening,Weekend
2025-03-22 20:00:00,21.17,36.36,45.41,Evening,Weekend
2025-03-22 21:00:00,26.68,39.03,80.82,Evening,Weekend
2025-03-22 22:00:00,35.7,46.77,78.58,Night,Weekend
2025-03-22 23:00:00,34.15,90.17,57.35,Night,Weekend
2025-03-23 00:00:00,35.77,94.72,74.51,Night,Weekend
2025-03-23 01:00:00,30.35,87.84,40.0,Night,Weekend
2025-03-23 02:00:00,28.8,53.39,86.59,Night,Weekend
2025-03-23 03:00:00,22.95,49.07,67.52,Night,Weekend
2025-03-23 04:00:00,26.56,68.44,71.02,Night,Weekend
2025-03-23 05:00:00,28.68,80.53,73.23,Night,Weekend
2025-03-23 06:00:00,21.77,99.54,68.07,Morning,Weekend
2025-03-23 07:00:00,24.41,39.21,82.84,Morning,Weekend
2025-03-23 08:00:00,31.96,33.45,70.49,Morning,Weekend
2025-03-23 09:00:00,34.71,78.6,85.39,Morning,Weekend
2025-03-23 10:00:00,39.97,88.26,69.12,Morning,Weekend
2025-03-23 11:00:00,38.66,89.24,48.56,Morning,Weekend
2025-03-23 12:00:00,32.85,77.49,85.68,Morning,Weekend
2025-03-23 13:00:00,28.42,96.78,74.08,Morning,Weekend
2025-03-23 14:00:00,32.72,65.77,74.96,Evening,Weekend
2025-03-23 15:00:00,35.71,93.97,89.27,Evening,Weekend
2025-03-23 16:00:00,22.37,97.75,43.76,Evening,Weekend
2025-03-23 17:00:00,28.2,89.3,61.43,Evening,Weekend
2025-03-23 18:00:00,36.8,51.68,51.95,Evening,Weekend
2025-03-23 19:00:00,27.68,43.74,71.52,Evening,Weekend
2025-03-23 20:00:00,31.44,68.37,80.34,Evening,Weekend
2025-03-23 21:00:00,31.76,61.71,88.32,Evening,Weekend
2025-03-23 22:00:00,23.69,91.44,62.73,Night,Weekend
2025-03-23 23:00:00,27.24,37.0,79.31,Night,Weekend
2025-03-24 00:00:00,26.69,48.04,85.85,Night,Weekday
2025-03-24 01:00:00,20.52,82.63,74.17,Night,Weekday
2025-03-24 02:00:00,20.48,36.65,52.14,Night,Weekday
2025-03-24 03:00:00,36.63,52.45,70.39,Night,Weekday
2025-03-24 04:00:00,25.46,57.1,88.5,Night,Weekday
2025-03-24 05:00:00,30.36,73.58,89.38,Night,Weekday
2025-03-24 06:00:00,25.97,41.07,72.12,Morning,Weekday
2025-03-24 07:00:00,38.81,90.24,84.35,Morning,Weekday
2025-03-24 08:00:00,25.19,61.33,50.02,Morning,Weekday
2025-03-24 09:00:00,28.59,94.19,52.3,Morning,Weekday
2025-03-24 10:00:00,37.45,62.75,87.64,Morning,Weekday
2025-03-24 11:00:00,36.84,49.25,46.76,Morning,Weekday
2025-03-24 12:00:00,23.72,39.93,49.56,Morning,Weekday
2025-03-24 13:00:00,36.05,30.26,61.03,Morning,Weekday
2025-03-24 14:00:00,29.16,67.25,69.48,Evening,Weekday
2025-03-24 15:00:00,29.66,37.5,70.19,Evening,Weekday
2025-03-24 16:00:00,22.67,57.42,54.6,Evening,Weekday
2025-03-24 17:00:00,21.61,71.25,86.03,Evening,Weekday
2025-03-24 18:00:00,34.56,49.3,85.75,Evening,Weekday
2025-03-24 19:00:00,29.93,42.27,59.6,Evening,Weekday
2025-03-24 20:00:00,28.74,84.23,61.71,Evening,Weekday
2025-03-24 21:00:00,34.59,96.28,75.12,Evening,Weekday
2025-03-24 22:00:00,35.31,37.03,73.15,Night,Weekday
2025-03-24 23:00:00,23.18,40.89,59.11,Night,Weekday
2025-03-25 00:00:00,32.2,97.2,60.71,Night,Weekday
2025-03-25 01:00:00,22.71,32.64,57.4,Night,Weekday
2025-03-25 02:00:00,35.03,98.43,51.77,Night,Weekday
2025-03-25 03:00:00,33.14,30.33,62.91,Night,Weekday
2025-03-25 04:00:00,39.13,91.16,74.32,Night,Weekday
2025-03-25 05:00:00,21.38,51.51,77.1,Night,Weekday
2025-03-25 06:00:00,21.14,95.7,78.94,Morning,Weekday
2025-03-25 07:00:00,25.64,52.19,58.74,Morning,Weekday
2025-03-25 08:00:00,25.23,75.8,78.23,Morning,Weekday
2025-03-25 09:00:00,24.94,35.6,40.33,Morning,Weekday
2025-03-25 10:00:00,38.13,46.96,63.85,Morning,Weekday
2025-03-25 11:00:00,24.99,84.16,79.7,Morning,Weekday
2025-03-25 12:00:00,25.44,67.01,71.5,Morning,Weekday
2025-03-25 13:00:00,35.19,94.96,63.7,Morning,Weekday
2025-03-25 14:00:00,28.99,60.01,72.23,Evening,Weekday
2025-03-25 15:00:00,35.53,90.89,85.35,Evening,Weekday
2025-03-25 16:00:00,21.31,61.43,68.32,Evening,Weekday
2025-03-25 17:00:00,29.75,98.55,79.99,Evening,Weekday
2025-03-25 18:00:00,20.67,97.19,89.04,Evening,Weekday
2025-03-25 19:00:00,21.25,53.04,75.28,Evening,Weekday
2025-03-25 20:00:00,38.13,92.01,68.67,Evening,Weekday
2025-03-25 21:00:00,22.78,89.33,41.87,Evening,Weekday
2025-03-25 22:00:00,30.65,44.75,58.72,Night,Weekday
2025-03-25 23:00:00,28.22,73.7,68.27,Night,Weekday
2025-03-26 00:00:00,26.95,35.09,79.86,Night,Weekday
2025-03-26 01:00:00,38.0,88.57,61.91,Night,Weekday
2025-03-26 02:00:00,20.44,42.22,88.0,Night,Weekday
2025-03-26 03:00:00,33.28,34.96,53.59,Night,Weekday
2025-03-26 04:00:00,39.27,58.02,77.23,Night,Weekday
2025-03-26 05:00:00,31.2,70.38,60.95,Night,Weekday
2025-03-26 06:00:00,38.74,89.84,64.3,Morning,Weekday
2025-03-26 07:00:00,21.05,98.2,80.13,Morning,Weekday
2025-03-26 08:00:00,28.38,60.76,54.81,Morning,Weekday
2025-03-26 09:00:00,25.2,34.23,44.84,Morning,Weekday
2025-03-26 10:00:00,34.62,82.44,66.01,Morning,Weekday
2025-03-26 11:00:00,39.63,69.56,66.44,Morning,Weekday
2025-03-26 12:00:00,25.13,61.35,79.86,Morning,Weekday
2025-03-26 13:00:00,33.08,51.65,88.42,Morning,Weekday
2025-03-26 14:00:00,23.96,65.17,42.77,Evening,Weekday
2025-03-26 15:00:00,31.31,53.71,69.58,Evening,Weekday
2025-03-26 16:00:00,29.28,82.99,74.06,Evening,Weekday
2025-03-26 17:00:00,39.44,68.07,89.29,Evening,Weekday
2025-03-26 18:00:00,32.17,91.38,87.13,Evening,Weekday
2025-03-26 19:00:00,26.99,68.05,75.62,Evening,Weekday
2025-03-26 20:00:00,22.28,46.68,66.09,Evening,Weekday
2025-03-26 21:00:00,23.02,89.58,48.08,Evening,Weekday
2025-03-26 22:00:00,24.51,69.01,59.21,Night,Weekday
2025-03-26 23:00:00,25.02,44.48,69.26,Night,Weekday
2025-03-27 00:00:00,37.01,73.65,76.26,Night,Weekday
2025-03-27 01:00:00,31.22,55.04,71.77,Night,Weekday
2025-03-27 02:00:00,30.47,89.11,75.71,Night,Weekday
2025-03-27 03:00:00,22.3,61.73,61.46,Night,Weekday
2025-03-27 04:00:00,37.2,80.85,76.38,Night,Weekday
2025-03-27 05:00:00,34.46,36.69,47.19,Night,Weekday
2025-03-27 06:00:00,21.35,57.72,48.13,Morning,Weekday
2025-03-27 07:00:00,34.16,98.83,48.14,Morning,Weekday
2025-03-27 08:00:00,30.87,86.59,84.54,Morning,Weekday
2025-03-27 09:00:00,21.63,41.2,43.8,Morning,Weekday
2025-03-27 10:00:00,29.17,49.44,80.08,Morning,Weekday
2025-03-27 11:00:00,29.69,53.09,51.68,Morning,Weekday
2025-03-27 12:00:00,23.32,75.53,63.42,Morning,Weekday
2025-03-27 13:00:00,38.91,82.99,85.8,Morning,Weekday
2025-03-27 14:00:00,37.0,82.47,69.3,Evening,Weekday
2025-03-27 15:00:00,33.38,65.69,50.51,Evening,Weekday
2025-03-27 16:00:00,29.25,86.76,54.2,Evening,Weekday
2025-03-27 17:00:00,28.24,60.6,86.02,Evening,Weekday
2025-03-27 18:00:00,33.02,38.67,61.36,Evening,Weekday
2025-03-27 19:00:00,30.91,69.51,69.35,Evening,Weekday
2025-03-27 20:00:00,21.25,96.66,63.0,Evening,Weekday
2025-03-27 21:00:00,30.25,85.51,58.92,Evening,Weekday
2025-03-27 22:00:00,36.13,70.51,51.16,Night,Weekday
2025-03-27 23:00:00,29.18,75.28,74.31,Night,Weekday
2025-03-28 00:00:00,21.04,95.14,75.91,Night,Weekday
2025-03-28 01:00:00,35.73,59.98,53.74,Night,Weekday
2025-03-28 02:00:00,24.03,53.2,79.45,Night,Weekday
2025-03-28 03:00:00,25.17,98.41,82.73,Night,Weekday
2025-03-28 04:00:00,23.29,90.44,86.03,Night,Weekday
2025-03-28 05:00:00,26.6,52.61,48.06,Night,Weekday
2025-03-28 06:00:00,35.14,62.46,55.2,Morning,Weekday
2025-03-28 07:00:00,30.39,59.06,83.02,Morning,Weekday
2025-03-28 08:00:00,24.1,40.44,49.93,Morning,Weekday
2025-03-28 09:00:00,37.56,97.05,40.17,Morning,Weekday
2025-03-28 10:00:00,37.59,58.3,83.54,Morning,Weekday
2025-03-28 11:00:00,37.41,91.27,56.32,Morning,Weekday
2025-03-28 12:00:00,24.78,43.25,60.72,Morning,Weekday
2025-03-28 13:00:00,29.02,68.35,62.32,Morning,Weekday
2025-03-28 14:00:00,39.7,31.68,82.41,Evening,Weekday
2025-03-28 15:00:00,35.44,83.5,56.89,Evening,Weekday
2025-03-28 16:00:00,20.54,70.66,84.61,Evening,Weekday
2025-03-28 17:00:00,21.3,73.79,70.85,Evening,Weekday
2025-03-28 18:00:00,29.28,33.62,66.36,Evening,Weekday
2025-03-28 19:00:00,38.18,44.77,56.28,Evening,Weekday
2025-03-28 20:00:00,30.77,35.2,52.19,Evening,Weekday
2025-03-28 21:00:00,29.96,50.22,71.2,Evening,Weekday
2025-03-28 22:00:00,22.11,73.92,62.34,Night,Weekday
2025-03-28 23:00:00,33.14,69.63,85.53,Night,Weekday
2025-03-29 00:00:00,36.44,72.85,64.58,Night,Weekend
2025-03-29 01:00:00,27.61,68.45,65.59,Night,Weekend
2025-03-29 02:00:00,35.51,49.11,60.84,Night,Weekend
2025-03-29 03:00:00,39.29,47.12,79.46,Night,Weekend
2025-03-29 04:00:00,24.08,39.59,61.24,Night,Weekend
2025-03-29 05:00:00,30.47,89.43,53.47,Night,Weekend
2025-03-29 06:00:00,25.74,73.15,83.1,Morning,Weekend
2025-03-29 07:00:00,35.86,43.06,69.84,Morning,Weekend
2025-03-29 08:00:00,31.55,42.4,69.58,Morning,Weekend
2025-03-29 09:00:00,32.69,91.11,70.54,Morning,Weekend
2025-03-29 10:00:00,35.96,81.99,75.94,Morning,Weekend
2025-03-29 11:00:00,27.92,76.16,55.65,Morning,Weekend
2025-03-29 12:00:00,38.3,58.48,41.69,Morning,Weekend
2025-03-29 13:00:00,30.66,48.34,80.53,Morning,Weekend
2025-03-29 14:00:00,23.16,98.56,46.45,Evening,Weekend
2025-03-29 15:00:00,33.92,85.81,76.09,Evening,Weekend
2025-03-29 16:00:00,35.87,51.12,44.12,Evening,Weekend
2025-03-29 17:00:00,26.34,89.33,58.77,Evening,Weekend
2025-03-29 18:00:00,37.14,83.13,43.15,Evening,Weekend
2025-03-29 19:00:00,38.12,50.8,66.11,Evening,Weekend
2025-03-29 20:00:00,25.54,59.86,72.66,Evening,Weekend
2025-03-29 21:00:00,39.67,43.02,48.57,Evening,Weekend
2025-03-29 22:00:00,22.81,37.77,58.58,Night,Weekend
2025-03-29 23:00:00,24.04,80.59,86.51,Night,Weekend
2025-03-30 00:00:00,23.68,48.73,62.12,Night,Weekend
2025-03-30 01:00:00,37.88,87.4,80.13,Night,Weekend
2025-03-30 02:00:00,33.09,99.69,86.36,Night,Weekend
2025-03-30 03:00:00,23.04,35.36,88.72,Night,Weekend
2025-03-30 04:00:00,28.81,63.11,84.92,Night,Weekend
2025-03-30 05:00:00,32.31,86.14,55.87,Night,Weekend
2025-03-30 06:00:00,21.67,85.23,88.13,Morning,Weekend
2025-03-30 07:00:00,37.65,83.2,80.62,Morning,Weekend
2025-03-30 08:00:00,36.07,54.43,81.86,Morning,Weekend
2025-03-30 09:00:00,30.1,61.77,40.76,Morning,Weekend
2025-03-30 10:00:00,39.34,71.65,87.71,Morning,Weekend
2025-03-30 11:00:00,28.36,98.18,78.9,Morning,Weekend
2025-03-30 12:00:00,39.68,52.93,78.4,Morning,Weekend
2025-03-30 13:00:00,33.36,94.62,44.08,Morning,Weekend
2025-03-30 14:00:00,32.69,48.85,51.63,Evening,Weekend
2025-03-30 15:00:00,23.32,99.24,88.11,Evening,Weekend
2025-03-30 16:00:00,37.64,76.92,65.03,Evening,Weekend
2025-03-30 17:00:00,28.55,62.45,59.89,Evening,Weekend
2025-03-30 18:00:00,23.24,72.94,82.0,Evening,Weekend
2025-03-30 19:00:00,20.25,49.08,44.37,Evening,Weekend
2025-03-30 20:00:00,31.2,49.19,60.85,Evening,Weekend
2025-03-30 21:00:00,30.55,37.95,58.79,Evening,Weekend
2025-03-30 22:00:00,34.39,37.98,57.49,Night,Weekend
2025-03-30 23:00:00,37.81,54.34,55.38,Night,Weekend
2025-03-31 00:00:00,21.59,83.4,50.5,Night,Weekday
2025-03-31 01:00:00,34.63,72.56,48.65,Night,Weekday
2025-03-31 02:00:00,23.75,37.18,72.02,Night,Weekday
2025-03-31 03:00:00,37.16,89.66,85.97,Night,Weekday
2025-03-31 04:00:00,36.38,72.1,65.44,Night,Weekday
2025-03-31 05:00:00,30.82,97.26,54.9,Night,Weekday
2025-03-31 06:00:00,34.2,76.91,47.96,Morning,Weekday
2025-03-31 07:00:00,26.29,42.26,81.51,Morning,Weekday
2025-03-31 08:00:00,29.42,63.16,88.57,Morning,Weekday
2025-03-31 09:00:00,36.43,75.39,57.46,Morning,Weekday
2025-03-31 10:00:00,29.19,31.98,54.55,Morning,Weekday
2025-03-31 11:00:00,27.16,31.04,70.07,Morning,Weekday
2025-03-31 12:00:00,29.88,39.06,78.77,Morning,Weekday
2025-03-31 13:00:00,36.56,47.62,62.77,Morning,Weekday
2025-03-31 14:00:00,26.7,60.07,71.5,Evening,Weekday
2025-03-31 15:00:00,23.48,64.12,75.83,Evening,Weekday
2025-03-31 16:00:00,34.24,39.66,88.03,Evening,Weekday
2025-03-31 17:00:00,36.52,77.14,48.25,Evening,Weekday
2025-03-31 18:00:00,22.01,71.73,89.87,Evening,Weekday
2025-03-31 19:00:00,24.8,50.61,59.61,Evening,Weekday
2025-03-31 20:00:00,22.84,30.96,76.16,Evening,Weekday
2025-03-31 21:00:00,26.96,35.44,68.62,Evening,Weekday
2025-03-31 22:00:00,29.01,57.42,64.33,Night,Weekday
2025-03-31 23:00:00,34.98,40.78,74.9,Night,Weekday
2025-04-01 00:00:00,33.02,56.38,59.79,Night,Weekday
2025-04-01 01:00:00,32.42,73.97,46.31,Night,Weekday
2025-04-01 02:00:00,27.05,68.31,64.44,Night,Weekday
2025-04-01 03:00:00,36.83,46.18,66.1,Night,Weekday
2025-04-01 04:00:00,29.43,54.07,50.1,Night,Weekday
2025-04-01 05:00:00,39.58,72.98,86.78,Night,Weekday
2025-04-01 06:00:00,32.68,90.26,51.37,Morning,Weekday
2025-04-01 07:00:00,22.53,82.72,60.46,Morning,Weekday
2025-04-01 08:00:00,33.52,68.74,47.75,Morning,Weekday
2025-04-01 09:00:00,26.5,55.36,66.79,Morning,Weekday
2025-04-01 10:00:00,33.73,55.55,55.38,Morning,Weekday
2025-04-01 11:00:00,21.39,91.56,64.46,Morning,Weekday
2025-04-01 12:00:00,23.5,32.75,51.23,Morning,Weekday
2025-04-01 13:00:00,37.11,99.16,42.69,Morning,Weekday
2025-04-01 14:00:00,24.54,76.51,78.96,Evening,Weekday
2025-04-01 15:00:00,36.74,77.68,72.05,Evening,Weekday
2025-04-01 16:00:00,25.59,32.66,57.04,Evening,Weekday
2025-04-01 17:00:00,32.86,72.39,42.37,Evening,Weekday
2025-04-01 18:00:00,33.88,63.93,83.28,Evening,Weekday
2025-04-01 19:00:00,30.25,37.4,48.49,Evening,Weekday
2025-04-01 20:00:00,26.11,49.45,86.54,Evening,Weekday
2025-04-01 21:00:00,24.25,92.32,63.93,Evening,Weekday
2025-04-01 22:00:00,20.66,68.5,57.02,Night,Weekday
2025-04-01 23:00:00,26.08,58.94,77.09,Night,Weekday
2025-04-02 00:00:00,33.06,35.09,83.84,Night,Weekday
2025-04-02 01:00:00,38.77,79.99,58.54,Night,Weekday
2025-04-02 02:00:00,37.42,79.2,60.37,Night,Weekday
2025-04-02 03:00:00,35.32,72.98,61.66,Night,Weekday
2025-04-02 04:00:00,35.77,65.72,86.12,Night,Weekday
2025-04-02 05:00:00,33.3,60.36,74.63,Night,Weekday
2025-04-02 06:00:00,25.21,71.53,52.38,Morning,Weekday
2025-04-02 07:00:00,38.14,46.34,49.25,Morning,Weekday
2025-04-02 08:00:00,33.41,95.89,51.52,Morning,Weekday
2025-04-02 09:00:00,31.21,71.22,53.18,Morning,Weekday
2025-04-02 10:00:00,22.22,51.78,51.51,Morning,Weekday
2025-04-02 11:00:00,28.94,61.48,72.93,Morning,Weekday
2025-04-02 12:00:00,29.21,86.4,45.8,Morning,Weekday
2025-04-02 13:00:00,37.29,41.31,59.37,Morning,Weekday
2025-04-02 14:00:00,30.93,50.5,71.25,Evening,Weekday
2025-04-02 15:00:00,27.61,77.57,54.54,Evening,Weekday
2025-04-02 16:00:00,39.54,52.08,43.26,Evening,Weekday
2025-04-02 17:00:00,22.21,85.48,44.09,Evening,Weekday
2025-04-02 18:00:00,28.45,39.13,46.3,Evening,Weekday
2025-04-02 19:00:00,20.84,83.39,81.79,Evening,Weekday
2025-04-02 20:00:00,34.8,34.78,72.89,Evening,Weekday
2025-04-02 21:00:00,38.36,30.88,43.23,Evening,Weekday
2025-04-02 22:00:00,25.6,92.88,59.55,Night,Weekday
2025-04-02 23:00:00,37.17,70.69,53.93,Night,Weekday
2025-04-03 00:00:00,25.84,54.63,68.9,Night,Weekday
2025-04-03 01:00:00,38.22,46.28,66.14,Night,Weekday
2025-04-03 02:00:00,35.08,73.18,64.06,Night,Weekday
2025-04-03 03:00:00,36.1,65.63,55.73,Night,Weekday
2025-04-03 04:00:00,20.36,99.41,46.89,Night,Weekday
2025-04-03 05:00:00,39.26,98.83,77.12,Night,Weekday
2025-04-03 06:00:00,34.53,74.45,83.99,Morning,Weekday
2025-04-03 07:00:00,26.1,61.0,87.21,Morning,Weekday
2025-04-03 08:00:00,36.59,64.38,42.93,Morning,Weekday
2025-04-03 09:00:00,25.63,77.77,77.0,Morning,Weekday
2025-04-03 10:00:00,37.46,37.11,76.33,Morning,Weekday
2025-04-03 11:00:00,22.25,52.98,87.36,Morning,Weekday
2025-04-03 12:00:00,34.07,35.27,52.65,Morning,Weekday
2025-04-03 13:00:00,30.81,35.14,77.11,Morning,Weekday
2025-04-03 14:00:00,21.93,43.71,42.73,Evening,Weekday
2025-04-03 15:00:00,24.84,63.97,71.56,Evening,Weekday
2025-04-03 16:00:00,20.25,84.93,57.54,Evening,Weekday
2025-04-03 17:00:00,29.38,63.98,78.45,Evening,Weekday
2025-04-03 18:00:00,26.03,53.48,83.17,Evening,Weekday
2025-04-03 19:00:00,31.97,35.76,58.24,Evening,Weekday
2025-04-03 20:00:00,25.94,68.52,66.28,Evening,Weekday
2025-04-03 21:00:00,26.0,48.99,45.87,Evening,Weekday
2025-04-03 22:00:00,34.86,73.05,60.85,Night,Weekday
2025-04-03 23:00:00,20.96,98.4,58.04,Night,Weekday
2025-04-04 00:00:00,38.06,37.79,49.16,Night,Weekday
2025-04-04 01:00:00,37.05,44.85,84.72,Night,Weekday
2025-04-04 02:00:00,33.36,63.12,47.4,Night,Weekday
2025-04-04 03:00:00,31.86,97.8,71.79,Night,Weekday
2025-04-04 04:00:00,37.85,84.03,84.51,Night,Weekday
2025-04-04 05:00:00,23.71,92.88,85.6,Night,Weekday
2025-04-04 06:00:00,21.58,53.36,79.66,Morning,Weekday
2025-04-04 07:00:00,24.79,99.44,48.81,Morning,Weekday
2025-04-04 08:00:00,35.89,37.2,80.87,Morning,Weekday
2025-04-04 09:00:00,20.69,33.71,53.83,Morning,Weekday
2025-04-04 10:00:00,31.66,89.89,86.12,Morning,Weekday
2025-04-04 11:00:00,39.91,94.91,75.45,Morning,Weekday
2025-04-04 12:00:00,37.11,36.34,79.26,Morning,Weekday
2025-04-04 13:00:00,30.43,37.94,44.25,Morning,Weekday
2025-04-04 14:00:00,21.27,32.32,69.14,Evening,Weekday
2025-04-04 15:00:00,36.63,37.32,81.06,Evening,Weekday
2025-04-04 16:00:00,31.98,44.66,83.08,Evening,Weekday
2025-04-04 17:00:00,22.3,97.91,41.43,Evening,Weekday
2025-04-04 18:00:00,21.88,76.75,86.96,Evening,Weekday
2025-04-04 19:00:00,38.19,84.5,42.17,Evening,Weekday
2025-04-04 20:00:00,33.38,84.33,70.73,Evening,Weekday
2025-04-04 21:00:00,36.59,67.46,74.67,Evening,Weekday
2025-04-04 22:00:00,37.58,85.82,45.37,Night,Weekday
2025-04-04 23:00:00,31.44,71.71,42.4,Night,Weekday
2025-04-05 00:00:00,30.35,52.02,79.25,Night,Weekend
2025-04-05 01:00:00,28.61,69.28,59.23,Night,Weekend
2025-04-05 02:00:00,26.34,67.35,45.36,Night,Weekend
2025-04-05 03:00:00,28.69,87.64,78.13,Night,Weekend
2025-04-05 04:00:00,35.48,98.72,82.46,Night,Weekend
2025-04-05 05:00:00,32.04,58.77,69.37,Night,Weekend
2025-04-05 06:00:00,37.85,83.44,48.06,Morning,Weekend
2025-04-05 07:00:00,28.87,36.98,40.76,Morning,Weekend
2025-04-05 08:00:00,32.14,84.38,75.04,Morning,Weekend
2025-04-05 09:00:00,32.63,56.0,67.51,Morning,Weekend
2025-04-05 10:00:00,31.83,32.76,72.54,Morning,Weekend
2025-04-05 11:00:00,34.05,55.43,80.66,Morning,Weekend
2025-04-05 12:00:00,24.75,72.74,61.71,Morning,Weekend
2025-04-05 13:00:00,30.25,38.35,46.23,Morning,Weekend
2025-04-05 14:00:00,22.08,94.68,87.0,Evening,Weekend
2025-04-05 15:00:00,27.69,35.44,67.26,Evening,Weekend
2025-04-05 16:00:00,29.75,95.1,70.76,Evening,Weekend
2025-04-05 17:00:00,33.04,79.5,86.67,Evening,Weekend
2025-04-05 18:00:00,39.01,53.08,86.58,Evening,Weekend
2025-04-05 19:00:00,32.01,57.35,68.6,Evening,Weekend
2025-04-05 20:00:00,34.87,81.86,54.88,Evening,Weekend
2025-04-05 21:00:00,30.13,72.1,89.86,Evening,Weekend
2025-04-05 22:00:00,32.68,77.02,74.04,Night,Weekend
2025-04-05 23:00:00,21.42,57.24,60.42,Night,Weekend
2025-04-06 00:00:00,25.09,64.15,67.99,Night,Weekend
2025-04-06 01:00:00,27.24,99.29,60.79,Night,Weekend
2025-04-06 02:00:00,29.45,44.97,84.42,Night,Weekend
2025-04-06 03:00:00,20.91,59.25,64.12,Night,Weekend
2025-04-06 04:00:00,22.8,50.43,81.18,Night,Weekend
2025-04-06 05:00:00,25.54,83.56,82.01,Night,Weekend
2025-04-06 06:00:00,39.43,83.48,81.22,Morning,Weekend
2025-04-06 07:00:00,26.63,50.47,76.11,Morning,Weekend
2025-04-06 08:00:00,29.64,35.7,82.74,Morning,Weekend
2025-04-06 09:00:00,23.92,30.8,59.36,Morning,Weekend
2025-04-06 10:00:00,32.22,59.92,45.73,Morning,Weekend
2025-04-06 11:00:00,25.61,58.72,82.12,Morning,Weekend
2025-04-06 12:00:00,24.14,99.19,64.91,Morning,Weekend
2025-04-06 13:00:00,30.33,62.89,46.37,Morning,Weekend
2025-04-06 14:00:00,20.11,47.95,45.77,Evening,Weekend
2025-04-06 15:00:00,20.15,92.39,47.96,Evening,Weekend
2025-04-06 16:00:00,24.38,64.37,77.55,Evening,Weekend
2025-04-06 17:00:00,20.73,71.94,75.54,Evening,Weekend
2025-04-06 18:00:00,22.16,36.7,50.19,Evening,Weekend
2025-04-06 19:00:00,26.78,56.8,82.35,Evening,Weekend
2025-04-06 20:00:00,36.05,96.1,54.06,Evening,Weekend
2025-04-06 21:00:00,31.44,71.27,79.65,Evening,Weekend
2025-04-06 22:00:00,30.25,54.12,64.44,Night,Weekend
2025-04-06 23:00:00,25.87,73.8,76.58,Night,Weekend
2025-04-07 00:00:00,38.64,93.73,59.07,Night,Weekday
2025-04-07 01:00:00,27.94,49.18,57.36,Night,Weekday
2025-04-07 02:00:00,21.74,65.36,82.07,Night,Weekday
2025-04-07 03:00:00,32.34,97.11,41.77,Night,Weekday
2025-04-07 04:00:00,22.28,42.07,88.74,Night,Weekday
2025-04-07 05:00:00,26.9,80.38,72.41,Night,Weekday
2025-04-07 06:00:00,30.15,73.01,61.62,Morning,Weekday
2025-04-07 07:00:00,37.48,77.58,71.4,Morning,Weekday
2025-04-07 08:00:00,29.87,54.59,46.14,Morning,Weekday
2025-04-07 09:00:00,34.05,51.97,65.7,Morning,Weekday
2025-04-07 10:00:00,39.86,77.89,89.25,Morning,Weekday
2025-04-07 11:00:00,22.63,45.09,51.76,Morning,Weekday
2025-04-07 12:00:00,25.49,59.38,76.11,Morning,Weekday
2025-04-07 13:00:00,27.89,43.17,61.75,Morning,Weekday
2025-04-07 14:00:00,28.44,30.58,72.62,Evening,Weekday
2025-04-07 15:00:00,28.22,97.9,50.24,Evening,Weekday
2025-04-07 16:00:00,38.15,60.22,63.52,Evening,Weekday
2025-04-07 17:00:00,34.28,97.85,89.0,Evening,Weekday
2025-04-07 18:00:00,32.16,39.82,49.76,Evening,Weekday
2025-04-07 19:00:00,26.19,71.12,71.82,Evening,Weekday
2025-04-07 20:00:00,36.48,44.07,68.78,Evening,Weekday
2025-04-07 21:00:00,39.1,85.31,68.25,Evening,Weekday
2025-04-07 22:00:00,36.42,84.86,70.76,Night,Weekday
2025-04-07 23:00:00,20.03,37.88,65.11,Night,Weekday
2025-04-08 00:00:00,32.73,93.84,40.85,Night,Weekday
2025-04-08 01:00:00,21.02,43.62,85.0,Night,Weekday
2025-04-08 02:00:00,25.15,72.91,81.35,Night,Weekday
2025-04-08 03:00:00,21.19,98.99,48.71,Night,Weekday
2025-04-08 04:00:00,32.08,91.77,60.66,Night,Weekday
2025-04-08 05:00:00,33.73,96.96,78.53,Night,Weekday
2025-04-08 06:00:00,22.29,53.98,89.0,Morning,Weekday
2025-04-08 07:00:00,27.68,37.39,87.56,Morning,Weekday
2025-04-08 08:00:00,29.12,43.18,84.97,Morning,Weekday
2025-04-08 09:00:00,27.38,65.03,47.92,Morning,Weekday
2025-04-08 10:00:00,22.42,85.53,85.72,Morning,Weekday
2025-04-08 11:00:00,28.38,40.51,83.92,Morning,Weekday
2025-04-08 12:00:00,35.02,76.18,58.85,Morning,Weekday
2025-04-08 13:00:00,21.42,52.65,59.73,Morning,Weekday
2025-04-08 14:00:00,21.6,53.88,63.0,Evening,Weekday
2025-04-08 15:00:00,27.1,76.33,72.81,Evening,Weekday
2025-04-08 16:00:00,38.83,62.69,53.04,Evening,Weekday
2025-04-08 17:00:00,33.37,86.84,41.15,Evening,Weekday
2025-04-08 18:00:00,33.57,40.91,47.06,Evening,Weekday
2025-04-08 19:00:00,27.24,85.3,62.01,Evening,Weekday
2025-04-08 20:00:00,31.87,34.5,54.1,Evening,Weekday
2025-04-08 21:00:00,20.2,43.58,78.23,Evening,Weekday
2025-04-08 22:00:00,32.72,75.93,45.33,Night,Weekday
2025-04-08 23:00:00,38.27,89.84,85.87,Night,Weekday
2025-04-09 00:00:00,32.25,47.69,84.77,Night,Weekday
2025-04-09 01:00:00,37.47,52.9,85.44,Night,Weekday
2025-04-09 02:00:00,34.48,67.6,76.98,Night,Weekday
2025-04-09 03:00:00,22.41,44.81,45.35,Night,Weekday
2025-04-09 04:00:00,38.05,86.78,61.91,Night,Weekday
2025-04-09 05:00:00,21.33,84.15,46.57,Night,Weekday
2025-04-09 06:00:00,30.68,40.17,89.38,Morning,Weekday
2025-04-09 07:00:00,22.84,62.47,56.65,Morning,Weekday
2025-04-09 08:00:00,20.23,84.24,69.27,Morning,Weekday
2025-04-09 09:00:00,28.44,53.61,78.97,Morning,Weekday
2025-04-09 10:00:00,25.9,74.32,86.03,Morning,Weekday
2025-04-09 11:00:00,29.72,33.51,77.78,Morning,Weekday
2025-04-09 12:00:00,31.54,72.61,73.73,Morning,Weekday
2025-04-09 13:00:00,20.87,40.69,63.3,Morning,Weekday
2025-04-09 14:00:00,22.46,88.14,70.27,Evening,Weekday
2025-04-09 15:00:00,31.17,54.88,44.71,Evening,Weekday
2025-04-09 16:00:00,26.86,49.71,84.2,Evening,Weekday
2025-04-09 17:00:00,34.58,88.86,67.19,Evening,Weekday
2025-04-09 18:00:00,33.05,33.51,42.01,Evening,Weekday
2025-04-09 19:00:00,36.91,57.76,86.0,Evening,Weekday
2025-04-09 20:00:00,33.85,55.9,64.47,Evening,Weekday
2025-04-09 21:00:00,28.6,49.94,83.43,Evening,Weekday
2025-04-09 22:00:00,33.46,93.82,82.84,Night,Weekday
2025-04-09 23:00:00,25.51,82.56,80.79,Night,Weekday
2025-04-10 00:00:00,26.13,34.47,43.07,Night,Weekday
2025-04-10 01:00:00,35.78,80.03,52.35,Night,Weekday
2025-04-10 02:00:00,28.93,66.91,83.78,Night,Weekday
2025-04-10 03:00:00,35.97,93.06,84.95,Night,Weekday
2025-04-10 04:00:00,36.45,51.91,62.9,Night,Weekday
2025-04-10 05:00:00,37.15,70.19,62.0,Night,Weekday
2025-04-10 06:00:00,38.33,65.05,48.76,Morning,Weekday
2025-04-10 07:00:00,28.62,64.27,88.42,Morning,Weekday
2025-04-10 08:00:00,26.38,61.93,50.66,Morning,Weekday
2025-04-10 09:00:00,31.64,44.39,49.55,Morning,Weekday
2025-04-10 10:00:00,27.42,82.9,73.04,Morning,Weekday
2025-04-10 11:00:00,32.02,61.59,52.14,Morning,Weekday
2025-04-10 12:00:00,34.11,97.1,86.94,Morning,Weekday
2025-04-10 13:00:00,33.77,48.26,40.55,Morning,Weekday
2025-04-10 14:00:00,27.49,77.79,40.29,Evening,Weekday
2025-04-10 15:00:00,23.34,95.85,65.24,Evening,Weekday
2025-04-10 16:00:00,28.61,76.44,64.4,Evening,Weekday
2025-04-10 17:00:00,22.85,90.99,48.17,Evening,Weekday
2025-04-10 18:00:00,37.8,87.92,64.73,Evening,Weekday
2025-04-10 19:00:00,26.92,55.21,60.58,Evening,Weekday
2025-04-10 20:00:00,23.09,72.01,84.52,Evening,Weekday
2025-04-10 21:00:00,20.51,40.94,40.46,Evening,Weekday
2025-04-10 22:00:00,32.92,67.49,88.81,Night,Weekday
2025-04-10 23:00:00,32.74,46.13,71.22,Night,Weekday
2025-04-11 00:00:00,26.81,82.06,47.59,Night,Weekday
2025-04-11 01:00:00,21.43,66.96,42.34,Night,Weekday
2025-04-11 02:00:00,28.19,58.79,66.91,Night,Weekday
2025-04-11 03:00:00,26.22,48.82,51.74,Night,Weekday
2025-04-11 04:00:00,33.54,99.91,55.06,Night,Weekday
2025-04-11 05:00:00,32.12,35.02,52.26,Night,Weekday
2025-04-11 06:00:00,27.29,33.05,72.51,Morning,Weekday
2025-04-11 07:00:00,24.36,45.21,67.68,Morning,Weekday
2025-04-11 08:00:00,39.76,97.98,43.9,Morning,Weekday
2025-04-11 09:00:00,29.08,98.55,66.33,Morning,Weekday
2025-04-11 10:00:00,33.77,75.84,79.56,Morning,Weekday
2025-04-11 11:00:00,22.81,91.61,44.06,Morning,Weekday
2025-04-11 12:00:00,29.71,44.98,84.49,Morning,Weekday
2025-04-11 13:00:00,20.55,98.04,68.92,Morning,Weekday
2025-04-11 14:00:00,30.11,39.99,87.53,Evening,Weekday
2025-04-11 15:00:00,39.28,37.08,47.41,Evening,Weekday
2025-04-11 16:00:00,27.68,37.85,89.68,Evening,Weekday
2025-04-11 17:00:00,20.78,70.12,72.21,Evening,Weekday
2025-04-11 18:00:00,20.62,84.67,68.37,Evening,Weekday
2025-04-11 19:00:00,27.76,55.67,65.76,Evening,Weekday
2025-04-11 20:00:00,23.2,98.45,41.18,Evening,Weekday
2025-04-11 21:00:00,20.47,60.41,86.98,Evening,Weekday
2025-04-11 22:00:00,35.12,40.53,72.2,Night,Weekday
2025-04-11 23:00:00,29.17,62.62,44.58,Night,Weekday
2025-04-12 00:00:00,25.78,77.53,41.05,Night,Weekend
2025-04-12 01:00:00,38.0,88.26,42.54,Night,Weekend
2025-04-12 02:00:00,22.32,62.11,70.47,Night,Weekend
2025-04-12 03:00:00,39.12,71.55,70.7,Night,Weekend
2025-04-12 04:00:00,26.28,48.71,64.98,Night,Weekend
2025-04-12 05:00:00,37.77,75.21,55.34,Night,Weekend
2025-04-12 06:00:00,32.06,99.02,66.59,Morning,Weekend
2025-04-12 07:00:00,36.53,33.43,65.82,Morning,Weekend
2025-04-12 08:00:00,39.68,92.06,40.97,Morning,Weekend
2025-04-12 09:00:00,25.77,69.36,54.12,Morning,Weekend
2025-04-12 10:00:00,39.22,47.65,42.66,Morning,Weekend
2025-04-12 11:00:00,27.79,96.84,85.01,Morning,Weekend
2025-04-12 12:00:00,27.71,63.83,76.26,Morning,Weekend
2025-04-12 13:00:00,26.81,53.22,89.81,Morning,Weekend
2025-04-12 14:00:00,30.83,42.7,55.11,Evening,Weekend
2025-04-12 15:00:00,23.08,47.11,83.92,Evening,Weekend
2025-04-12 16:00:00,31.07,88.3,70.15,Evening,Weekend
2025-04-12 17:00:00,30.83,73.01,62.66,Evening,Weekend
2025-04-12 18:00:00,35.24,93.93,51.13,Evening,Weekend
2025-04-12 19:00:00,36.67,46.24,76.92,Evening,Weekend
2025-04-12 20:00:00,28.81,38.48,85.21,Evening,Weekend
2025-04-12 21:00:00,26.05,30.43,51.77,Evening,Weekend
2025-04-12 22:00:00,25.19,65.55,48.77,Night,Weekend
2025-04-12 23:00:00,23.89,99.88,74.81,Night,Weekend
2025-04-13 00:00:00,21.15,78.65,88.85,Night,Weekend
2025-04-13 01:00:00,26.85,51.59,77.5,Night,Weekend
2025-04-13 02:00:00,25.4,91.38,54.23,Night,Weekend
2025-04-13 03:00:00,39.33,84.72,61.0,Night,Weekend
2025-04-13 04:00:00,31.15,31.08,59.22,Night,Weekend
2025-04-13 05:00:00,26.95,87.18,82.6,Night,Weekend
2025-04-13 06:00:00,31.61,51.04,78.57,Morning,Weekend
2025-04-13 07:00:00,22.78,40.48,69.45,Morning,Weekend
2025-04-13 08:00:00,28.88,45.84,53.75,Morning,Weekend
2025-04-13 09:00:00,32.52,62.8,86.9,Morning,Weekend
2025-04-13 10:00:00,29.78,59.74,72.67,Morning,Weekend
2025-04-13 11:00:00,28.04,50.22,88.52,Morning,Weekend
2025-04-13 12:00:00,39.88,42.06,69.01,Morning,Weekend
2025-04-13 13:00:00,37.61,83.36,81.06,Morning,Weekend
2025-04-13 14:00:00,32.47,99.31,80.66,Evening,Weekend
2025-04-13 15:00:00,31.39,84.45,56.87,Evening,Weekend
2025-04-13 16:00:00,32.41,50.72,88.2,Evening,Weekend
2025-04-13 17:00:00,24.03,47.14,41.1,Evening,Weekend
2025-04-13 18:00:00,27.9,45.24,78.44,Evening,Weekend
2025-04-13 19:00:00,20.79,39.57,88.28,Evening,Weekend
2025-04-13 20:00:00,29.51,68.59,56.95,Evening,Weekend
2025-04-13 21:00:00,30.86,72.38,72.41,Evening,Weekend
2025-04-13 22:00:00,24.55,79.39,68.11,Night,Weekend
2025-04-13 23:00:00,39.28,77.61,78.08,Night,Weekend
2025-04-14 00:00:00,38.19,50.46,83.31,Night,Weekday
2025-04-14 01:00:00,34.44,53.12,70.15,Night,Weekday
2025-04-14 02:00:00,30.67,77.71,80.8,Night,Weekday
2025-04-14 03:00:00,37.4,54.46,55.61,Night,Weekday
2025-04-14 04:00:00,22.61,44.88,51.43,Night,Weekday
2025-04-14 05:00:00,35.81,56.2,61.53,Night,Weekday
2025-04-14 06:00:00,22.5,49.05,73.89,Morning,Weekday
2025-04-14 07:00:00,35.88,36.18,49.36,Morning,Weekday
2025-04-14 08:00:00,25.52,88.11,74.02,Morning,Weekday
2025-04-14 09:00:00,37.54,89.72,59.7,Morning,Weekday
2025-04-14 10:00:00,38.88,45.38,79.78,Morning,Weekday
2025-04-14 11:00:00,22.98,34.53,41.84,Morning,Weekday
2025-04-14 12:00:00,29.25,81.72,73.4,Morning,Weekday
2025-04-14 13:00:00,39.62,44.81,72.49,Morning,Weekday
2025-04-14 14:00:00,29.67,57.54,87.05,Evening,Weekday
2025-04-14 15:00:00,37.27,34.49,75.67,Evening,Weekday
2025-04-14 16:00:00,31.77,45.84,79.82,Evening,Weekday
2025-04-14 17:00:00,27.51,85.5,85.23,Evening,Weekday
2025-04-14 18:00:00,25.72,86.31,73.75,Evening,Weekday
2025-04-14 19:00:00,24.06,44.5,54.51,Evening,Weekday
2025-04-14 20:00:00,35.24,53.51,83.49,Evening,Weekday
2025-04-14 21:00:00,27.73,39.4,77.38,Evening,Weekday
2025-04-14 22:00:00,30.23,35.19,61.22,Night,Weekday
2025-04-14 23:00:00,29.85,99.45,75.53,Night,Weekday
2025-04-15 00:00:00,31.55,75.89,83.38,Night,Weekday
2025-04-15 01:00:00,37.31,67.95,88.78,Night,Weekday
2025-04-15 02:00:00,39.61,83.58,87.62,Night,Weekday
2025-04-15 03:00:00,28.15,88.81,56.27,Night,Weekday
2025-04-15 04:00:00,36.55,86.47,61.08,Night,Weekday
2025-04-15 05:00:00,35.29,31.16,45.48,Night,Weekday
2025-04-15 06:00:00,31.47,43.08,52.38,Morning,Weekday
2025-04-15 07:00:00,39.12,75.84,84.12,Morning,Weekday
2025-04-15 08:00:00,24.01,56.3,58.04,Morning,Weekday
2025-04-15 09:00:00,22.19,98.77,71.03,Morning,Weekday
2025-04-15 10:00:00,37.08,76.58,73.3,Morning,Weekday
2025-04-15 11:00:00,28.78,96.96,79.09,Morning,Weekday
2025-04-15 12:00:00,36.94,44.1,49.14,Morning,Weekday
2025-04-15 13:00:00,37.86,90.48,55.24,Morning,Weekday
2025-04-15 14:00:00,21.25,52.49,62.42,Evening,Weekday
2025-04-15 15:00:00,37.67,99.27,58.24,Evening,Weekday
2025-04-15 16:00:00,28.97,41.04,89.15,Evening,Weekday
2025-04-15 17:00:00,30.21,66.14,81.75,Evening,Weekday
2025-04-15 18:00:00,32.53,85.5,63.98,Evening,Weekday
2025-04-15 19:00:00,38.53,60.28,83.96,Evening,Weekday
2025-04-15 20:00:00,20.38,62.77,57.38,Evening,Weekday
2025-04-15 21:00:00,29.54,99.04,79.29,Evening,Weekday
2025-04-15 22:00:00,33.75,59.77,51.18,Night,Weekday
2025-04-15 23:00:00,34.45,72.29,78.62,Night,Weekday
2025-04-16 00:00:00,33.85,33.82,62.82,Night,Weekday
2025-04-16 01:00:00,22.69,88.95,45.37,Night,Weekday
2025-04-16 02:00:00,25.99,75.37,53.66,Night,Weekday
2025-04-16 03:00:00,27.17,58.28,60.11,Night,Weekday
2025-04-16 04:00:00,36.09,31.13,77.46,Night,Weekday
2025-04-16 05:00:00,25.58,71.42,43.65,Night,Weekday
2025-04-16 06:00:00,24.21,30.89,72.98,Morning,Weekday
2025-04-16 07:00:00,39.15,30.08,75.8,Morning,Weekday
2025-04-16 08:00:00,20.18,73.13,72.7,Morning,Weekday
2025-04-16 09:00:00,39.96,43.23,78.03,Morning,Weekday
2025-04-16 10:00:00,33.54,43.43,48.91,Morning,Weekday
2025-04-16 11:00:00,36.57,75.73,69.36,Morning,Weekday
2025-04-16 12:00:00,25.89,33.76,87.06,Morning,Weekday
2025-04-16 13:00:00,20.29,51.94,70.54,Morning,Weekday
2025-04-16 14:00:00,34.76,40.46,70.57,Evening,Weekday
2025-04-16 15:00:00,36.68,70.61,76.82,Evening,Weekday
2025-04-16 16:00:00,34.81,76.32,56.66,Evening,Weekday
2025-04-16 17:00:00,22.86,80.48,75.02,Evening,Weekday
2025-04-16 18:00:00,35.07,47.87,85.81,Evening,Weekday
2025-04-16 19:00:00,35.38,36.25,40.54,Evening,Weekday
2025-04-16 20:00:00,33.17,35.51,83.51,Evening,Weekday
2025-04-16 21:00:00,35.32,59.83,50.93,Evening,Weekday
2025-04-16 22:00:00,36.92,96.21,62.8,Night,Weekday
2025-04-16 23:00:00,32.27,45.24,82.62,Night,Weekday
2025-04-17 00:00:00,21.77,47.97,81.2,Night,Weekday
2025-04-17 01:00:00,29.75,37.06,84.6,Night,Weekday
2025-04-17 02:00:00,21.55,72.39,87.02,Night,Weekday
2025-04-17 03:00:00,28.15,77.59,62.36,Night,Weekday
2025-04-17 04:00:00,28.14,75.01,72.82,Night,Weekday
2025-04-17 05:00:00,21.32,90.28,59.52,Night,Weekday
2025-04-17 06:00:00,26.98,64.05,57.54,Morning,Weekday
2025-04-17 07:00:00,22.22,39.41,61.58,Morning,Weekday
2025-04-17 08:00:00,36.16,50.26,77.15,Morning,Weekday
2025-04-17 09:00:00,38.95,76.37,65.07,Morning,Weekday
2025-04-17 10:00:00,21.45,72.92,80.7,Morning,Weekday
2025-04-17 11:00:00,39.1,67.17,77.26,Morning,Weekday
2025-04-17 12:00:00,30.45,77.81,41.02,Morning,Weekday
2025-04-17 13:00:00,25.99,74.62,71.51,Morning,Weekday
2025-04-17 14:00:00,21.54,91.69,61.83,Evening,Weekday
2025-04-17 15:00:00,30.01,71.02,62.83,Evening,Weekday
2025-04-17 16:00:00,35.89,84.5,80.92,Evening,Weekday
2025-04-17 17:00:00,34.14,47.41,67.38,Evening,Weekday
2025-04-17 18:00:00,21.0,77.47,84.28,Evening,Weekday
2025-04-17 19:00:00,21.46,93.15,75.64,Evening,Weekday
2025-04-17 20:00:00,28.06,57.0,67.64,Evening,Weekday
2025-04-17 21:00:00,25.91,84.54,77.73,Evening,Weekday
2025-04-17 22:00:00,24.65,80.74,41.92,Night,Weekday
2025-04-17 23:00:00,25.62,34.17,41.35,Night,Weekday
2025-04-18 00:00:00,36.07,70.71,44.17,Night,Weekday
2025-04-18 01:00:00,38.58,39.11,61.88,Night,Weekday
2025-04-18 02:00:00,28.1,97.71,51.77,Night,Weekday
2025-04-18 03:00:00,38.12,86.8,89.21,Night,Weekday
2025-04-18 04:00:00,26.43,37.68,67.11,Night,Weekday
2025-04-18 05:00:00,29.53,38.52,73.12,Night,Weekday
2025-04-18 06:00:00,24.52,71.61,53.94,Morning,Weekday
2025-04-18 07:00:00,32.81,54.14,56.09,Morning,Weekday
2025-04-18 08:00:00,39.58,32.44,56.77,Morning,Weekday
2025-04-18 09:00:00,32.07,67.91,74.94,Morning,Weekday
2025-04-18 10:00:00,27.16,57.15,63.69,Morning,Weekday
2025-04-18 11:00:00,32.96,37.08,65.88,Morning,Weekday
2025-04-18 12:00:00,22.46,86.13,69.6,Morning,Weekday
2025-04-18 13:00:00,37.77,94.06,78.44,Morning,Weekday
2025-04-18 14:00:00,30.06,82.96,44.52,Evening,Weekday
2025-04-18 15:00:00,28.99,87.57,78.84,Evening,Weekday
2025-04-18 16:00:00,31.72,45.15,68.16,Evening,Weekday
2025-04-18 17:00:00,32.5,48.45,73.45,Evening,Weekday
2025-04-18 18:00:00,21.44,44.6,56.38,Evening,Weekday
2025-04-18 19:00:00,33.65,83.55,60.47,Evening,Weekday
2025-04-18 20:00:00,24.84,96.35,51.56,Evening,Weekday
2025-04-18 21:00:00,34.28,80.18,88.96,Evening,Weekday
2025-04-18 22:00:00,36.45,91.7,64.85,Night,Weekday
2025-04-18 23:00:00,36.08,74.71,89.8,Night,Weekday
2025-04-19 00:00:00,31.05,57.14,64.49,Night,Weekend
2025-04-19 01:00:00,30.4,59.8,50.99,Night,Weekend
2025-04-19 02:00:00,22.86,35.27,65.37,Night,Weekend
2025-04-19 03:00:00,35.51,32.2,41.98,Night,Weekend
2025-04-19 04:00:00,25.43,78.68,85.24,Night,Weekend
2025-04-19 05:00:00,29.93,60.69,80.93,Night,Weekend
2025-04-19 06:00:00,25.69,68.66,76.29,Morning,Weekend
2025-04-19 07:00:00,22.68,69.04,70.49,Morning,Weekend
2025-04-19 08:00:00,32.59,49.42,68.99,Morning,Weekend
2025-04-19 09:00:00,21.09,63.31,89.84,Morning,Weekend
2025-04-19 10:00:00,34.97,62.95,53.9,Morning,Weekend
2025-04-19 11:00:00,26.35,57.19,78.98,Morning,Weekend
2025-04-19 12:00:00,20.0,87.45,69.07,Morning,Weekend
2025-04-19 13:00:00,30.22,61.58,88.79,Morning,Weekend
2025-04-19 14:00:00,20.94,72.26,81.39,Evening,Weekend
2025-04-19 15:00:00,25.52,92.69,89.93,Evening,Weekend
2025-04-19 16:00:00,34.14,90.64,69.42,Evening,Weekend
2025-04-19 17:00:00,21.25,92.33,50.23,Evening,Weekend
2025-04-19 18:00:00,36.79,48.9,65.18,Evening,Weekend
2025-04-19 19:00:00,20.08,32.45,75.56,Evening,Weekend
2025-04-19 20:00:00,24.94,48.27,78.72,Evening,Weekend
2025-04-19 21:00:00,34.82,49.51,40.03,Evening,Weekend
2025-04-19 22:00:00,26.33,93.66,65.25,Night,Weekend
2025-04-19 23:00:00,22.04,75.45,51.76,Night,Weekend
2025-04-20 00:00:00,27.2,35.72,83.75,Night,Weekend
2025-04-20 01:00:00,25.41,39.48,47.65,Night,Weekend
2025-04-20 02:00:00,36.85,40.9,73.32,Night,Weekend
2025-04-20 03:00:00,26.27,74.13,53.3,Night,Weekend
2025-04-20 04:00:00,35.78,81.48,57.83,Night,Weekend
2025-04-20 05:00:00,37.84,90.18,87.03,Night,Weekend
2025-04-20 06:00:00,28.68,95.84,52.02,Morning,Weekend
2025-04-20 07:00:00,38.2,44.12,44.75,Morning,Weekend
2025-04-20 08:00:00,27.55,51.68,43.46,Morning,Weekend
2025-04-20 09:00:00,39.28,46.82,65.23,Morning,Weekend
2025-04-20 10:00:00,21.79,55.11,72.09,Morning,Weekend
2025-04-20 11:00:00,33.74,94.03,56.36,Morning,Weekend
2025-04-20 12:00:00,29.88,70.26,74.51,Morning,Weekend
2025-04-20 13:00:00,27.75,81.67,43.05,Morning,Weekend
2025-04-20 14:00:00,32.65,64.31,82.87,Evening,Weekend
2025-04-20 15:00:00,34.08,32.02,80.83,Evening,Weekend
2025-04-20 16:00:00,20.09,34.49,89.27,Evening,Weekend
2025-04-20 17:00:00,23.34,67.65,86.83,Evening,Weekend
2025-04-20 18:00:00,34.26,80.32,57.81,Evening,Weekend
2025-04-20 19:00:00,33.33,45.07,59.96,Evening,Weekend
2025-04-20 20:00:00,39.32,80.53,77.3,Evening,Weekend
2025-04-20 21:00:00,35.22,86.75,46.7,Evening,Weekend
2025-04-20 22:00:00,39.02,58.83,55.7,Night,Weekend
2025-04-20 23:00:00,34.05,82.25,45.93,Night,Weekend
2025-04-21 00:00:00,25.96,58.28,62.74,Night,Weekday
2025-04-21 01:00:00,22.11,77.48,67.6,Night,Weekday
2025-04-21 02:00:00,35.64,83.48,50.56,Night,Weekday
2025-04-21 03:00:00,32.88,99.43,41.33,Night,Weekday
2025-04-21 04:00:00,20.96,54.18,75.97,Night,Weekday
2025-04-21 05:00:00,27.2,58.77,41.0,Night,Weekday
2025-04-21 06:00:00,39.14,41.59,88.67,Morning,Weekday
2025-04-21 07:00:00,30.01,44.29,51.08,Morning,Weekday
2025-04-21 08:00:00,28.65,78.54,73.2,Morning,Weekday
2025-04-21 09:00:00,29.15,94.19,61.74,Morning,Weekday
2025-04-21 10:00:00,24.18,57.62,42.98,Morning,Weekday
2025-04-21 11:00:00,27.37,42.59,63.61,Morning,Weekday
2025-04-21 12:00:00,27.4,49.96,65.84,Morning,Weekday
2025-04-21 13:00:00,21.05,61.85,82.73,Morning,Weekday
2025-04-21 14:00:00,35.35,50.35,76.62,Evening,Weekday
2025-04-21 15:00:00,28.33,46.35,43.97,Evening,Weekday
2025-04-21 16:00:00,36.44,81.52,50.46,Evening,Weekday
2025-04-21 17:00:00,37.01,30.55,55.59,Evening,Weekday
2025-04-21 18:00:00,24.24,67.75,45.82,Evening,Weekday
2025-04-21 19:00:00,33.15,85.56,62.84,Evening,Weekday
2025-04-21 20:00:00,29.45,48.64,89.22,Evening,Weekday
2025-04-21 21:00:00,37.6,72.23,65.73,Evening,Weekday
2025-04-21 22:00:00,24.31,76.82,77.09,Night,Weekday
2025-04-21 23:00:00,33.56,75.85,74.15,Night,Weekday
2025-04-22 00:00:00,32.16,61.21,82.5,Night,Weekday
2025-04-22 01:00:00,25.91,54.26,50.79,Night,Weekday
2025-04-22 02:00:00,22.73,88.51,77.69,Night,Weekday
2025-04-22 03:00:00,33.03,83.09,84.07,Night,Weekday
2025-04-22 04:00:00,34.77,52.49,48.58,Night,Weekday
2025-04-22 05:00:00,26.31,37.21,57.34,Night,Weekday
2025-04-22 06:00:00,32.9,35.03,88.51,Morning,Weekday
2025-04-22 07:00:00,27.9,36.6,79.04,Morning,Weekday
2025-04-22 08:00:00,34.26,70.8,54.13,Morning,Weekday
2025-04-22 09:00:00,23.98,33.62,68.2,Morning,Weekday
2025-04-22 10:00:00,37.8,53.58,60.22,Morning,Weekday
2025-04-22 11:00:00,25.75,82.72,64.5,Morning,Weekday
2025-04-22 12:00:00,27.36,50.6,57.76,Morning,Weekday
2025-04-22 13:00:00,21.16,83.43,53.97,Morning,Weekday
2025-04-22 14:00:00,22.23,82.18,73.74,Evening,Weekday
2025-04-22 15:00:00,30.32,47.21,78.93,Evening,Weekday
2025-04-22 16:00:00,25.35,81.02,83.7,Evening,Weekday
2025-04-22 17:00:00,36.71,82.34,47.77,Evening,Weekday
2025-04-22 18:00:00,20.29,57.82,81.14,Evening,Weekday
2025-04-22 19:00:00,27.58,44.73,52.74,Evening,Weekday
2025-04-22 20:00:00,26.75,66.49,61.37,Evening,Weekday
2025-04-22 21:00:00,20.39,94.5,85.07,Evening,Weekday
2025-04-22 22:00:00,22.49,74.77,62.73,Night,Weekday
2025-04-22 23:00:00,28.27,42.1,49.85,Night,Weekday
2025-04-23 00:00:00,29.86,77.79,47.99,Night,Weekday
2025-04-23 01:00:00,28.09,59.9,63.65,Night,Weekday
2025-04-23 02:00:00,30.62,71.41,78.13,Night,Weekday
2025-04-23 03:00:00,31.9,81.38,89.86,Night,Weekday
2025-04-23 04:00:00,20.2,66.05,79.37,Night,Weekday
2025-04-23 05:00:00,29.28,86.98,83.85,Night,Weekday
2025-04-23 06:00:00,39.27,80.55,77.39,Morning,Weekday
2025-04-23 07:00:00,30.38,73.06,84.77,Morning,Weekday
2025-04-23 08:00:00,33.55,40.56,43.81,Morning,Weekday
2025-04-23 09:00:00,26.24,88.52,86.5,Morning,Weekday
2025-04-23 10:00:00,35.48,95.51,59.82,Morning,Weekday
2025-04-23 11:00:00,35.46,39.59,86.08,Morning,Weekday
2025-04-23 12:00:00,30.43,64.18,43.79,Morning,Weekday
2025-04-23 13:00:00,39.52,48.12,75.76,Morning,Weekday
2025-04-23 14:00:00,22.51,82.82,76.78,Evening,Weekday
2025-04-23 15:00:00,20.34,80.51,89.85,Evening,Weekday
2025-04-23 16:00:00,35.4,39.86,78.44,Evening,Weekday
2025-04-23 17:00:00,36.14,91.39,59.13,Evening,Weekday
2025-04-23 18:00:00,22.4,42.67,67.86,Evening,Weekday
2025-04-23 19:00:00,25.31,85.81,58.33,Evening,Weekday
2025-04-23 20:00:00,20.35,61.99,49.8,Evening,Weekday
2025-04-23 21:00:00,25.87,52.98,52.43,Evening,Weekday
2025-04-23 22:00:00,35.46,41.08,51.1,Night,Weekday
2025-04-23 23:00:00,30.36,41.73,67.44,Night,Weekday
2025-04-24 00:00:00,26.96,76.33,85.31,Night,Weekday
2025-04-24 01:00:00,27.43,68.53,85.64,Night,Weekday
2025-04-24 02:00:00,20.03,38.55,42.74,Night,Weekday
2025-04-24 03:00:00,26.0,37.89,43.99,Night,Weekday
2025-04-24 04:00:00,32.93,35.06,52.26,Night,Weekday
2025-04-24 05:00:00,39.48,82.06,52.75,Night,Weekday
2025-04-24 06:00:00,36.94,79.83,44.74,Morning,Weekday
2025-04-24 07:00:00,20.47,34.09,59.42,Morning,Weekday
2025-04-24 08:00:00,37.97,69.22,69.39,Morning,Weekday
2025-04-24 09:00:00,35.66,35.93,68.91,Morning,Weekday
2025-04-24 10:00:00,35.61,93.26,67.17,Morning,Weekday
2025-04-24 11:00:00,29.16,93.5,56.93,Morning,Weekday
2025-04-24 12:00:00,27.96,78.88,75.32,Morning,Weekday
2025-04-24 13:00:00,26.06,94.83,81.32,Morning,Weekday
2025-04-24 14:00:00,21.31,86.8,57.31,Evening,Weekday
2025-04-24 15:00:00,24.56,88.0,44.28,Evening,Weekday
2025-04-24 16:00:00,24.93,69.88,54.82,Evening,Weekday
2025-04-24 17:00:00,29.68,51.42,46.87,Evening,Weekday
2025-04-24 18:00:00,34.95,45.25,63.37,Evening,Weekday
2025-04-24 19:00:00,29.48,52.9,47.8,Evening,Weekday
2025-04-24 20:00:00,21.16,73.99,63.14,Evening,Weekday
2025-04-24 21:00:00,39.16,42.09,51.05,Evening,Weekday
2025-04-24 22:00:00,38.85,48.1,76.94,Night,Weekday
2025-04-24 23:00:00,35.7,62.76,41.38,Night,Weekday
2025-04-25 00:00:00,39.83,46.31,67.74,Night,Weekday
2025-04-25 01:00:00,30.89,71.21,48.47,Night,Weekday
2025-04-25 02:00:00,39.26,94.62,40.05,Night,Weekday
2025-04-25 03:00:00,21.51,82.37,83.46,Night,Weekday
2025-04-25 04:00:00,27.31,76.65,73.58,Night,Weekday
2025-04-25 05:00:00,24.51,70.79,44.95,Night,Weekday
2025-04-25 06:00:00,23.92,64.16,73.2,Morning,Weekday
2025-04-25 07:00:00,22.82,43.06,70.58,Morning,Weekday
2025-04-25 08:00:00,32.45,92.63,63.67,Morning,Weekday
2025-04-25 09:00:00,35.63,47.4,60.96,Morning,Weekday
2025-04-25 10:00:00,31.57,36.39,84.35,Morning,Weekday
2025-04-25 11:00:00,22.94,82.5,52.26,Morning,Weekday
2025-04-25 12:00:00,36.22,42.29,59.92,Morning,Weekday
2025-04-25 13:00:00,32.72,56.03,56.46,Morning,Weekday
2025-04-25 14:00:00,27.76,31.98,78.56,Evening,Weekday
2025-04-25 15:00:00,33.48,39.59,85.82,Evening,Weekday
2025-04-25 16:00:00,25.2,42.12,82.49,Evening,Weekday
2025-04-25 17:00:00,26.9,33.81,79.89,Evening,Weekday
2025-04-25 18:00:00,38.35,75.97,89.34,Evening,Weekday
2025-04-25 19:00:00,25.81,88.59,74.86,Evening,Weekday
2025-04-25 20:00:00,29.4,56.13,77.55,Evening,Weekday
2025-04-25 21:00:00,37.8,91.22,89.14,Evening,Weekday
2025-04-25 22:00:00,34.15,44.93,40.35,Night,Weekday
2025-04-25 23:00:00,21.24,52.78,71.7,Night,Weekday
2025-04-26 00:00:00,22.95,40.55,76.95,Night,Weekend
2025-04-26 01:00:00,20.16,73.44,85.89,Night,Weekend
2025-04-26 02:00:00,32.62,59.39,84.19,Night,Weekend
2025-04-26 03:00:00,28.95,72.93,82.1,Night,Weekend
2025-04-26 04:00:00,22.69,83.32,87.29,Night,Weekend
2025-04-26 05:00:00,39.16,68.2,66.87,Night,Weekend
2025-04-26 06:00:00,30.59,73.93,40.35,Morning,Weekend
2025-04-26 07:00:00,24.84,95.47,40.55,Morning,Weekend
2025-04-26 08:00:00,30.01,50.93,67.23,Morning,Weekend
2025-04-26 09:00:00,33.59,55.14,61.76,Morning,Weekend
2025-04-26 10:00:00,21.52,80.24,62.56,Morning,Weekend
2025-04-26 11:00:00,25.49,72.79,60.02,Morning,Weekend
2025-04-26 12:00:00,36.14,42.5,85.89,Morning,Weekend
2025-04-26 13:00:00,29.19,56.33,57.96,Morning,Weekend
2025-04-26 14:00:00,30.93,62.75,82.81,Evening,Weekend
2025-04-26 15:00:00,28.66,59.36,85.14,Evening,Weekend
2025-04-26 16:00:00,20.88,42.48,64.98,Evening,Weekend
2025-04-26 17:00:00,23.31,94.71,62.35,Evening,Weekend
2025-04-26 18:00:00,28.91,83.36,78.05,Evening,Weekend
2025-04-26 19:00:00,24.18,63.69,75.4,Evening,Weekend
2025-04-26 20:00:00,21.0,77.6,56.43,Evening,Weekend
2025-04-26 21:00:00,36.87,92.81,45.13,Evening,Weekend
2025-04-26 22:00:00,39.62,39.53,53.24,Night,Weekend
2025-04-26 23:00:00,35.86,47.53,46.55,Night,Weekend
2025-04-27 00:00:00,37.08,67.99,54.74,Night,Weekend
2025-04-27 01:00:00,24.84,85.93,53.09,Night,Weekend
2025-04-27 02:00:00,39.21,32.54,71.89,Night,Weekend
2025-04-27 03:00:00,23.94,98.88,87.72,Night,Weekend
2025-04-27 04:00:00,39.03,61.84,74.29,Night,Weekend
2025-04-27 05:00:00,39.9,55.15,86.33,Night,Weekend
2025-04-27 06:00:00,34.23,50.49,79.21,Morning,Weekend
2025-04-27 07:00:00,39.62,42.2,76.39,Morning,Weekend
2025-04-27 08:00:00,31.39,85.41,60.7,Morning,Weekend
2025-04-27 09:00:00,25.19,96.88,56.24,Morning,Weekend
2025-04-27 10:00:00,28.74,58.96,82.31,Morning,Weekend
2025-04-27 11:00:00,31.87,96.67,85.27,Morning,Weekend
2025-04-27 12:00:00,21.46,87.67,62.59,Morning,Weekend
2025-04-27 13:00:00,32.45,63.67,40.45,Morning,Weekend
2025-04-27 14:00:00,39.62,77.18,79.63,Evening,Weekend
2025-04-27 15:00:00,23.8,60.45,54.25,Evening,Weekend
2025-04-27 16:00:00,35.85,69.11,40.49,Evening,Weekend
2025-04-27 17:00:00,38.16,34.06,80.25,Evening,Weekend
2025-04-27 18:00:00,38.87,78.74,65.87,Evening,Weekend
2025-04-27 19:00:00,39.2,33.7,74.26,Evening,Weekend
2025-04-27 20:00:00,30.43,87.2,85.73,Evening,Weekend
2025-04-27 21:00:00,39.55,87.75,67.06,Evening,Weekend
2025-04-27 22:00:00,35.15,46.6,65.16,Night,Weekend
2025-04-27 23:00:00,23.23,52.66,54.53,Night,Weekend
2025-04-28 00:00:00,29.54,63.69,55.26,Night,Weekday
2025-04-28 01:00:00,34.37,71.77,79.83,Night,Weekday
2025-04-28 02:00:00,24.95,50.11,62.45,Night,Weekday
2025-04-28 03:00:00,32.81,71.47,48.18,Night,Weekday
2025-04-28 04:00:00,33.33,50.85,44.73,Night,Weekday
2025-04-28 05:00:00,23.25,33.88,63.65,Night,Weekday
2025-04-28 06:00:00,31.3,30.18,63.25,Morning,Weekday
2025-04-28 07:00:00,35.43,37.08,72.67,Morning,Weekday
2025-04-28 08:00:00,29.98,85.46,63.55,Morning,Weekday
2025-04-28 09:00:00,20.24,97.3,47.17,Morning,Weekday
2025-04-28 10:00:00,20.18,59.89,65.39,Morning,Weekday
2025-04-28 11:00:00,27.14,65.89,85.34,Morning,Weekday
2025-04-28 12:00:00,38.52,40.28,47.97,Morning,Weekday
2025-04-28 13:00:00,24.57,68.57,74.49,Morning,Weekday
2025-04-28 14:00:00,32.69,40.13,69.69,Evening,Weekday
2025-04-28 15:00:00,24.44,72.79,77.43,Evening,Weekday
2025-04-28 16:00:00,26.43,95.33,47.53,Evening,Weekday
2025-04-28 17:00:00,36.96,43.7,87.08,Evening,Weekday
2025-04-28 18:00:00,34.58,83.52,71.05,Evening,Weekday
2025-04-28 19:00:00,21.91,31.65,82.35,Evening,Weekday
2025-04-28 20:00:00,28.57,56.28,52.33,Evening,Weekday
2025-04-28 21:00:00,20.58,37.75,76.97,Evening,Weekday
2025-04-28 22:00:00,29.62,54.67,79.05,Night,Weekday
2025-04-28 23:00:00,33.25,42.15,59.87,Night,Weekday
2025-04-29 00:00:00,22.37,56.13,59.2,Night,Weekday
2025-04-29 01:00:00,25.78,59.23,72.89,Night,Weekday
2025-04-29 02:00:00,27.96,51.04,44.67,Night,Weekday
2025-04-29 03:00:00,38.39,75.96,76.78,Night,Weekday
2025-04-29 04:00:00,39.87,94.32,42.14,Night,Weekday
2025-04-29 05:00:00,20.9,58.04,49.53,Night,Weekday
2025-04-29 06:00:00,35.22,43.46,73.21,Morning,Weekday
2025-04-29 07:00:00,27.43,48.95,44.92,Morning,Weekday
2025-04-29 08:00:00,27.85,89.78,88.59,Morning,Weekday
2025-04-29 09:00:00,35.09,70.01,83.42,Morning,Weekday
2025-04-29 10:00:00,38.37,61.85,71.32,Morning,Weekday
2025-04-29 11:00:00,39.02,40.47,80.95,Morning,Weekday
2025-04-29 12:00:00,31.54,61.48,84.38,Morning,Weekday
2025-04-29 13:00:00,27.14,49.49,52.97,Morning,Weekday
2025-04-29 14:00:00,35.75,96.02,82.47,Evening,Weekday
2025-04-29 15:00:00,25.02,91.88,49.74,Evening,Weekday
2025-04-29 16:00:00,31.28,35.87,60.67,Evening,Weekday
2025-04-29 17:00:00,27.17,66.17,67.91,Evening,Weekday
2025-04-29 18:00:00,33.13,45.75,75.69,Evening,Weekday
2025-04-29 19:00:00,24.81,58.75,41.51,Evening,Weekday
2025-04-29 20:00:00,23.83,91.38,54.53,Evening,Weekday
2025-04-29 21:00:00,38.36,66.93,70.43,Evening,Weekday
2025-04-29 22:00:00,22.04,53.4,57.87,Night,Weekday
2025-04-29 23:00:00,30.12,44.55,78.75,Night,Weekday
2025-04-30 00:00:00,24.42,86.02,72.58,Night,Weekday
2025-04-30 01:00:00,20.78,73.72,51.72,Night,Weekday
2025-04-30 02:00:00,20.72,62.76,47.3,Night,Weekday
2025-04-30 03:00:00,23.5,45.22,71.45,Night,Weekday
2025-04-30 04:00:00,37.34,53.4,62.52,Night,Weekday
2025-04-30 05:00:00,25.65,97.19,48.45,Night,Weekday
2025-04-30 06:00:00,39.01,66.41,56.32,Morning,Weekday
2025-04-30 07:00:00,31.63,58.05,55.15,Morning,Weekday
2025-04-30 08:00:00,28.73,66.5,45.41,Morning,Weekday
2025-04-30 09:00:00,31.6,84.53,67.35,Morning,Weekday
2025-04-30 10:00:00,30.33,53.81,78.18,Morning,Weekday
2025-04-30 11:00:00,35.18,42.51,68.77,Morning,Weekday
2025-04-30 12:00:00,25.65,70.95,81.31,Morning,Weekday
2025-04-30 13:00:00,27.06,76.56,46.38,Morning,Weekday
2025-04-30 14:00:00,37.88,79.89,61.78,Evening,Weekday
2025-04-30 15:00:00,38.93,91.74,70.47,Evening,Weekday
2025-04-30 16:00:00,37.85,55.98,73.8,Evening,Weekday
2025-04-30 17:00:00,28.39,35.27,74.79,Evening,Weekday
2025-04-30 18:00:00,35.61,97.08,76.45,Evening,Weekday
2025-04-30 19:00:00,29.53,60.45,72.57,Evening,Weekday
2025-04-30 20:00:00,29.95,73.63,44.71,Evening,Weekday
2025-04-30 21:00:00,24.09,76.64,74.77,Evening,Weekday
2025-04-30 22:00:00,31.82,68.26,76.24,Night,Weekday
2025-04-30 23:00:00,23.72,44.37,89.67,Night,Weekday
2025-05-01 00:00:00,26.63,82.86,74.67,Night,Weekday
2025-05-01 01:00:00,37.1,86.26,74.34,Night,Weekday
2025-05-01 02:00:00,24.14,68.71,65.74,Night,Weekday
2025-05-01 03:00:00,21.42,64.2,83.4,Night,Weekday
2025-05-01 04:00:00,21.38,37.98,89.84,Night,Weekday
2025-05-01 05:00:00,38.82,35.88,78.95,Night,Weekday
2025-05-01 06:00:00,30.14,53.77,70.63,Morning,Weekday
2025-05-01 07:00:00,28.19,51.76,43.95,Morning,Weekday
2025-05-01 08:00:00,36.22,96.76,76.34,Morning,Weekday
2025-05-01 09:00:00,36.72,84.85,75.43,Morning,Weekday
2025-05-01 10:00:00,26.64,76.19,78.78,Morning,Weekday
2025-05-01 11:00:00,33.87,66.24,46.23,Morning,Weekday
2025-05-01 12:00:00,35.42,41.72,72.69,Morning,Weekday
2025-05-01 13:00:00,33.09,98.49,54.79,Morning,Weekday
2025-05-01 14:00:00,23.03,56.25,78.01,Evening,Weekday
2025-05-01 15:00:00,37.52,37.48,52.02,Evening,Weekday
2025-05-01 16:00:00,30.78,64.57,74.2,Evening,Weekday
2025-05-01 17:00:00,25.65,91.18,54.75,Evening,Weekday
2025-05-01 18:00:00,28.5,92.11,40.45,Evening,Weekday
2025-05-01 19:00:00,20.75,30.77,71.67,Evening,Weekday
2025-05-01 20:00:00,22.56,92.04,45.66,Evening,Weekday
2025-05-01 21:00:00,35.31,49.0,72.96,Evening,Weekday
2025-05-01 22:00:00,20.0,32.73,86.28,Night,Weekday
2025-05-01 23:00:00,28.33,89.35,88.46,Night,Weekday
2025-05-02 00:00:00,30.45,90.47,51.8,Night,Weekday
2025-05-02 01:00:00,21.09,71.74,80.46,Night,Weekday
2025-05-02 02:00:00,39.46,70.21,57.68,Night,Weekday
2025-05-02 03:00:00,24.52,86.92,85.02,Night,Weekday
2025-05-02 04:00:00,26.08,85.04,79.37,Night,Weekday
2025-05-02 05:00:00,26.08,92.31,43.7,Night,Weekday
2025-05-02 06:00:00,24.61,68.69,60.36,Morning,Weekday
2025-05-02 07:00:00,20.03,97.74,56.87,Morning,Weekday
2025-05-02 08:00:00,34.59,99.73,79.26,Morning,Weekday
2025-05-02 09:00:00,39.34,38.16,60.51,Morning,Weekday
2025-05-02 10:00:00,24.49,89.47,74.23,Morning,Weekday
2025-05-02 11:00:00,33.26,64.99,70.12,Morning,Weekday
2025-05-02 12:00:00,34.84,57.13,88.78,Morning,Weekday
2025-05-02 13:00:00,36.97,72.92,86.89,Morning,Weekday
2025-05-02 14:00:00,28.45,33.92,61.38,Evening,Weekday
2025-05-02 15:00:00,26.06,65.45,76.18,Evening,Weekday
2025-05-02 16:00:00,26.51,90.96,81.47,Evening,Weekday
2025-05-02 17:00:00,34.25,44.94,84.94,Evening,Weekday
2025-05-02 18:00:00,36.34,59.85,43.41,Evening,Weekday
2025-05-02 19:00:00,23.63,95.76,55.1,Evening,Weekday
2025-05-02 20:00:00,27.42,60.0,56.01,Evening,Weekday
2025-05-02 21:00:00,38.04,55.09,61.72,Evening,Weekday
2025-05-02 22:00:00,36.13,60.84,48.46,Night,Weekday
2025-05-02 23:00:00,39.7,66.36,64.81,Night,Weekday
2025-05-03 00:00:00,35.08,74.24,73.16,Night,Weekend
2025-05-03 01:00:00,27.86,86.05,64.87,Night,Weekend
2025-05-03 02:00:00,31.81,61.65,73.29,Night,Weekend
2025-05-03 03:00:00,33.22,87.22,43.32,Night,Weekend
2025-05-03 04:00:00,21.57,67.36,83.8,Night,Weekend
2025-05-03 05:00:00,30.89,53.69,86.95,Night,Weekend
2025-05-03 06:00:00,34.19,76.06,70.9,Morning,Weekend
2025-05-03 07:00:00,23.35,80.24,84.07,Morning,Weekend
2025-05-03 08:00:00,35.61,69.06,46.57,Morning,Weekend
2025-05-03 09:00:00,31.68,33.96,79.87,Morning,Weekend
2025-05-03 10:00:00,39.04,41.89,45.96,Morning,Weekend
2025-05-03 11:00:00,20.85,49.97,60.4,Morning,Weekend
2025-05-03 12:00:00,25.31,49.78,56.19,Morning,Weekend
2025-05-03 13:00:00,32.03,77.14,69.28,Morning,Weekend
2025-05-03 14:00:00,25.93,31.28,55.08,Evening,Weekend
2025-05-03 15:00:00,34.29,82.9,71.87,Evening,Weekend
2025-05-03 16:00:00,35.18,48.57,58.37,Evening,Weekend
2025-05-03 17:00:00,22.05,51.7,83.04,Evening,Weekend
2025-05-03 18:00:00,30.28,66.95,71.69,Evening,Weekend
2025-05-03 19:00:00,30.18,45.11,50.76,Evening,Weekend
2025-05-03 20:00:00,27.39,91.91,56.81,Evening,Weekend
2025-05-03 21:00:00,38.66,35.98,82.37,Evening,Weekend
2025-05-03 22:00:00,36.55,61.11,59.32,Night,Weekend
2025-05-03 23:00:00,33.94,89.46,66.79,Night,Weekend
2025-05-04 00:00:00,34.29,73.11,72.45,Night,Weekend
2025-05-04 01:00:00,29.23,50.46,57.39,Night,Weekend
2025-05-04 02:00:00,38.42,59.45,54.7,Night,Weekend
2025-05-04 03:00:00,33.89,79.47,63.76,Night,Weekend
2025-05-04 04:00:00,34.58,98.13,50.74,Night,Weekend
2025-05-04 05:00:00,37.23,92.52,54.21,Night,Weekend
2025-05-04 06:00:00,25.48,53.97,43.1,Morning,Weekend
2025-05-04 07:00:00,36.14,99.87,55.2,Morning,Weekend
2025-05-04 08:00:00,23.9,30.25,56.04,Morning,Weekend
2025-05-04 09:00:00,26.91,31.93,88.09,Morning,Weekend
2025-05-04 10:00:00,26.71,87.67,69.49,Morning,Weekend
2025-05-04 11:00:00,39.57,43.96,79.37,Morning,Weekend
2025-05-04 12:00:00,37.13,34.25,42.27,Morning,Weekend
2025-05-04 13:00:00,34.02,46.6,45.33,Morning,Weekend
2025-05-04 14:00:00,34.54,59.83,80.73,Evening,Weekend
2025-05-04 15:00:00,31.24,81.14,71.18,Evening,Weekend
2025-05-04 16:00:00,38.94,73.7,49.55,Evening,Weekend
2025-05-04 17:00:00,29.93,46.63,60.24,Evening,Weekend
2025-05-04 18:00:00,27.61,65.23,66.93,Evening,Weekend
2025-05-04 19:00:00,23.26,94.83,82.18,Evening,Weekend
2025-05-04 20:00:00,35.72,87.05,43.02,Evening,Weekend
2025-05-04 21:00:00,34.69,52.62,69.84,Evening,Weekend
2025-05-04 22:00:00,27.69,98.76,75.85,Night,Weekend
2025-05-04 23:00:00,20.5,79.6,88.89,Night,Weekend
2025-05-05 00:00:00,36.78,34.37,80.36,Night,Weekday
2025-05-05 01:00:00,20.23,32.46,53.81,Night,Weekday
2025-05-05 02:00:00,34.07,41.79,75.48,Night,Weekday
2025-05-05 03:00:00,39.41,80.95,78.16,Night,Weekday
2025-05-05 04:00:00,28.75,42.86,76.49,Night,Weekday
2025-05-05 05:00:00,24.7,65.8,81.01,Night,Weekday
2025-05-05 06:00:00,34.1,36.53,85.19,Morning,Weekday
2025-05-05 07:00:00,36.34,94.46,44.92,Morning,Weekday
2025-05-05 08:00:00,30.93,54.08,45.24,Morning,Weekday
2025-05-05 09:00:00,39.34,93.57,79.82,Morning,Weekday
2025-05-05 10:00:00,21.03,96.14,52.62,Morning,Weekday
2025-05-05 11:00:00,30.1,30.43,42.93,Morning,Weekday
2025-05-05 12:00:00,34.37,62.49,60.06,Morning,Weekday
2025-05-05 13:00:00,37.25,31.73,80.99,Morning,Weekday
2025-05-05 14:00:00,23.59,93.61,46.33,Evening,Weekday
2025-05-05 15:00:00,36.0,66.29,73.59,Evening,Weekday
2025-05-05 16:00:00,31.05,35.25,40.18,Evening,Weekday
2025-05-05 17:00:00,27.93,37.72,45.49,Evening,Weekday
2025-05-05 18:00:00,22.63,56.85,57.54,Evening,Weekday
2025-05-05 19:00:00,37.31,95.82,44.18,Evening,Weekday
2025-05-05 20:00:00,23.15,78.5,82.3,Evening,Weekday
2025-05-05 21:00:00,26.2,90.73,83.2,Evening,Weekday
2025-05-05 22:00:00,25.8,55.65,77.78,Night,Weekday
2025-05-05 23:00:00,37.43,33.02,52.12,Night,Weekday
2025-05-06 00:00:00,33.45,98.2,66.16,Night,Weekday
2025-05-06 01:00:00,35.93,31.2,49.21,Night,Weekday
2025-05-06 02:00:00,25.01,96.34,54.06,Night,Weekday
2025-05-06 03:00:00,32.5,55.81,65.8,Night,Weekday
2025-05-06 04:00:00,31.43,30.71,76.75,Night,Weekday
2025-05-06 05:00:00,36.66,78.24,44.73,Night,Weekday
2025-05-06 06:00:00,38.12,98.64,54.83,Morning,Weekday
2025-05-06 07:00:00,20.24,97.59,86.33,Morning,Weekday
2025-05-06 08:00:00,33.48,41.27,61.46,Morning,Weekday
2025-05-06 09:00:00,21.04,42.69,86.94,Morning,Weekday
2025-05-06 10:00:00,30.98,69.59,89.57,Morning,Weekday
2025-05-06 11:00:00,25.75,74.61,66.33,Morning,Weekday
2025-05-06 12:00:00,26.14,81.76,54.4,Morning,Weekday
2025-05-06 13:00:00,27.06,42.67,79.54,Morning,Weekday
2025-05-06 14:00:00,32.43,97.13,47.97,Evening,Weekday
2025-05-06 15:00:00,26.68,74.71,52.6,Evening,Weekday
2025-05-06 16:00:00,34.65,89.29,79.24,Evening,Weekday
2025-05-06 17:00:00,28.09,67.8,61.68,Evening,Weekday
2025-05-06 18:00:00,21.37,59.0,50.08,Evening,Weekday
2025-05-06 19:00:00,35.68,98.4,72.56,Evening,Weekday
2025-05-06 20:00:00,25.72,70.75,76.64,Evening,Weekday
2025-05-06 21:00:00,28.66,90.68,46.25,Evening,Weekday
2025-05-06 22:00:00,33.71,96.73,53.85,Night,Weekday
2025-05-06 23:00:00,26.65,77.27,51.06,Night,Weekday
2025-05-07 00:00:00,21.13,68.43,58.99,Night,Weekday
2025-05-07 01:00:00,27.48,30.25,78.17,Night,Weekday
2025-05-07 02:00:00,38.89,32.8,75.69,Night,Weekday
2025-05-07 03:00:00,32.83,44.06,73.13,Night,Weekday
2025-05-07 04:00:00,33.43,43.02,40.31,Night,Weekday
2025-05-07 05:00:00,32.65,47.83,47.11,Night,Weekday
2025-05-07 06:00:00,23.98,51.35,51.16,Morning,Weekday
2025-05-07 07:00:00,28.37,55.2,53.6,Morning,Weekday
2025-05-07 08:00:00,35.02,59.44,47.32,Morning,Weekday
2025-05-07 09:00:00,22.03,36.92,60.52,Morning,Weekday
2025-05-07 10:00:00,25.56,32.97,43.76,Morning,Weekday
2025-05-07 11:00:00,25.53,77.18,77.5,Morning,Weekday
2025-05-07 12:00:00,28.64,67.61,79.39,Morning,Weekday
2025-05-07 13:00:00,39.61,61.09,68.71,Morning,Weekday
2025-05-07 14:00:00,21.35,74.41,44.49,Evening,Weekday
2025-05-07 15:00:00,30.37,87.94,84.5,Evening,Weekday
2025-05-07 16:00:00,23.59,59.94,88.28,Evening,Weekday
2025-05-07 17:00:00,39.41,74.88,50.12,Evening,Weekday
2025-05-07 18:00:00,22.27,96.75,75.23,Evening,Weekday
2025-05-07 19:00:00,28.07,88.77,82.1,Evening,Weekday
2025-05-07 20:00:00,34.76,59.82,66.99,Evening,Weekday
2025-05-07 21:00:00,34.09,75.13,56.17,Evening,Weekday
2025-05-07 22:00:00,28.45,42.39,63.93,Night,Weekday
2025-05-07 23:00:00,26.93,69.24,65.61,Night,Weekday
2025-05-08 00:00:00,27.95,98.69,60.03,Night,Weekday
2025-05-08 01:00:00,25.29,66.28,86.49,Night,Weekday
2025-05-08 02:00:00,24.11,94.93,77.19,Night,Weekday
2025-05-08 03:00:00,29.66,58.51,52.07,Night,Weekday
2025-05-08 04:00:00,25.37,99.92,69.28,Night,Weekday
2025-05-08 05:00:00,25.75,70.55,74.43,Night,Weekday
2025-05-08 06:00:00,33.14,32.96,47.01,Morning,Weekday
2025-05-08 07:00:00,39.37,71.07,57.92,Morning,Weekday
2025-05-08 08:00:00,32.07,49.22,85.28,Morning,Weekday
2025-05-08 09:00:00,21.54,32.27,68.36,Morning,Weekday
2025-05-08 10:00:00,21.51,87.46,50.85,Morning,Weekday
2025-05-08 11:00:00,39.03,49.3,46.14,Morning,Weekday
2025-05-08 12:00:00,25.95,85.76,65.91,Morning,Weekday
2025-05-08 13:00:00,21.84,50.18,67.38,Morning,Weekday
2025-05-08 14:00:00,31.98,43.6,56.72,Evening,Weekday
2025-05-08 15:00:00,32.47,98.18,71.52,Evening,Weekday
2025-05-08 16:00:00,32.97,55.32,43.43,Evening,Weekday
2025-05-08 17:00:00,25.35,72.1,47.26,Evening,Weekday
2025-05-08 18:00:00,20.3,72.7,67.31,Evening,Weekday
2025-05-08 19:00:00,39.3,69.23,43.09,Evening,Weekday
2025-05-08 20:00:00,25.02,94.03,84.05,Evening,Weekday
2025-05-08 21:00:00,33.52,77.21,47.11,Evening,Weekday
2025-05-08 22:00:00,34.13,58.26,73.7,Night,Weekday
2025-05-08 23:00:00,32.2,90.37,59.56,Night,Weekday
2025-05-09 00:00:00,26.26,42.67,59.99,Night,Weekday
2025-05-09 01:00:00,25.42,68.1,78.24,Night,Weekday
2025-05-09 02:00:00,31.95,96.54,64.97,Night,Weekday
2025-05-09 03:00:00,37.32,73.78,76.28,Night,Weekday
2025-05-09 04:00:00,38.93,87.19,65.26,Night,Weekday
2025-05-09 05:00:00,22.12,75.75,69.65,Night,Weekday
2025-05-09 06:00:00,23.1,88.76,78.04,Morning,Weekday
2025-05-09 07:00:00,38.89,96.11,70.37,Morning,Weekday
2025-05-09 08:00:00,34.73,49.1,70.78,Morning,Weekday
2025-05-09 09:00:00,37.66,41.88,79.46,Morning,Weekday
2025-05-09 10:00:00,24.05,63.88,87.45,Morning,Weekday
2025-05-09 11:00:00,31.75,79.13,58.84,Morning,Weekday
2025-05-09 12:00:00,34.02,45.9,68.86,Morning,Weekday
2025-05-09 13:00:00,33.6,30.29,44.31,Morning,Weekday
2025-05-09 14:00:00,28.16,54.01,57.94,Evening,Weekday
2025-05-09 15:00:00,20.31,97.82,60.6,Evening,Weekday
2025-05-09 16:00:00,31.66,78.65,81.76,Evening,Weekday
2025-05-09 17:00:00,25.06,58.09,65.67,Evening,Weekday
2025-05-09 18:00:00,29.01,43.48,76.55,Evening,Weekday
2025-05-09 19:00:00,39.15,54.93,40.95,Evening,Weekday
2025-05-09 20:00:00,27.98,41.89,63.22,Evening,Weekday
2025-05-09 21:00:00,36.8,37.44,85.07,Evening,Weekday
2025-05-09 22:00:00,23.77,93.47,51.22,Night,Weekday
2025-05-09 23:00:00,33.45,99.84,41.58,Night,Weekday
2025-05-10 00:00:00,39.54,41.49,61.67,Night,Weekend
2025-05-10 01:00:00,22.04,33.82,75.22,Night,Weekend
2025-05-10 02:00:00,20.17,53.08,62.72,Night,Weekend
2025-05-10 03:00:00,28.67,62.32,63.0,Night,Weekend
2025-05-10 04:00:00,21.85,44.34,73.49,Night,Weekend
2025-05-10 05:00:00,34.97,51.1,52.72,Night,Weekend
2025-05-10 06:00:00,38.29,44.06,77.59,Morning,Weekend
2025-05-10 07:00:00,28.68,84.2,47.66,Morning,Weekend
2025-05-10 08:00:00,25.17,79.88,59.79,Morning,Weekend
2025-05-10 09:00:00,28.69,74.45,72.8,Morning,Weekend
2025-05-10 10:00:00,34.47,57.11,81.42,Morning,Weekend
2025-05-10 11:00:00,20.18,93.63,79.58,Morning,Weekend
2025-05-10 12:00:00,31.79,97.87,76.08,Morning,Weekend
2025-05-10 13:00:00,32.27,42.15,57.95,Morning,Weekend
2025-05-10 14:00:00,32.75,45.61,46.12,Evening,Weekend
2025-05-10 15:00:00,24.84,66.79,50.84,Evening,Weekend
2025-05-10 16:00:00,34.28,36.39,83.24,Evening,Weekend
2025-05-10 17:00:00,21.83,60.55,82.87,Evening,Weekend
2025-05-10 18:00:00,23.99,70.73,87.58,Evening,Weekend
2025-05-10 19:00:00,37.55,66.55,43.8,Evening,Weekend
2025-05-10 20:00:00,34.77,53.16,66.84,Evening,Weekend
2025-05-10 21:00:00,20.27,67.97,72.43,Evening,Weekend
2025-05-10 22:00:00,24.97,97.12,75.53,Night,Weekend
2025-05-10 23:00:00,24.29,44.42,72.19,Night,Weekend
2025-05-11 00:00:00,25.42,75.84,78.5,Night,Weekend
2025-05-11 01:00:00,24.95,33.04,57.97,Night,Weekend
2025-05-11 02:00:00,21.25,34.65,48.97,Night,Weekend
2025-05-11 03:00:00,29.18,68.63,50.23,Night,Weekend
2025-05-11 04:00:00,34.65,37.35,40.6,Night,Weekend
2025-05-11 05:00:00,32.13,31.56,57.52,Night,Weekend
2025-05-11 06:00:00,33.46,42.01,44.59,Morning,Weekend
2025-05-11 07:00:00,21.62,69.54,56.07,Morning,Weekend
2025-05-11 08:00:00,39.03,79.23,71.41,Morning,Weekend
2025-05-11 09:00:00,36.77,44.17,84.72,Morning,Weekend
2025-05-11 10:00:00,36.1,76.78,81.98,Morning,Weekend
2025-05-11 11:00:00,36.46,42.77,52.63,Morning,Weekend
2025-05-11 12:00:00,38.65,72.94,46.7,Morning,Weekend
2025-05-11 13:00:00,30.89,58.84,49.65,Morning,Weekend
2025-05-11 14:00:00,24.01,75.77,88.55,Evening,Weekend
2025-05-11 15:00:00,32.34,99.65,67.47,Evening,Weekend
2025-05-11 16:00:00,34.86,95.65,49.13,Evening,Weekend
2025-05-11 17:00:00,34.76,30.3,82.04,Evening,Weekend
2025-05-11 18:00:00,30.43,91.98,59.76,Evening,Weekend
2025-05-11 19:00:00,21.37,34.65,84.96,Evening,Weekend
2025-05-11 20:00:00,27.42,96.71,53.03,Evening,Weekend
2025-05-11 21:00:00,38.42,49.73,59.66,Evening,Weekend
2025-05-11 22:00:00,31.69,56.74,65.25,Night,Weekend
2025-05-11 23:00:00,30.77,36.41,84.63,Night,Weekend
2025-05-12 00:00:00,25.38,37.86,83.44,Night,Weekday
2025-05-12 01:00:00,27.37,80.87,68.72,Night,Weekday
2025-05-12 02:00:00,37.91,96.1,51.09,Night,Weekday
2025-05-12 03:00:00,33.33,72.75,60.17,Night,Weekday
2025-05-12 04:00:00,35.75,80.11,88.78,Night,Weekday
2025-05-12 05:00:00,29.09,83.34,70.39,Night,Weekday
2025-05-12 06:00:00,32.6,48.4,79.05,Morning,Weekday
2025-05-12 07:00:00,24.97,33.17,62.49,Morning,Weekday
2025-05-12 08:00:00,34.11,30.13,66.6,Morning,Weekday
2025-05-12 09:00:00,28.55,54.55,61.45,Morning,Weekday
2025-05-12 10:00:00,28.85,46.9,75.15,Morning,Weekday
2025-05-12 11:00:00,32.99,34.36,82.57,Morning,Weekday
2025-05-12 12:00:00,38.73,42.57,65.37,Morning,Weekday
2025-05-12 13:00:00,21.28,38.71,64.04,Morning,Weekday
2025-05-12 14:00:00,36.49,94.04,57.01,Evening,Weekday
2025-05-12 15:00:00,25.85,39.82,48.85,Evening,Weekday
2025-05-12 16:00:00,28.88,67.64,86.96,Evening,Weekday
2025-05-12 17:00:00,20.44,71.52,55.8,Evening,Weekday
2025-05-12 18:00:00,26.02,68.04,80.03,Evening,Weekday
2025-05-12 19:00:00,30.05,36.93,75.77,Evening,Weekday
2025-05-12 20:00:00,21.12,52.32,79.55,Evening,Weekday
2025-05-12 21:00:00,29.82,33.59,86.84,Evening,Weekday
2025-05-12 22:00:00,38.54,57.7,71.17,Night,Weekday
2025-05-12 23:00:00,22.11,43.2,84.9,Night,Weekday
2025-05-13 00:00:00,35.29,69.31,48.38,Night,Weekday
2025-05-13 01:00:00,28.19,78.5,71.34,Night,Weekday
2025-05-13 02:00:00,33.1,67.25,78.61,Night,Weekday
2025-05-13 03:00:00,25.2,60.4,53.58,Night,Weekday
2025-05-13 04:00:00,23.19,57.11,77.04,Night,Weekday
2025-05-13 05:00:00,23.21,88.92,78.92,Night,Weekday
2025-05-13 06:00:00,21.41,45.36,81.56,Morning,Weekday
2025-05-13 07:00:00,23.71,81.4,55.64,Morning,Weekday
2025-05-13 08:00:00,33.28,83.02,74.08,Morning,Weekday
2025-05-13 09:00:00,37.63,59.34,55.21,Morning,Weekday
2025-05-13 10:00:00,36.28,50.81,76.95,Morning,Weekday
2025-05-13 11:00:00,33.7,62.94,63.15,Morning,Weekday
2025-05-13 12:00:00,22.21,36.52,69.88,Morning,Weekday
2025-05-13 13:00:00,25.78,33.22,60.79,Morning,Weekday
2025-05-13 14:00:00,26.2,37.81,48.1,Evening,Weekday
2025-05-13 15:00:00,25.0,43.1,48.9,Evening,Weekday
2025-05-13 16:00:00,30.3,65.29,43.88,Evening,Weekday
2025-05-13 17:00:00,30.71,89.44,70.9,Evening,Weekday
2025-05-13 18:00:00,27.14,46.49,82.43,Evening,Weekday
2025-05-13 19:00:00,27.08,95.46,41.04,Evening,Weekday
2025-05-13 20:00:00,36.57,96.84,43.31,Evening,Weekday
2025-05-13 21:00:00,35.79,97.12,62.87,Evening,Weekday
2025-05-13 22:00:00,26.16,88.63,76.89,Night,Weekday
2025-05-13 23:00:00,38.28,55.47,47.89,Night,Weekday
2025-05-14 00:00:00,39.06,35.09,53.58,Night,Weekday
2025-05-14 01:00:00,26.53,69.82,51.6,Night,Weekday
2025-05-14 02:00:00,27.09,69.11,59.95,Night,Weekday
2025-05-14 03:00:00,30.11,89.5,51.25,Night,Weekday
2025-05-14 04:00:00,38.82,99.72,57.63,Night,Weekday
2025-05-14 05:00:00,37.53,65.57,76.43,Night,Weekday
2025-05-14 06:00:00,22.05,54.16,70.55,Morning,Weekday
2025-05-14 07:00:00,27.85,43.01,44.06,Morning,Weekday
2025-05-14 08:00:00,31.07,30.34,71.89,Morning,Weekday
2025-05-14 09:00:00,30.06,65.64,63.85,Morning,Weekday
2025-05-14 10:00:00,23.88,68.89,86.73,Morning,Weekday
2025-05-14 11:00:00,37.18,87.75,54.47,Morning,Weekday
2025-05-14 12:00:00,33.54,65.32,76.31,Morning,Weekday
2025-05-14 13:00:00,36.76,94.15,76.54,Morning,Weekday
2025-05-14 14:00:00,37.18,73.97,51.08,Evening,Weekday
2025-05-14 15:00:00,34.97,88.82,85.16,Evening,Weekday
2025-05-14 16:00:00,28.78,40.38,64.56,Evening,Weekday
2025-05-14 17:00:00,32.21,89.87,73.94,Evening,Weekday
2025-05-14 18:00:00,23.21,77.26,47.29,Evening,Weekday
2025-05-14 19:00:00,33.47,41.92,52.89,Evening,Weekday
2025-05-14 20:00:00,23.59,43.28,69.31,Evening,Weekday
2025-05-14 21:00:00,33.88,94.86,55.95,Evening,Weekday
2025-05-14 22:00:00,24.59,32.26,64.98,Night,Weekday
2025-05-14 23:00:00,22.35,62.38,58.7,Night,Weekday
2025-05-15 00:00:00,23.31,51.94,72.03,Night,Weekday
2025-05-15 01:00:00,20.04,76.56,64.36,Night,Weekday
2025-05-15 02:00:00,34.37,88.77,40.23,Night,Weekday
2025-05-15 03:00:00,34.65,55.23,72.48,Night,Weekday
2025-05-15 04:00:00,30.3,59.88,61.11,Night,Weekday
2025-05-15 05:00:00,23.23,98.73,57.08,Night,Weekday
2025-05-15 06:00:00,21.67,84.87,44.71,Morning,Weekday
2025-05-15 07:00:00,20.38,92.8,51.02,Morning,Weekday
2025-05-15 08:00:00,23.31,60.71,51.19,Morning,Weekday
2025-05-15 09:00:00,37.82,46.39,86.77,Morning,Weekday
2025-05-15 10:00:00,24.83,58.83,61.63,Morning,Weekday
2025-05-15 11:00:00,27.09,80.13,42.1,Morning,Weekday
2025-05-15 12:00:00,22.11,37.66,46.94,Morning,Weekday
2025-05-15 13:00:00,24.45,48.93,43.95,Morning,Weekday
2025-05-15 14:00:00,30.38,33.26,69.44,Evening,Weekday
2025-05-15 15:00:00,32.16,60.26,49.33,Evening,Weekday
2025-05-15 16:00:00,24.91,87.92,64.93,Evening,Weekday
2025-05-15 17:00:00,21.15,31.73,58.5,Evening,Weekday
2025-05-15 18:00:00,27.82,77.27,80.19,Evening,Weekday
2025-05-15 19:00:00,24.68,95.27,56.02,Evening,Weekday
2025-05-15 20:00:00,24.39,46.58,62.91,Evening,Weekday
2025-05-15 21:00:00,39.2,78.55,76.06,Evening,Weekday
2025-05-15 22:00:00,32.33,98.26,61.67,Night,Weekday
2025-05-15 23:00:00,31.14,97.36,79.66,Night,Weekday
2025-05-16 00:00:00,28.32,46.45,73.08,Night,Weekday
2025-05-16 01:00:00,28.58,37.02,60.53,Night,Weekday
2025-05-16 02:00:00,30.82,40.38,65.2,Night,Weekday
2025-05-16 03:00:00,33.93,79.14,88.36,Night,Weekday
2025-05-16 04:00:00,34.04,80.8,73.08,Night,Weekday
2025-05-16 05:00:00,23.43,77.2,85.25,Night,Weekday
2025-05-16 06:00:00,30.0,53.53,48.94,Morning,Weekday
2025-05-16 07:00:00,28.24,41.88,64.16,Morning,Weekday
2025-05-16 08:00:00,37.41,70.65,85.43,Morning,Weekday
2025-05-16 09:00:00,32.63,63.86,56.13,Morning,Weekday
2025-05-16 10:00:00,30.65,81.02,88.38,Morning,Weekday
2025-05-16 11:00:00,22.31,60.9,44.85,Morning,Weekday
2025-05-16 12:00:00,32.11,53.7,85.13,Morning,Weekday
2025-05-16 13:00:00,22.34,50.54,62.26,Morning,Weekday
2025-05-16 14:00:00,26.74,44.8,43.69,Evening,Weekday
2025-05-16 15:00:00,22.86,48.6,83.98,Evening,Weekday
2025-05-16 16:00:00,33.84,36.64,52.6,Evening,Weekday
2025-05-16 17:00:00,24.13,54.28,41.11,Evening,Weekday
2025-05-16 18:00:00,27.84,32.56,46.79,Evening,Weekday
2025-05-16 19:00:00,37.91,43.05,72.96,Evening,Weekday
2025-05-16 20:00:00,24.09,82.27,88.89,Evening,Weekday
2025-05-16 21:00:00,30.16,52.78,45.57,Evening,Weekday
2025-05-16 22:00:00,28.39,76.78,63.1,Night,Weekday
2025-05-16 23:00:00,20.36,80.18,49.03,Night,Weekday
2025-05-17 00:00:00,35.86,70.68,77.25,Night,Weekend
2025-05-17 01:00:00,21.38,97.11,45.9,Night,Weekend
2025-05-17 02:00:00,29.49,31.5,51.99,Night,Weekend
2025-05-17 03:00:00,31.21,81.71,49.82,Night,Weekend
2025-05-17 04:00:00,32.57,97.12,67.63,Night,Weekend
2025-05-17 05:00:00,33.77,90.36,83.66,Night,Weekend
2025-05-17 06:00:00,25.07,41.75,65.55,Morning,Weekend
2025-05-17 07:00:00,20.2,52.88,42.91,Morning,Weekend
2025-05-17 08:00:00,34.47,42.07,68.17,Morning,Weekend
2025-05-17 09:00:00,30.71,72.09,79.88,Morning,Weekend
2025-05-17 10:00:00,36.72,79.85,46.61,Morning,Weekend
2025-05-17 11:00:00,36.43,52.2,43.64,Morning,Weekend
2025-05-17 12:00:00,36.87,67.77,49.39,Morning,Weekend
2025-05-17 13:00:00,29.7,78.36,77.3,Morning,Weekend
2025-05-17 14:00:00,26.67,59.49,69.58,Evening,Weekend
2025-05-17 15:00:00,35.83,89.78,67.03,Evening,Weekend
2025-05-17 16:00:00,29.03,84.01,52.47,Evening,Weekend
2025-05-17 17:00:00,23.67,34.53,56.61,Evening,Weekend
2025-05-17 18:00:00,37.1,73.48,88.29,Evening,Weekend
2025-05-17 19:00:00,37.65,46.47,52.03,Evening,Weekend
2025-05-17 20:00:00,29.33,69.03,85.08,Evening,Weekend
2025-05-17 21:00:00,21.51,96.98,69.03,Evening,Weekend
2025-05-17 22:00:00,27.76,91.53,46.16,Night,Weekend
2025-05-17 23:00:00,36.07,58.32,63.37,Night,Weekend
2025-05-18 00:00:00,38.04,50.41,87.43,Night,Weekend
2025-05-18 01:00:00,24.07,46.41,60.93,Night,Weekend
2025-05-18 02:00:00,21.34,67.28,83.17,Night,Weekend
2025-05-18 03:00:00,37.55,38.0,52.82,Night,Weekend
2025-05-18 04:00:00,27.79,68.45,68.55,Night,Weekend
2025-05-18 05:00:00,30.84,30.09,82.19,Night,Weekend
2025-05-18 06:00:00,39.36,52.67,86.03,Morning,Weekend
2025-05-18 07:00:00,21.33,45.4,64.29,Morning,Weekend
2025-05-18 08:00:00,32.97,97.99,71.98,Morning,Weekend
2025-05-18 09:00:00,21.48,80.91,40.15,Morning,Weekend
2025-05-18 10:00:00,27.51,54.48,52.66,Morning,Weekend
2025-05-18 11:00:00,36.08,36.5,53.94,Morning,Weekend
2025-05-18 12:00:00,28.67,66.18,44.67,Morning,Weekend
2025-05-18 13:00:00,39.94,44.94,53.98,Morning,Weekend
2025-05-18 14:00:00,31.18,67.55,56.06,Evening,Weekend
2025-05-18 15:00:00,26.42,88.48,88.44,Evening,Weekend
2025-05-18 16:00:00,24.4,73.11,73.43,Evening,Weekend
2025-05-18 17:00:00,27.01,74.37,61.3,Evening,Weekend
2025-05-18 18:00:00,27.45,67.87,89.4,Evening,Weekend
2025-05-18 19:00:00,21.37,94.91,47.66,Evening,Weekend
2025-05-18 20:00:00,27.39,95.23,63.8,Evening,Weekend
2025-05-18 21:00:00,29.28,65.89,72.35,Evening,Weekend
2025-05-18 22:00:00,34.45,51.4,42.78,Night,Weekend
2025-05-18 23:00:00,33.13,62.17,75.85,Night,Weekend
2025-05-19 00:00:00,34.18,43.06,44.99,Night,Weekday
2025-05-19 01:00:00,20.17,74.54,47.01,Night,Weekday
2025-05-19 02:00:00,24.35,65.01,47.98,Night,Weekday
2025-05-19 03:00:00,33.23,37.23,86.44,Night,Weekday
2025-05-19 04:00:00,29.68,43.84,74.16,Night,Weekday
2025-05-19 05:00:00,20.11,63.57,72.77,Night,Weekday
2025-05-19 06:00:00,36.09,92.13,67.77,Morning,Weekday
2025-05-19 07:00:00,35.46,69.65,54.64,Morning,Weekday
2025-05-19 08:00:00,30.97,77.71,71.04,Morning,Weekday
2025-05-19 09:00:00,21.33,53.73,60.51,Morning,Weekday
2025-05-19 10:00:00,35.33,70.0,47.27,Morning,Weekday
2025-05-19 11:00:00,31.67,61.32,74.48,Morning,Weekday
2025-05-19 12:00:00,35.64,76.14,46.48,Morning,Weekday
2025-05-19 13:00:00,35.03,33.54,49.53,Morning,Weekday
2025-05-19 14:00:00,36.06,64.53,80.88,Evening,Weekday
2025-05-19 15:00:00,30.36,50.72,73.01,Evening,Weekday
2025-05-19 16:00:00,22.81,52.83,71.55,Evening,Weekday
2025-05-19 17:00:00,33.42,97.26,60.91,Evening,Weekday
2025-05-19 18:00:00,32.41,42.79,59.81,Evening,Weekday
2025-05-19 19:00:00,34.85,51.79,74.51,Evening,Weekday
2025-05-19 20:00:00,23.4,65.69,77.0,Evening,Weekday
2025-05-19 21:00:00,23.9,90.41,65.51,Evening,Weekday
2025-05-19 22:00:00,37.81,59.17,88.46,Night,Weekday
2025-05-19 23:00:00,35.0,82.07,87.78,Night,Weekday
2025-05-20 00:00:00,38.16,89.95,60.62,Night,Weekday
2025-05-20 01:00:00,35.17,51.7,81.03,Night,Weekday
2025-05-20 02:00:00,31.94,57.49,67.16,Night,Weekday
2025-05-20 03:00:00,33.08,54.96,65.59,Night,Weekday
2025-05-20 04:00:00,37.78,88.3,42.75,Night,Weekday
2025-05-20 05:00:00,31.58,33.1,68.7,Night,Weekday
2025-05-20 06:00:00,32.65,51.59,85.03,Morning,Weekday
2025-05-20 07:00:00,23.13,77.56,79.01,Morning,Weekday
2025-05-20 08:00:00,29.48,69.58,79.32,Morning,Weekday
2025-05-20 09:00:00,34.33,60.54,48.0,Morning,Weekday
2025-05-20 10:00:00,25.42,67.8,57.92,Morning,Weekday
2025-05-20 11:00:00,24.05,43.83,51.66,Morning,Weekday
2025-05-20 12:00:00,26.28,60.15,55.8,Morning,Weekday
2025-05-20 13:00:00,24.83,65.12,68.98,Morning,Weekday
2025-05-20 14:00:00,24.3,93.08,58.24,Evening,Weekday
2025-05-20 15:00:00,28.5,48.26,68.03,Evening,Weekday
2025-05-20 16:00:00,38.16,90.75,61.93,Evening,Weekday
2025-05-20 17:00:00,30.14,75.1,54.33,Evening,Weekday
2025-05-20 18:00:00,23.76,31.42,44.77,Evening,Weekday
2025-05-20 19:00:00,21.54,80.72,84.59,Evening,Weekday
2025-05-20 20:00:00,33.92,32.49,40.57,Evening,Weekday
2025-05-20 21:00:00,27.66,99.82,40.08,Evening,Weekday
2025-05-20 22:00:00,36.44,91.08,81.34,Night,Weekday
2025-05-20 23:00:00,33.19,50.81,89.84,Night,Weekday
2025-05-21 00:00:00,35.92,48.02,76.36,Night,Weekday
2025-05-21 01:00:00,25.44,56.7,40.76,Night,Weekday
2025-05-21 02:00:00,33.85,54.93,51.33,Night,Weekday
2025-05-21 03:00:00,25.28,56.06,88.59,Night,Weekday
2025-05-21 04:00:00,38.78,52.28,80.43,Night,Weekday
2025-05-21 05:00:00,32.73,73.48,68.34,Night,Weekday
2025-05-21 06:00:00,26.49,41.5,51.84,Morning,Weekday
2025-05-21 07:00:00,25.39,89.22,40.72,Morning,Weekday
2025-05-21 08:00:00,23.82,86.87,41.04,Morning,Weekday
2025-05-21 09:00:00,33.89,63.35,70.6,Morning,Weekday
2025-05-21 10:00:00,24.37,89.69,41.09,Morning,Weekday
2025-05-21 11:00:00,31.91,47.3,89.68,Morning,Weekday
2025-05-21 12:00:00,25.29,31.23,49.17,Morning,Weekday
2025-05-21 13:00:00,33.24,73.34,75.54,Morning,Weekday
2025-05-21 14:00:00,36.3,62.05,47.75,Evening,Weekday
2025-05-21 15:00:00,35.56,69.7,67.0,Evening,Weekday
2025-05-21 16:00:00,35.22,92.95,44.03,Evening,Weekday
2025-05-21 17:00:00,23.75,97.89,78.34,Evening,Weekday
2025-05-21 18:00:00,21.77,74.41,69.25,Evening,Weekday
2025-05-21 19:00:00,33.98,83.48,44.31,Evening,Weekday
2025-05-21 20:00:00,27.37,35.87,82.43,Evening,Weekday
2025-05-21 21:00:00,28.65,41.25,67.35,Evening,Weekday
2025-05-21 22:00:00,20.62,81.32,86.08,Night,Weekday
2025-05-21 23:00:00,25.19,60.2,85.83,Night,Weekday
2025-05-22 00:00:00,20.67,61.22,86.03,Night,Weekday
2025-05-22 01:00:00,37.58,51.6,43.89,Night,Weekday
2025-05-22 02:00:00,24.87,72.51,46.05,Night,Weekday
2025-05-22 03:00:00,31.15,42.96,89.39,Night,Weekday
2025-05-22 04:00:00,20.78,73.88,64.38,Night,Weekday
2025-05-22 05:00:00,33.34,42.17,51.91,Night,Weekday
2025-05-22 06:00:00,26.46,34.47,78.48,Morning,Weekday
2025-05-22 07:00:00,37.96,53.13,53.21,Morning,Weekday
2025-05-22 08:00:00,37.76,46.18,76.36,Morning,Weekday
2025-05-22 09:00:00,26.51,92.23,81.86,Morning,Weekday
2025-05-22 10:00:00,38.02,33.85,79.21,Morning,Weekday
2025-05-22 11:00:00,39.92,42.36,53.7,Morning,Weekday
2025-05-22 12:00:00,36.51,68.41,60.08,Morning,Weekday
2025-05-22 13:00:00,36.9,63.67,60.66,Morning,Weekday
2025-05-22 14:00:00,24.98,33.21,64.56,Evening,Weekday
2025-05-22 15:00:00,31.53,30.51,48.37,Evening,Weekday
2025-05-22 16:00:00,21.35,99.16,62.62,Evening,Weekday
2025-05-22 17:00:00,21.9,76.12,65.54,Evening,Weekday
2025-05-22 18:00:00,39.98,55.58,66.59,Evening,Weekday
2025-05-22 19:00:00,26.53,62.93,81.0,Evening,Weekday
2025-05-22 20:00:00,34.96,48.66,65.87,Evening,Weekday
2025-05-22 21:00:00,36.13,54.14,51.54,Evening,Weekday
2025-05-22 22:00:00,37.16,75.43,73.16,Night,Weekday
2025-05-22 23:00:00,39.95,91.8,79.87,Night,Weekday
2025-05-23 00:00:00,24.83,42.89,55.97,Night,Weekday
2025-05-23 01:00:00,20.81,88.83,72.27,Night,Weekday
2025-05-23 02:00:00,28.22,38.51,47.35,Night,Weekday
2025-05-23 03:00:00,22.6,45.05,57.1,Night,Weekday
2025-05-23 04:00:00,20.45,32.6,85.46,Night,Weekday
2025-05-23 05:00:00,27.21,39.86,85.57,Night,Weekday
2025-05-23 06:00:00,35.67,94.21,68.77,Morning,Weekday
2025-05-23 07:00:00,31.32,62.16,75.12,Morning,Weekday
2025-05-23 08:00:00,26.26,35.44,82.7,Morning,Weekday
2025-05-23 09:00:00,33.09,97.18,87.93,Morning,Weekday
2025-05-23 10:00:00,24.64,91.53,64.49,Morning,Weekday
2025-05-23 11:00:00,20.29,82.83,68.08,Morning,Weekday
2025-05-23 12:00:00,35.29,95.34,60.78,Morning,Weekday
2025-05-23 13:00:00,32.47,45.41,43.6,Morning,Weekday
2025-05-23 14:00:00,35.25,88.55,61.14,Evening,Weekday
2025-05-23 15:00:00,20.78,78.3,79.53,Evening,Weekday
2025-05-23 16:00:00,36.74,90.88,80.24,Evening,Weekday
2025-05-23 17:00:00,32.39,85.78,84.62,Evening,Weekday
2025-05-23 18:00:00,31.27,54.25,42.57,Evening,Weekday
2025-05-23 19:00:00,32.49,84.21,66.36,Evening,Weekday
2025-05-23 20:00:00,37.29,48.37,45.37,Evening,Weekday
2025-05-23 21:00:00,31.74,53.0,50.04,Evening,Weekday
2025-05-23 22:00:00,31.62,37.55,85.01,Night,Weekday
2025-05-23 23:00:00,39.81,95.46,64.84,Night,Weekday
2025-05-24 00:00:00,35.13,50.37,77.93,Night,Weekend
2025-05-24 01:00:00,28.85,66.44,43.22,Night,Weekend
2025-05-24 02:00:00,34.15,57.39,60.84,Night,Weekend
2025-05-24 03:00:00,27.78,97.19,73.71,Night,Weekend
2025-05-24 04:00:00,24.58,53.45,46.67,Night,Weekend
2025-05-24 05:00:00,31.94,84.5,56.29,Night,Weekend
2025-05-24 06:00:00,38.56,89.88,43.23,Morning,Weekend
2025-05-24 07:00:00,38.58,60.49,72.57,Morning,Weekend
2025-05-24 08:00:00,26.84,56.47,88.54,Morning,Weekend
2025-05-24 09:00:00,30.55,82.34,81.35,Morning,Weekend
2025-05-24 10:00:00,24.23,93.9,88.73,Morning,Weekend
2025-05-24 11:00:00,39.91,82.85,82.28,Morning,Weekend
2025-05-24 12:00:00,39.62,45.9,82.76,Morning,Weekend
2025-05-24 13:00:00,32.99,92.18,68.86,Morning,Weekend
2025-05-24 14:00:00,36.09,57.13,65.91,Evening,Weekend
2025-05-24 15:00:00,34.3,70.34,60.31,Evening,Weekend
2025-05-24 16:00:00,31.86,88.2,80.9,Evening,Weekend
2025-05-24 17:00:00,21.07,43.19,49.1,Evening,Weekend
2025-05-24 18:00:00,29.1,84.92,42.81,Evening,Weekend
2025-05-24 19:00:00,33.5,71.73,87.39,Evening,Weekend
2025-05-24 20:00:00,33.55,92.53,40.19,Evening,Weekend
2025-05-24 21:00:00,27.46,42.04,88.84,Evening,Weekend
2025-05-24 22:00:00,38.83,59.45,76.44,Night,Weekend
2025-05-24 23:00:00,23.35,88.3,56.42,Night,Weekend
2025-05-25 00:00:00,30.01,31.35,74.89,Night,Weekend
2025-05-25 01:00:00,33.82,37.85,80.89,Night,Weekend
2025-05-25 02:00:00,33.94,99.34,52.27,Night,Weekend
2025-05-25 03:00:00,32.97,49.63,78.54,Night,Weekend
2025-05-25 04:00:00,25.51,98.29,80.22,Night,Weekend
2025-05-25 05:00:00,23.12,42.78,52.47,Night,Weekend
2025-05-25 06:00:00,32.72,55.28,42.1,Morning,Weekend
2025-05-25 07:00:00,31.99,82.7,50.21,Morning,Weekend
2025-05-25 08:00:00,23.59,76.04,50.03,Morning,Weekend
2025-05-25 09:00:00,34.1,70.68,43.26,Morning,Weekend
2025-05-25 10:00:00,29.1,67.09,76.3,Morning,Weekend
2025-05-25 11:00:00,33.36,89.04,59.0,Morning,Weekend
2025-05-25 12:00:00,36.75,46.45,84.22,Morning,Weekend
2025-05-25 13:00:00,23.39,60.97,52.61,Morning,Weekend
2025-05-25 14:00:00,20.38,40.88,62.66,Evening,Weekend
2025-05-25 15:00:00,35.58,71.72,71.95,Evening,Weekend
2025-05-25 16:00:00,32.19,47.54,83.87,Evening,Weekend
2025-05-25 17:00:00,33.99,53.37,66.23,Evening,Weekend
2025-05-25 18:00:00,36.76,62.99,58.68,Evening,Weekend
2025-05-25 19:00:00,36.06,31.87,83.35,Evening,Weekend
2025-05-25 20:00:00,39.22,36.44,55.51,Evening,Weekend
2025-05-25 21:00:00,30.72,78.02,43.97,Evening,Weekend
2025-05-25 22:00:00,29.77,60.03,62.25,Night,Weekend
2025-05-25 23:00:00,28.04,90.54,79.25,Night,Weekend
2025-05-26 00:00:00,23.07,78.63,41.54,Night,Weekday
2025-05-26 01:00:00,31.45,30.57,69.29,Night,Weekday
2025-05-26 02:00:00,25.54,73.17,69.72,Night,Weekday
2025-05-26 03:00:00,38.43,36.56,86.43,Night,Weekday
2025-05-26 04:00:00,31.66,84.67,54.32,Night,Weekday
2025-05-26 05:00:00,31.86,99.41,53.94,Night,Weekday
2025-05-26 06:00:00,27.1,67.18,62.02,Morning,Weekday
2025-05-26 07:00:00,21.04,77.79,57.85,Morning,Weekday
2025-05-26 08:00:00,20.63,46.61,76.82,Morning,Weekday
2025-05-26 09:00:00,28.47,60.63,72.09,Morning,Weekday
2025-05-26 10:00:00,21.69,89.93,77.95,Morning,Weekday
2025-05-26 11:00:00,32.14,41.72,81.0,Morning,Weekday
2025-05-26 12:00:00,37.62,48.59,86.15,Morning,Weekday
2025-05-26 13:00:00,37.66,61.18,61.55,Morning,Weekday
2025-05-26 14:00:00,33.18,79.86,89.23,Evening,Weekday
2025-05-26 15:00:00,24.22,56.31,50.78,Evening,Weekday
2025-05-26 16:00:00,37.26,94.94,75.72,Evening,Weekday
2025-05-26 17:00:00,37.72,36.61,66.7,Evening,Weekday
2025-05-26 18:00:00,23.93,55.96,80.85,Evening,Weekday
2025-05-26 19:00:00,34.75,79.63,63.84,Evening,Weekday
2025-05-26 20:00:00,25.73,45.82,79.2,Evening,Weekday
2025-05-26 21:00:00,36.05,75.95,86.51,Evening,Weekday
2025-05-26 22:00:00,39.94,41.5,76.61,Night,Weekday
2025-05-26 23:00:00,20.6,33.92,78.8,Night,Weekday
2025-05-27 00:00:00,37.95,38.47,43.36,Night,Weekday
2025-05-27 01:00:00,32.45,95.1,50.25,Night,Weekday
2025-05-27 02:00:00,39.47,68.62,88.72,Night,Weekday
2025-05-27 03:00:00,29.3,85.74,74.66,Night,Weekday
2025-05-27 04:00:00,36.95,53.29,68.07,Night,Weekday
2025-05-27 05:00:00,21.25,71.49,58.35,Night,Weekday
2025-05-27 06:00:00,26.71,64.65,42.22,Morning,Weekday
2025-05-27 07:00:00,21.34,96.2,58.46,Morning,Weekday
2025-05-27 08:00:00,39.51,82.33,64.95,Morning,Weekday
2025-05-27 09:00:00,36.34,81.14,50.57,Morning,Weekday
2025-05-27 10:00:00,37.05,33.24,48.66,Morning,Weekday
2025-05-27 11:00:00,38.76,68.48,65.42,Morning,Weekday
2025-05-27 12:00:00,21.7,62.69,69.3,Morning,Weekday
2025-05-27 13:00:00,27.71,94.95,52.0,Morning,Weekday
2025-05-27 14:00:00,21.42,48.01,69.37,Evening,Weekday
2025-05-27 15:00:00,24.22,48.89,85.02,Evening,Weekday
2025-05-27 16:00:00,24.59,58.79,63.66,Evening,Weekday
2025-05-27 17:00:00,29.38,47.04,82.87,Evening,Weekday
2025-05-27 18:00:00,25.37,39.04,86.36,Evening,Weekday
2025-05-27 19:00:00,22.02,90.02,44.62,Evening,Weekday
2025-05-27 20:00:00,23.35,69.08,44.79,Evening,Weekday
2025-05-27 21:00:00,22.95,90.3,63.8,Evening,Weekday
2025-05-27 22:00:00,39.46,88.18,69.41,Night,Weekday
2025-05-27 23:00:00,35.19,49.74,61.29,Night,Weekday
2025-05-28 00:00:00,39.36,68.34,56.32,Night,Weekday
2025-05-28 01:00:00,28.79,35.83,72.05,Night,Weekday
2025-05-28 02:00:00,25.57,94.07,40.1,Night,Weekday
2025-05-28 03:00:00,35.97,58.3,88.4,Night,Weekday
2025-05-28 04:00:00,26.53,57.56,51.6,Night,Weekday
2025-05-28 05:00:00,25.99,51.19,85.85,Night,Weekday
2025-05-28 06:00:00,24.65,62.25,45.45,Morning,Weekday
2025-05-28 07:00:00,22.59,47.62,51.9,Morning,Weekday
2025-05-28 08:00:00,25.13,56.24,51.74,Morning,Weekday
2025-05-28 09:00:00,27.11,86.0,89.81,Morning,Weekday
2025-05-28 10:00:00,33.48,88.4,40.23,Morning,Weekday
2025-05-28 11:00:00,21.25,51.29,71.98,Morning,Weekday
2025-05-28 12:00:00,24.21,62.83,83.48,Morning,Weekday
2025-05-28 13:00:00,36.18,91.17,73.61,Morning,Weekday
2025-05-28 14:00:00,22.94,33.69,58.14,Evening,Weekday
2025-05-28 15:00:00,26.85,92.24,87.92,Evening,Weekday
2025-05-28 16:00:00,37.29,45.34,84.68,Evening,Weekday
2025-05-28 17:00:00,23.1,77.5,61.7,Evening,Weekday
2025-05-28 18:00:00,21.65,70.78,68.67,Evening,Weekday
2025-05-28 19:00:00,29.69,68.71,88.38,Evening,Weekday
2025-05-28 20:00:00,26.05,90.16,89.13,Evening,Weekday
2025-05-28 21:00:00,31.27,37.11,62.49,Evening,Weekday
2025-05-28 22:00:00,36.08,54.29,82.37,Night,Weekday
2025-05-28 23:00:00,22.74,67.68,55.1,Night,Weekday
2025-05-29 00:00:00,31.61,86.79,58.59,Night,Weekday
2025-05-29 01:00:00,30.11,45.15,48.24,Night,Weekday
2025-05-29 02:00:00,22.88,86.21,50.46,Night,Weekday
2025-05-29 03:00:00,32.48,57.97,72.84,Night,Weekday
2025-05-29 04:00:00,25.47,43.22,65.54,Night,Weekday
2025-05-29 05:00:00,29.76,83.13,51.56,Night,Weekday
2025-05-29 06:00:00,21.65,36.36,60.15,Morning,Weekday
2025-05-29 07:00:00,29.19,66.03,58.66,Morning,Weekday
2025-05-29 08:00:00,26.13,34.47,89.37,Morning,Weekday
2025-05-29 09:00:00,36.45,54.95,82.68,Morning,Weekday
2025-05-29 10:00:00,21.14,72.08,59.4,Morning,Weekday
2025-05-29 11:00:00,28.37,68.93,85.7,Morning,Weekday
2025-05-29 12:00:00,29.17,58.33,57.13,Morning,Weekday
2025-05-29 13:00:00,34.5,60.03,73.4,Morning,Weekday
2025-05-29 14:00:00,31.49,45.87,88.33,Evening,Weekday
2025-05-29 15:00:00,33.34,61.91,59.51,Evening,Weekday
2025-05-29 16:00:00,35.54,96.73,73.99,Evening,Weekday
2025-05-29 17:00:00,37.24,89.53,54.8,Evening,Weekday
2025-05-29 18:00:00,26.28,40.17,53.32,Evening,Weekday
2025-05-29 19:00:00,30.76,32.08,68.71,Evening,Weekday
2025-05-29 20:00:00,36.8,95.35,88.96,Evening,Weekday
2025-05-29 21:00:00,39.79,66.87,62.66,Evening,Weekday
2025-05-29 22:00:00,37.79,67.65,86.88,Night,Weekday
2025-05-29 23:00:00,27.43,84.65,85.72,Night,Weekday
2025-05-30 00:00:00,23.9,52.03,52.69,Night,Weekday
2025-05-30 01:00:00,29.79,63.73,60.09,Night,Weekday
2025-05-30 02:00:00,34.83,97.81,72.17,Night,Weekday
2025-05-30 03:00:00,29.85,77.05,65.9,Night,Weekday
2025-05-30 04:00:00,29.66,40.76,44.8,Night,Weekday
2025-05-30 05:00:00,36.76,39.33,89.68,Night,Weekday
2025-05-30 06:00:00,27.23,44.3,77.63,Morning,Weekday
2025-05-30 07:00:00,37.2,83.67,61.88,Morning,Weekday
2025-05-30 08:00:00,28.14,50.68,70.91,Morning,Weekday
2025-05-30 09:00:00,26.56,31.5,44.38,Morning,Weekday
2025-05-30 10:00:00,29.08,96.09,64.77,Morning,Weekday
2025-05-30 11:00:00,35.25,41.88,86.54,Morning,Weekday
2025-05-30 12:00:00,22.52,30.67,84.83,Morning,Weekday
2025-05-30 13:00:00,23.93,46.6,56.87,Morning,Weekday
2025-05-30 14:00:00,39.03,46.45,66.57,Evening,Weekday
2025-05-30 15:00:00,23.51,59.54,74.87,Evening,Weekday
2025-05-30 16:00:00,31.35,94.43,57.0,Evening,Weekday
2025-05-30 17:00:00,31.59,91.54,43.24,Evening,Weekday
2025-05-30 18:00:00,29.79,61.98,65.27,Evening,Weekday
2025-05-30 19:00:00,32.89,58.76,70.08,Evening,Weekday
2025-05-30 20:00:00,24.6,68.85,40.29,Evening,Weekday
2025-05-30 21:00:00,31.05,47.04,44.78,Evening,Weekday
2025-05-30 22:00:00,27.44,33.65,50.36,Night,Weekday
2025-05-30 23:00:00,33.23,95.75,57.4,Night,Weekday
2025-05-31 00:00:00,22.82,43.07,67.05,Night,Weekend
2025-05-31 01:00:00,31.42,43.89,54.69,Night,Weekend
2025-05-31 02:00:00,23.71,63.07,53.81,Night,Weekend
2025-05-31 03:00:00,25.57,64.41,83.47,Night,Weekend
2025-05-31 04:00:00,24.37,31.29,47.25,Night,Weekend
2025-05-31 05:00:00,23.66,40.36,64.77,Night,Weekend
2025-05-31 06:00:00,36.51,56.47,87.64,Morning,Weekend
2025-05-31 07:00:00,25.71,77.86,71.25,Morning,Weekend
2025-05-31 08:00:00,38.54,45.99,75.86,Morning,Weekend
2025-05-31 09:00:00,39.4,59.61,61.56,Morning,Weekend
2025-05-31 10:00:00,31.43,69.01,41.0,Morning,Weekend
2025-05-31 11:00:00,22.86,92.2,72.31,Morning,Weekend
2025-05-31 12:00:00,27.49,52.82,71.6,Morning,Weekend
2025-05-31 13:00:00,35.95,39.35,45.52,Morning,Weekend
2025-05-31 14:00:00,27.35,64.25,63.11,Evening,Weekend
2025-05-31 15:00:00,21.74,82.27,85.77,Evening,Weekend
2025-05-31 16:00:00,31.14,37.69,50.25,Evening,Weekend
2025-05-31 17:00:00,36.9,59.73,63.05,Evening,Weekend
2025-05-31 18:00:00,35.92,31.24,63.06,Evening,Weekend
2025-05-31 19:00:00,23.5,32.35,80.54,Evening,Weekend
2025-05-31 20:00:00,33.46,63.81,81.23,Evening,Weekend
2025-05-31 21:00:00,24.41,50.87,77.96,Evening,Weekend
2025-05-31 22:00:00,24.36,89.16,58.27,Night,Weekend
2025-05-31 23:00:00,37.48,72.15,43.6,Night,Weekend
2025-06-01 00:00:00,24.99,61.78,57.47,Night,Weekend
2025-06-01 01:00:00,25.26,58.56,73.99,Night,Weekend
2025-06-01 02:00:00,20.01,64.81,75.14,Night,Weekend
2025-06-01 03:00:00,37.41,32.83,88.25,Night,Weekend
2025-06-01 04:00:00,35.85,92.5,62.68,Night,Weekend
2025-06-01 05:00:00,32.55,99.88,71.62,Night,Weekend
2025-06-01 06:00:00,35.01,42.7,66.96,Morning,Weekend
2025-06-01 07:00:00,23.04,38.43,47.53,Morning,Weekend
2025-06-01 08:00:00,29.17,40.05,63.06,Morning,Weekend
2025-06-01 09:00:00,27.02,76.27,67.24,Morning,Weekend
2025-06-01 10:00:00,21.88,76.3,87.54,Morning,Weekend
2025-06-01 11:00:00,29.72,89.35,58.33,Morning,Weekend
2025-06-01 12:00:00,38.41,82.63,89.0,Morning,Weekend
2025-06-01 13:00:00,20.8,61.48,67.12,Morning,Weekend
2025-06-01 14:00:00,25.83,72.9,52.12,Evening,Weekend
2025-06-01 15:00:00,24.15,78.18,49.58,Evening,Weekend
2025-06-01 16:00:00,24.76,65.89,47.08,Evening,Weekend
2025-06-01 17:00:00,38.17,63.3,62.65,Evening,Weekend
2025-06-01 18:00:00,29.36,75.16,41.1,Evening,Weekend
2025-06-01 19:00:00,29.33,69.02,62.25,Evening,Weekend
2025-06-01 20:00:00,35.21,75.08,89.42,Evening,Weekend
2025-06-01 21:00:00,23.09,72.9,73.51,Evening,Weekend
2025-06-01 22:00:00,29.75,80.34,77.99,Night,Weekend
2025-06-01 23:00:00,28.6,75.0,45.95,Night,Weekend
2025-06-02 00:00:00,31.94,66.38,63.66,Night,Weekday
2025-06-02 01:00:00,39.99,77.73,54.31,Night,Weekday
2025-06-02 02:00:00,35.39,61.46,84.7,Night,Weekday
2025-06-02 03:00:00,27.96,46.92,49.06,Night,Weekday
2025-06-02 04:00:00,36.55,30.1,62.94,Night,Weekday
2025-06-02 05:00:00,23.41,69.2,69.4,Night,Weekday
2025-06-02 06:00:00,20.61,71.35,65.7,Morning,Weekday
2025-06-02 07:00:00,24.09,98.04,81.51,Morning,Weekday
2025-06-02 08:00:00,26.81,55.3,51.57,Morning,Weekday
2025-06-02 09:00:00,30.21,57.59,58.87,Morning,Weekday
2025-06-02 10:00:00,32.3,44.13,79.6,Morning,Weekday
2025-06-02 11:00:00,38.21,34.94,66.4,Morning,Weekday
2025-06-02 12:00:00,30.2,84.1,60.11,Morning,Weekday
2025-06-02 13:00:00,30.03,47.48,41.47,Morning,Weekday
2025-06-02 14:00:00,21.0,72.62,77.67,Evening,Weekday
2025-06-02 15:00:00,20.7,78.14,88.61,Evening,Weekday
2025-06-02 16:00:00,31.02,62.99,71.01,Evening,Weekday
2025-06-02 17:00:00,28.76,91.34,82.83,Evening,Weekday
2025-06-02 18:00:00,36.78,61.07,65.84,Evening,Weekday
2025-06-02 19:00:00,23.21,49.94,51.58,Evening,Weekday
2025-06-02 20:00:00,20.5,92.72,40.72,Evening,Weekday
2025-06-02 21:00:00,28.98,90.31,72.67,Evening,Weekday
2025-06-02 22:00:00,24.75,41.48,64.66,Night,Weekday
2025-06-02 23:00:00,20.99,31.82,79.1,Night,Weekday
2025-06-03 00:00:00,34.49,36.3,74.73,Night,Weekday
2025-06-03 01:00:00,22.23,50.06,89.4,Night,Weekday
2025-06-03 02:00:00,32.17,98.06,65.52,Night,Weekday
2025-06-03 03:00:00,25.62,69.1,61.36,Night,Weekday
2025-06-03 04:00:00,23.47,56.13,54.34,Night,Weekday
2025-06-03 05:00:00,27.6,92.21,63.84,Night,Weekday
2025-06-03 06:00:00,36.03,61.72,83.64,Morning,Weekday
2025-06-03 07:00:00,27.84,52.07,42.12,Morning,Weekday
2025-06-03 08:00:00,35.02,95.89,88.9,Morning,Weekday
2025-06-03 09:00:00,22.51,89.47,89.67,Morning,Weekday
2025-06-03 10:00:00,35.46,89.06,69.89,Morning,Weekday
2025-06-03 11:00:00,24.74,65.86,56.58,Morning,Weekday
2025-06-03 12:00:00,33.55,85.26,51.15,Morning,Weekday
2025-06-03 13:00:00,31.32,42.55,53.82,Morning,Weekday
2025-06-03 14:00:00,38.58,70.13,42.51,Evening,Weekday
2025-06-03 15:00:00,27.75,98.87,63.76,Evening,Weekday
2025-06-03 16:00:00,21.32,50.37,42.87,Evening,Weekday
2025-06-03 17:00:00,20.38,85.6,75.92,Evening,Weekday
2025-06-03 18:00:00,36.54,64.33,58.6,Evening,Weekday
2025-06-03 19:00:00,30.49,32.79,49.97,Evening,Weekday
2025-06-03 20:00:00,35.5,83.41,67.24,Evening,Weekday
2025-06-03 21:00:00,24.69,41.8,88.69,Evening,Weekday
2025-06-03 22:00:00,26.9,74.2,74.76,Night,Weekday
2025-06-03 23:00:00,20.6,36.0,64.59,Night,Weekday
2025-06-04 00:00:00,39.23,96.28,78.85,Night,Weekday
2025-06-04 01:00:00,33.36,50.42,76.87,Night,Weekday
2025-06-04 02:00:00,38.66,45.85,84.59,Night,Weekday
2025-06-04 03:00:00,25.31,39.04,50.23,Night,Weekday
2025-06-04 04:00:00,32.23,96.22,82.94,Night,Weekday
2025-06-04 05:00:00,33.57,79.83,55.05,Night,Weekday
2025-06-04 06:00:00,26.35,81.92,87.05,Morning,Weekday
2025-06-04 07:00:00,36.96,64.96,54.05,Morning,Weekday
2025-06-04 08:00:00,38.94,63.23,86.34,Morning,Weekday
2025-06-04 09:00:00,37.7,37.7,88.19,Morning,Weekday
2025-06-04 10:00:00,34.78,69.19,47.27,Morning,Weekday
2025-06-04 11:00:00,25.55,47.28,88.72,Morning,Weekday
2025-06-04 12:00:00,25.63,98.4,44.29,Morning,Weekday
2025-06-04 13:00:00,39.27,85.76,50.93,Morning,Weekday
2025-06-04 14:00:00,20.21,58.91,62.21,Evening,Weekday
2025-06-04 15:00:00,34.32,40.59,89.68,Evening,Weekday
2025-06-04 16:00:00,34.12,84.97,64.43,Evening,Weekday
2025-06-04 17:00:00,32.45,38.54,67.52,Evening,Weekday
2025-06-04 18:00:00,39.8,43.25,74.72,Evening,Weekday
2025-06-04 19:00:00,26.24,44.81,88.41,Evening,Weekday
2025-06-04 20:00:00,26.8,68.98,79.17,Evening,Weekday
2025-06-04 21:00:00,21.58,85.09,51.21,Evening,Weekday
2025-06-04 22:00:00,28.86,52.0,55.15,Night,Weekday
2025-06-04 23:00:00,25.22,35.93,44.88,Night,Weekday
2025-06-05 00:00:00,26.87,62.52,72.22,Night,Weekday
2025-06-05 01:00:00,36.69,82.37,49.04,Night,Weekday
2025-06-05 02:00:00,38.71,45.52,52.87,Night,Weekday
2025-06-05 03:00:00,23.71,45.39,84.41,Night,Weekday
2025-06-05 04:00:00,27.45,96.31,56.34,Night,Weekday
2025-06-05 05:00:00,38.57,96.79,68.33,Night,Weekday
2025-06-05 06:00:00,21.24,99.33,59.88,Morning,Weekday
2025-06-05 07:00:00,21.85,86.54,43.7,Morning,Weekday
2025-06-05 08:00:00,23.26,43.17,58.14,Morning,Weekday
2025-06-05 09:00:00,31.9,44.84,60.4,Morning,Weekday
2025-06-05 10:00:00,23.01,53.82,84.79,Morning,Weekday
2025-06-05 11:00:00,39.36,52.27,56.22,Morning,Weekday
2025-06-05 12:00:00,28.93,96.96,58.96,Morning,Weekday
2025-06-05 13:00:00,30.03,85.24,79.14,Morning,Weekday
2025-06-05 14:00:00,24.93,80.68,77.95,Evening,Weekday
2025-06-05 15:00:00,29.42,43.02,79.91,Evening,Weekday
2025-06-05 16:00:00,33.24,93.67,87.69,Evening,Weekday
2025-06-05 17:00:00,35.02,87.95,79.78,Evening,Weekday
2025-06-05 18:00:00,35.08,41.45,60.38,Evening,Weekday
2025-06-05 19:00:00,31.56,90.98,81.08,Evening,Weekday
2025-06-05 20:00:00,38.09,49.06,65.43,Evening,Weekday
2025-06-05 21:00:00,36.35,35.66,53.89,Evening,Weekday
2025-06-05 22:00:00,35.14,75.98,55.15,Night,Weekday
2025-06-05 23:00:00,21.11,75.77,51.19,Night,Weekday
2025-06-06 00:00:00,20.14,36.65,47.25,Night,Weekday
2025-06-06 01:00:00,24.25,52.32,49.22,Night,Weekday
2025-06-06 02:00:00,33.27,99.5,43.16,Night,Weekday
2025-06-06 03:00:00,28.22,77.49,84.42,Night,Weekday
2025-06-06 04:00:00,28.05,81.11,86.55,Night,Weekday
2025-06-06 05:00:00,37.69,44.9,69.34,Night,Weekday
2025-06-06 06:00:00,37.91,35.51,82.02,Morning,Weekday
2025-06-06 07:00:00,38.18,49.38,49.18,Morning,Weekday
2025-06-06 08:00:00,26.28,47.42,85.08,Morning,Weekday
2025-06-06 09:00:00,33.82,46.42,65.32,Morning,Weekday
2025-06-06 10:00:00,25.43,43.49,43.36,Morning,Weekday
2025-06-06 11:00:00,23.81,70.23,47.07,Morning,Weekday
2025-06-06 12:00:00,23.69,52.97,55.45,Morning,Weekday
2025-06-06 13:00:00,26.84,87.42,42.18,Morning,Weekday
2025-06-06 14:00:00,28.6,42.88,55.46,Evening,Weekday
2025-06-06 15:00:00,36.62,62.52,43.0,Evening,Weekday
2025-06-06 16:00:00,22.4,30.96,51.8,Evening,Weekday
2025-06-06 17:00:00,34.7,63.72,53.28,Evening,Weekday
2025-06-06 18:00:00,30.63,33.91,89.72,Evening,Weekday
2025-06-06 19:00:00,25.76,98.44,51.78,Evening,Weekday
2025-06-06 20:00:00,29.86,85.34,51.96,Evening,Weekday
2025-06-06 21:00:00,26.0,64.31,74.34,Evening,Weekday
2025-06-06 22:00:00,31.92,36.06,82.97,Night,Weekday
2025-06-06 23:00:00,28.68,71.47,59.35,Night,Weekday
2025-06-07 00:00:00,23.29,83.11,83.78,Night,Weekend
2025-06-07 01:00:00,22.33,43.35,57.01,Night,Weekend
2025-06-07 02:00:00,30.93,69.77,49.85,Night,Weekend
2025-06-07 03:00:00,38.05,86.99,56.48,Night,Weekend
2025-06-07 04:00:00,26.88,83.78,70.47,Night,Weekend
2025-06-07 05:00:00,34.66,86.21,58.36,Night,Weekend
2025-06-07 06:00:00,33.17,91.55,73.64,Morning,Weekend
2025-06-07 07:00:00,38.63,95.64,51.85,Morning,Weekend
2025-06-07 08:00:00,36.42,58.39,75.05,Morning,Weekend
2025-06-07 09:00:00,31.33,69.81,57.37,Morning,Weekend
2025-06-07 10:00:00,33.14,85.35,62.79,Morning,Weekend
2025-06-07 11:00:00,37.97,78.8,67.89,Morning,Weekend
2025-06-07 12:00:00,27.99,99.69,74.31,Morning,Weekend
2025-06-07 13:00:00,26.54,30.96,51.94,Morning,Weekend
2025-06-07 14:00:00,20.22,54.86,81.8,Evening,Weekend
2025-06-07 15:00:00,36.53,49.67,76.09,Evening,Weekend
2025-06-07 16:00:00,36.02,48.36,51.7,Evening,Weekend
2025-06-07 17:00:00,22.09,45.58,88.75,Evening,Weekend
2025-06-07 18:00:00,31.54,79.64,73.24,Evening,Weekend
2025-06-07 19:00:00,29.28,35.93,62.62,Evening,Weekend
2025-06-07 20:00:00,22.37,81.91,47.88,Evening,Weekend
2025-06-07 21:00:00,39.61,78.54,66.66,Evening,Weekend
2025-06-07 22:00:00,24.29,47.56,48.24,Night,Weekend
2025-06-07 23:00:00,21.34,47.7,61.47,Night,Weekend
2025-06-08 00:00:00,31.9,74.02,60.44,Night,Weekend
2025-06-08 01:00:00,34.78,83.35,76.0,Night,Weekend
2025-06-08 02:00:00,20.65,91.35,49.62,Night,Weekend
2025-06-08 03:00:00,33.17,89.65,81.09,Night,Weekend
2025-06-08 04:00:00,30.65,97.54,56.31,Night,Weekend
2025-06-08 05:00:00,22.07,70.7,62.2,Night,Weekend
2025-06-08 06:00:00,23.45,93.61,78.62,Morning,Weekend
2025-06-08 07:00:00,31.36,86.6,71.27,Morning,Weekend
2025-06-08 08:00:00,25.93,92.63,55.4,Morning,Weekend
2025-06-08 09:00:00,38.77,30.81,59.31,Morning,Weekend
2025-06-08 10:00:00,36.37,97.61,55.29,Morning,Weekend
2025-06-08 11:00:00,39.67,63.15,69.74,Morning,Weekend
2025-06-08 12:00:00,25.19,85.87,56.63,Morning,Weekend
2025-06-08 13:00:00,39.39,38.9,76.28,Morning,Weekend
2025-06-08 14:00:00,28.62,57.72,68.99,Evening,Weekend
2025-06-08 15:00:00,26.95,49.0,47.29,Evening,Weekend
2025-06-08 16:00:00,21.01,50.42,55.51,Evening,Weekend
2025-06-08 17:00:00,21.06,38.63,51.07,Evening,Weekend
2025-06-08 18:00:00,33.84,86.4,59.52,Evening,Weekend
2025-06-08 19:00:00,29.16,30.65,65.8,Evening,Weekend
2025-06-08 20:00:00,24.53,51.88,65.34,Evening,Weekend
2025-06-08 21:00:00,32.28,42.21,77.73,Evening,Weekend
2025-06-08 22:00:00,25.06,71.23,49.46,Night,Weekend
2025-06-08 23:00:00,31.55,47.8,87.32,Night,Weekend
2025-06-09 00:00:00,27.18,48.13,57.14,Night,Weekday
2025-06-09 01:00:00,36.47,64.18,55.01,Night,Weekday
2025-06-09 02:00:00,36.41,75.69,74.26,Night,Weekday
2025-06-09 03:00:00,29.55,38.49,80.28,Night,Weekday
2025-06-09 04:00:00,27.02,42.29,58.92,Night,Weekday
2025-06-09 05:00:00,27.25,47.3,77.34,Night,Weekday
2025-06-09 06:00:00,36.11,98.16,84.19,Morning,Weekday
2025-06-09 07:00:00,26.56,57.8,78.34,Morning,Weekday
2025-06-09 08:00:00,24.18,71.93,41.71,Morning,Weekday
2025-06-09 09:00:00,21.69,46.91,81.37,Morning,Weekday
2025-06-09 10:00:00,29.33,64.33,78.72,Morning,Weekday
2025-06-09 11:00:00,29.64,35.19,73.46,Morning,Weekday
2025-06-09 12:00:00,36.82,32.43,78.0,Morning,Weekday
2025-06-09 13:00:00,24.42,62.81,88.97,Morning,Weekday
2025-06-09 14:00:00,27.62,57.91,61.56,Evening,Weekday
2025-06-09 15:00:00,36.17,39.58,43.36,Evening,Weekday
2025-06-09 16:00:00,36.47,78.13,63.04,Evening,Weekday
2025-06-09 17:00:00,27.69,99.5,42.32,Evening,Weekday
2025-06-09 18:00:00,29.18,57.7,54.71,Evening,Weekday
2025-06-09 19:00:00,26.07,73.72,69.34,Evening,Weekday
2025-06-09 20:00:00,38.65,97.41,55.48,Evening,Weekday
2025-06-09 21:00:00,22.37,88.21,74.27,Evening,Weekday
2025-06-09 22:00:00,38.67,62.45,81.1,Night,Weekday
2025-06-09 23:00:00,33.68,81.62,61.02,Night,Weekday
2025-06-10 00:00:00,30.63,38.97,85.01,Night,Weekday
2025-06-10 01:00:00,20.65,65.85,43.99,Night,Weekday
2025-06-10 02:00:00,29.51,49.53,82.01,Night,Weekday
2025-06-10 03:00:00,28.15,41.28,81.43,Night,Weekday
2025-06-10 04:00:00,23.22,59.84,56.1,Night,Weekday
2025-06-10 05:00:00,33.13,39.17,54.94,Night,Weekday
2025-06-10 06:00:00,39.42,78.93,55.25,Morning,Weekday
2025-06-10 07:00:00,31.24,61.94,80.57,Morning,Weekday
2025-06-10 08:00:00,34.3,67.18,81.58,Morning,Weekday
2025-06-10 09:00:00,21.37,40.25,56.49,Morning,Weekday
2025-06-10 10:00:00,28.35,39.78,69.63,Morning,Weekday
2025-06-10 11:00:00,22.33,70.84,46.95,Morning,Weekday
2025-06-10 12:00:00,32.26,98.95,63.44,Morning,Weekday
2025-06-10 13:00:00,38.77,36.74,89.94,Morning,Weekday
2025-06-10 14:00:00,33.24,50.0,47.94,Evening,Weekday
2025-06-10 15:00:00,21.54,90.86,87.38,Evening,Weekday
2025-06-10 16:00:00,27.09,35.06,81.21,Evening,Weekday
2025-06-10 17:00:00,31.01,91.31,88.61,Evening,Weekday
2025-06-10 18:00:00,28.06,66.7,48.98,Evening,Weekday
2025-06-10 19:00:00,36.67,58.58,50.68,Evening,Weekday
2025-06-10 20:00:00,36.29,51.68,40.84,Evening,Weekday
2025-06-10 21:00:00,32.24,50.8,76.24,Evening,Weekday
2025-06-10 22:00:00,27.47,51.41,72.2,Night,Weekday
2025-06-10 23:00:00,25.11,91.94,48.9,Night,Weekday
2025-06-11 00:00:00,22.12,80.67,79.56,Night,Weekday
2025-06-11 01:00:00,27.1,76.88,54.96,Night,Weekday
2025-06-11 02:00:00,28.26,85.91,46.75,Night,Weekday
2025-06-11 03:00:00,33.52,48.0,61.13,Night,Weekday
2025-06-11 04:00:00,33.16,73.26,44.55,Night,Weekday
2025-06-11 05:00:00,21.4,62.2,53.16,Night,Weekday
2025-06-11 06:00:00,27.91,84.77,58.57,Morning,Weekday
2025-06-11 07:00:00,23.64,51.65,82.59,Morning,Weekday
2025-06-11 08:00:00,23.14,75.02,79.63,Morning,Weekday
2025-06-11 09:00:00,36.55,91.75,62.14,Morning,Weekday
2025-06-11 10:00:00,20.84,58.15,76.23,Morning,Weekday
2025-06-11 11:00:00,28.38,34.66,68.43,Morning,Weekday
2025-06-11 12:00:00,23.36,66.12,57.04,Morning,Weekday
2025-06-11 13:00:00,37.59,54.22,76.29,Morning,Weekday
2025-06-11 14:00:00,31.14,77.06,74.17,Evening,Weekday
2025-06-11 15:00:00,24.63,96.57,70.95,Evening,Weekday
2025-06-11 16:00:00,30.05,63.99,70.9,Evening,Weekday
2025-06-11 17:00:00,34.63,62.63,74.15,Evening,Weekday
2025-06-11 18:00:00,39.16,75.82,59.23,Evening,Weekday
2025-06-11 19:00:00,24.41,37.24,83.45,Evening,Weekday
2025-06-11 20:00:00,37.72,47.75,48.12,Evening,Weekday
2025-06-11 21:00:00,38.69,94.33,84.19,Evening,Weekday
2025-06-11 22:00:00,38.33,76.9,57.11,Night,Weekday
2025-06-11 23:00:00,32.71,30.94,46.25,Night,Weekday
2025-06-12 00:00:00,32.6,44.32,70.0,Night,Weekday
2025-06-12 01:00:00,28.06,77.8,58.8,Night,Weekday
2025-06-12 02:00:00,35.05,83.51,80.77,Night,Weekday
2025-06-12 03:00:00,30.63,88.79,61.54,Night,Weekday
2025-06-12 04:00:00,33.55,50.45,73.43,Night,Weekday
2025-06-12 05:00:00,28.57,95.17,55.41,Night,Weekday
2025-06-12 06:00:00,34.63,68.71,50.47,Morning,Weekday
2025-06-12 07:00:00,36.49,78.76,59.4,Morning,Weekday
2025-06-12 08:00:00,22.93,71.77,70.34,Morning,Weekday
2025-06-12 09:00:00,36.66,38.59,72.85,Morning,Weekday
2025-06-12 10:00:00,30.81,97.42,68.91,Morning,Weekday
2025-06-12 11:00:00,36.89,38.6,89.4,Morning,Weekday
2025-06-12 12:00:00,28.63,47.84,74.55,Morning,Weekday
2025-06-12 13:00:00,27.58,86.95,86.58,Morning,Weekday
2025-06-12 14:00:00,38.3,73.3,45.9,Evening,Weekday
2025-06-12 15:00:00,25.02,88.67,43.07,Evening,Weekday
2025-06-12 16:00:00,36.88,66.1,55.55,Evening,Weekday
2025-06-12 17:00:00,29.68,56.39,46.83,Evening,Weekday
2025-06-12 18:00:00,30.28,94.53,66.29,Evening,Weekday
2025-06-12 19:00:00,26.17,32.54,65.95,Evening,Weekday
2025-06-12 20:00:00,31.46,89.93,68.75,Evening,Weekday
2025-06-12 21:00:00,26.5,46.16,77.26,Evening,Weekday
2025-06-12 22:00:00,20.79,89.41,88.57,Night,Weekday
2025-06-12 23:00:00,25.44,39.74,83.91,Night,Weekday
2025-06-13 00:00:00,20.13,70.62,45.92,Night,Weekday
2025-06-13 01:00:00,39.57,92.17,56.93,Night,Weekday
2025-06-13 02:00:00,39.31,63.15,52.79,Night,Weekday
2025-06-13 03:00:00,27.9,82.26,48.84,Night,Weekday
2025-06-13 04:00:00,34.57,86.33,67.24,Night,Weekday
2025-06-13 05:00:00,26.92,81.55,67.66,Night,Weekday
2025-06-13 06:00:00,33.42,94.77,51.36,Morning,Weekday
2025-06-13 07:00:00,36.11,61.28,75.59,Morning,Weekday
2025-06-13 08:00:00,38.94,42.12,76.65,Morning,Weekday
2025-06-13 09:00:00,28.0,33.35,41.05,Morning,Weekday
2025-06-13 10:00:00,35.67,47.25,59.79,Morning,Weekday
2025-06-13 11:00:00,25.32,40.02,84.51,Morning,Weekday
2025-06-13 12:00:00,39.81,69.06,66.02,Morning,Weekday
2025-06-13 13:00:00,20.52,42.95,57.38,Morning,Weekday
2025-06-13 14:00:00,32.07,32.73,52.68,Evening,Weekday
2025-06-13 15:00:00,33.19,32.52,52.17,Evening,Weekday
2025-06-13 16:00:00,33.76,88.21,44.99,Evening,Weekday
2025-06-13 17:00:00,22.41,71.4,80.86,Evening,Weekday
2025-06-13 18:00:00,38.77,55.07,44.33,Evening,Weekday
2025-06-13 19:00:00,23.62,92.6,54.61,Evening,Weekday
2025-06-13 20:00:00,32.46,34.91,42.28,Evening,Weekday
2025-06-13 21:00:00,24.45,98.62,79.07,Evening,Weekday
2025-06-13 22:00:00,26.14,73.14,41.96,Night,Weekday
2025-06-13 23:00:00,30.93,42.84,55.42,Night,Weekday
2025-06-14 00:00:00,28.34,77.53,68.66,Night,Weekend
2025-06-14 01:00:00,23.2,83.44,60.48,Night,Weekend
2025-06-14 02:00:00,23.42,60.05,54.11,Night,Weekend
2025-06-14 03:00:00,28.36,90.31,53.76,Night,Weekend
2025-06-14 04:00:00,35.15,40.55,79.89,Night,Weekend
2025-06-14 05:00:00,37.96,49.52,88.7,Night,Weekend
2025-06-14 06:00:00,21.68,36.54,57.4,Morning,Weekend
2025-06-14 07:00:00,27.86,44.76,41.96,Morning,Weekend
2025-06-14 08:00:00,22.0,46.71,41.83,Morning,Weekend
2025-06-14 09:00:00,20.33,94.23,77.96,Morning,Weekend
2025-06-14 10:00:00,33.23,35.47,67.62,Morning,Weekend
2025-06-14 11:00:00,32.05,59.92,79.18,Morning,Weekend
2025-06-14 12:00:00,23.26,67.27,74.87,Morning,Weekend
2025-06-14 13:00:00,24.68,92.91,85.38,Morning,Weekend
2025-06-14 14:00:00,20.47,99.84,84.29,Evening,Weekend
2025-06-14 15:00:00,36.7,82.74,79.42,Evening,Weekend
2025-06-14 16:00:00,39.49,97.96,63.76,Evening,Weekend
2025-06-14 17:00:00,22.71,85.1,55.41,Evening,Weekend
2025-06-14 18:00:00,24.63,97.42,65.35,Evening,Weekend
2025-06-14 19:00:00,37.37,79.51,65.1,Evening,Weekend
2025-06-14 20:00:00,38.53,35.58,70.51,Evening,Weekend
2025-06-14 21:00:00,28.39,58.13,49.3,Evening,Weekend
2025-06-14 22:00:00,21.01,75.26,72.78,Night,Weekend
2025-06-14 23:00:00,20.79,54.55,62.83,Night,Weekend
2025-06-15 00:00:00,31.48,49.14,71.01,Night,Weekend
2025-06-15 01:00:00,27.86,70.42,51.98,Night,Weekend
2025-06-15 02:00:00,20.57,95.35,61.72,Night,Weekend
2025-06-15 03:00:00,31.67,32.45,50.51,Night,Weekend
2025-06-15 04:00:00,20.23,83.85,83.77,Night,Weekend
2025-06-15 05:00:00,35.75,80.59,64.4,Night,Weekend
2025-06-15 06:00:00,26.13,97.48,51.25,Morning,Weekend
2025-06-15 07:00:00,20.81,95.15,42.06,Morning,Weekend
2025-06-15 08:00:00,31.77,83.36,73.79,Morning,Weekend
2025-06-15 09:00:00,27.95,66.43,50.73,Morning,Weekend
2025-06-15 10:00:00,39.48,44.3,89.48,Morning,Weekend
2025-06-15 11:00:00,30.88,68.17,66.69,Morning,Weekend
2025-06-15 12:00:00,25.5,83.57,54.45,Morning,Weekend
2025-06-15 13:00:00,34.19,92.7,72.88,Morning,Weekend
2025-06-15 14:00:00,25.43,85.28,53.76,Evening,Weekend
2025-06-15 15:00:00,38.08,43.67,81.01,Evening,Weekend
2025-06-15 16:00:00,27.49,71.98,55.41,Evening,Weekend
2025-06-15 17:00:00,31.0,53.25,89.41,Evening,Weekend
2025-06-15 18:00:00,21.01,30.64,70.26,Evening,Weekend
2025-06-15 19:00:00,28.52,44.02,82.22,Evening,Weekend
2025-06-15 20:00:00,36.65,37.93,43.64,Evening,Weekend
2025-06-15 21:00:00,36.11,88.99,57.41,Evening,Weekend
2025-06-15 22:00:00,24.49,48.1,76.87,Night,Weekend
2025-06-15 23:00:00,24.52,49.93,72.75,Night,Weekend
2025-06-16 00:00:00,36.35,97.2,49.71,Night,Weekday
2025-06-16 01:00:00,38.61,56.54,57.81,Night,Weekday
2025-06-16 02:00:00,21.91,30.67,53.17,Night,Weekday
2025-06-16 03:00:00,29.0,49.87,70.67,Night,Weekday
2025-06-16 04:00:00,26.75,38.35,57.23,Night,Weekday
2025-06-16 05:00:00,37.41,37.2,55.45,Night,Weekday
2025-06-16 06:00:00,21.67,35.42,50.37,Morning,Weekday
2025-06-16 07:00:00,24.22,71.53,60.45,Morning,Weekday
2025-06-16 08:00:00,35.05,43.25,49.78,Morning,Weekday
2025-06-16 09:00:00,21.03,55.29,88.13,Morning,Weekday
2025-06-16 10:00:00,29.85,90.34,47.73,Morning,Weekday
2025-06-16 11:00:00,28.84,59.7,85.67,Morning,Weekday
2025-06-16 12:00:00,26.69,94.1,61.42,Morning,Weekday
2025-06-16 13:00:00,27.89,64.86,58.89,Morning,Weekday
2025-06-16 14:00:00,30.6,57.92,51.57,Evening,Weekday
2025-06-16 15:00:00,23.23,82.53,71.79,Evening,Weekday
2025-06-16 16:00:00,31.44,35.12,74.28,Evening,Weekday
2025-06-16 17:00:00,36.11,36.26,63.38,Evening,Weekday
2025-06-16 18:00:00,35.2,75.64,42.79,Evening,Weekday
2025-06-16 19:00:00,23.08,64.09,85.93,Evening,Weekday
2025-06-16 20:00:00,22.98,85.33,89.02,Evening,Weekday
2025-06-16 21:00:00,25.36,94.14,61.55,Evening,Weekday
2025-06-16 22:00:00,27.22,57.19,70.68,Night,Weekday
2025-06-16 23:00:00,28.17,71.75,62.51,Night,Weekday
2025-06-17 00:00:00,33.59,65.05,56.09,Night,Weekday
2025-06-17 01:00:00,21.13,98.71,43.87,Night,Weekday
2025-06-17 02:00:00,20.69,88.18,62.8,Night,Weekday
2025-06-17 03:00:00,27.84,93.82,80.92,Night,Weekday
2025-06-17 04:00:00,33.94,47.8,40.85,Night,Weekday
2025-06-17 05:00:00,23.87,84.08,69.11,Night,Weekday
2025-06-17 06:00:00,32.83,48.58,84.04,Morning,Weekday
2025-06-17 07:00:00,25.2,44.61,50.88,Morning,Weekday
2025-06-17 08:00:00,37.72,96.1,49.16,Morning,Weekday
2025-06-17 09:00:00,37.91,31.35,78.61,Morning,Weekday
2025-06-17 10:00:00,25.95,97.58,52.75,Morning,Weekday
2025-06-17 11:00:00,24.6,40.45,49.6,Morning,Weekday
2025-06-17 12:00:00,28.23,87.36,58.9,Morning,Weekday
2025-06-17 13:00:00,24.81,49.31,59.63,Morning,Weekday
2025-06-17 14:00:00,33.45,54.55,83.71,Evening,Weekday
2025-06-17 15:00:00,36.52,45.17,70.92,Evening,Weekday
2025-06-17 16:00:00,33.46,70.99,60.3,Evening,Weekday
2025-06-17 17:00:00,36.49,54.37,66.72,Evening,Weekday
2025-06-17 18:00:00,27.94,76.02,87.7,Evening,Weekday
2025-06-17 19:00:00,23.13,31.1,45.66,Evening,Weekday
2025-06-17 20:00:00,34.76,34.51,50.39,Evening,Weekday
2025-06-17 21:00:00,27.21,36.98,88.13,Evening,Weekday
2025-06-17 22:00:00,33.43,59.33,87.87,Night,Weekday
2025-06-17 23:00:00,25.41,87.04,48.86,Night,Weekday
2025-06-18 00:00:00,21.62,92.17,47.26,Night,Weekday
2025-06-18 01:00:00,39.85,47.14,61.05,Night,Weekday
2025-06-18 02:00:00,23.12,70.21,42.49,Night,Weekday
2025-06-18 03:00:00,39.77,83.79,72.75,Night,Weekday
2025-06-18 04:00:00,39.55,50.22,43.87,Night,Weekday
2025-06-18 05:00:00,35.88,58.63,42.9,Night,Weekday
2025-06-18 06:00:00,33.19,66.68,64.26,Morning,Weekday
2025-06-18 07:00:00,31.56,39.44,87.89,Morning,Weekday
2025-06-18 08:00:00,37.32,31.82,61.34,Morning,Weekday
2025-06-18 09:00:00,25.79,40.7,57.82,Morning,Weekday
2025-06-18 10:00:00,29.35,73.88,89.9,Morning,Weekday
2025-06-18 11:00:00,32.39,35.15,66.6,Morning,Weekday
2025-06-18 12:00:00,28.22,43.28,58.76,Morning,Weekday
2025-06-18 13:00:00,28.55,53.65,59.29,Morning,Weekday
2025-06-18 14:00:00,26.61,35.45,49.75,Evening,Weekday
2025-06-18 15:00:00,31.28,43.42,65.61,Evening,Weekday
2025-06-18 16:00:00,37.01,93.79,61.94,Evening,Weekday
2025-06-18 17:00:00,24.03,31.35,53.54,Evening,Weekday
2025-06-18 18:00:00,38.69,75.74,48.03,Evening,Weekday
2025-06-18 19:00:00,33.78,56.91,55.56,Evening,Weekday
2025-06-18 20:00:00,36.47,77.09,65.43,Evening,Weekday
2025-06-18 21:00:00,31.12,71.21,42.92,Evening,Weekday
2025-06-18 22:00:00,35.59,45.64,47.69,Night,Weekday
2025-06-18 23:00:00,20.32,89.3,87.38,Night,Weekday
2025-06-19 00:00:00,36.37,64.44,67.14,Night,Weekday
2025-06-19 01:00:00,20.8,87.58,43.17,Night,Weekday
2025-06-19 02:00:00,37.8,58.42,74.65,Night,Weekday
2025-06-19 03:00:00,39.84,98.93,43.09,Night,Weekday
2025-06-19 04:00:00,25.88,83.93,76.94,Night,Weekday
2025-06-19 05:00:00,24.21,97.62,77.5,Night,Weekday
2025-06-19 06:00:00,35.31,66.0,72.55,Morning,Weekday
2025-06-19 07:00:00,25.06,63.16,76.61,Morning,Weekday
2025-06-19 08:00:00,37.31,82.88,44.4,Morning,Weekday
2025-06-19 09:00:00,22.06,91.62,76.34,Morning,Weekday
2025-06-19 10:00:00,22.52,97.49,46.83,Morning,Weekday
2025-06-19 11:00:00,39.58,52.72,56.98,Morning,Weekday
2025-06-19 12:00:00,33.48,85.91,87.14,Morning,Weekday
2025-06-19 13:00:00,36.94,44.75,65.14,Morning,Weekday
2025-06-19 14:00:00,26.49,68.19,88.37,Evening,Weekday
2025-06-19 15:00:00,33.53,42.59,44.45,Evening,Weekday
2025-06-19 16:00:00,31.88,54.32,63.88,Evening,Weekday
2025-06-19 17:00:00,32.06,95.2,43.12,Evening,Weekday
2025-06-19 18:00:00,33.65,40.23,71.51,Evening,Weekday
2025-06-19 19:00:00,31.51,74.27,43.94,Evening,Weekday
2025-06-19 20:00:00,28.58,71.51,48.77,Evening,Weekday
2025-06-19 21:00:00,25.52,38.45,52.94,Evening,Weekday
2025-06-19 22:00:00,35.37,52.82,77.44,Night,Weekday
2025-06-19 23:00:00,24.53,69.41,48.2,Night,Weekday
2025-06-20 00:00:00,33.85,43.1,82.33,Night,Weekday
2025-06-20 01:00:00,24.67,86.04,46.6,Night,Weekday
2025-06-20 02:00:00,32.51,98.05,41.76,Night,Weekday
2025-06-20 03:00:00,34.94,45.03,59.75,Night,Weekday
2025-06-20 04:00:00,24.37,43.08,88.97,Night,Weekday
2025-06-20 05:00:00,21.2,61.85,45.52,Night,Weekday
2025-06-20 06:00:00,22.62,82.34,45.09,Morning,Weekday
2025-06-20 07:00:00,32.12,49.71,77.56,Morning,Weekday
2025-06-20 08:00:00,36.99,31.39,55.61,Morning,Weekday
2025-06-20 09:00:00,20.9,67.89,75.86,Morning,Weekday
2025-06-20 10:00:00,34.68,96.96,50.0,Morning,Weekday
2025-06-20 11:00:00,26.83,57.39,63.0,Morning,Weekday
2025-06-20 12:00:00,29.57,59.41,53.26,Morning,Weekday
2025-06-20 13:00:00,38.58,97.82,62.58,Morning,Weekday
2025-06-20 14:00:00,26.64,78.62,78.45,Evening,Weekday
2025-06-20 15:00:00,29.31,80.34,78.1,Evening,Weekday
2025-06-20 16:00:00,20.27,69.39,65.79,Evening,Weekday
2025-06-20 17:00:00,21.63,98.22,86.42,Evening,Weekday
2025-06-20 18:00:00,25.17,78.22,53.19,Evening,Weekday
2025-06-20 19:00:00,20.56,92.65,52.02,Evening,Weekday
2025-06-20 20:00:00,32.63,78.96,70.69,Evening,Weekday
2025-06-20 21:00:00,28.53,81.46,71.06,Evening,Weekday
2025-06-20 22:00:00,30.96,50.33,42.33,Night,Weekday
2025-06-20 23:00:00,23.49,51.24,70.39,Night,Weekday
2025-06-21 00:00:00,25.92,84.81,58.72,Night,Weekend
2025-06-21 01:00:00,33.28,50.77,77.37,Night,Weekend
2025-06-21 02:00:00,39.31,69.39,80.41,Night,Weekend
2025-06-21 03:00:00,21.01,47.45,67.61,Night,Weekend
2025-06-21 04:00:00,37.81,87.19,40.09,Night,Weekend
2025-06-21 05:00:00,31.54,37.74,71.82,Night,Weekend
2025-06-21 06:00:00,31.28,88.06,77.44,Morning,Weekend
2025-06-21 07:00:00,30.01,72.19,52.45,Morning,Weekend
2025-06-21 08:00:00,21.39,43.08,63.23,Morning,Weekend
2025-06-21 09:00:00,21.8,67.94,88.29,Morning,Weekend
2025-06-21 10:00:00,32.02,49.77,54.91,Morning,Weekend
2025-06-21 11:00:00,26.82,52.64,51.16,Morning,Weekend
2025-06-21 12:00:00,38.35,54.61,50.54,Morning,Weekend
2025-06-21 13:00:00,28.13,34.43,67.94,Morning,Weekend
2025-06-21 14:00:00,22.87,99.02,87.49,Evening,Weekend
2025-06-21 15:00:00,34.29,32.21,70.43,Evening,Weekend
2025-06-21 16:00:00,25.87,76.37,55.17,Evening,Weekend
2025-06-21 17:00:00,30.51,55.99,71.93,Evening,Weekend
2025-06-21 18:00:00,33.96,75.22,71.24,Evening,Weekend
2025-06-21 19:00:00,38.01,54.94,69.85,Evening,Weekend
2025-06-21 20:00:00,35.84,77.16,47.97,Evening,Weekend
2025-06-21 21:00:00,33.53,81.05,71.73,Evening,Weekend
2025-06-21 22:00:00,33.59,78.34,61.51,Night,Weekend
2025-06-21 23:00:00,38.92,37.98,40.93,Night,Weekend
2025-06-22 00:00:00,25.92,75.98,66.99,Night,Weekend
2025-06-22 01:00:00,20.02,49.6,89.46,Night,Weekend
2025-06-22 02:00:00,25.44,32.02,57.49,Night,Weekend
2025-06-22 03:00:00,24.36,59.04,88.28,Night,Weekend
2025-06-22 04:00:00,33.24,60.35,44.81,Night,Weekend
2025-06-22 05:00:00,32.67,62.7,76.62,Night,Weekend
2025-06-22 06:00:00,31.87,79.34,45.72,Morning,Weekend
2025-06-22 07:00:00,20.32,51.62,53.68,Morning,Weekend
2025-06-22 08:00:00,34.58,52.07,68.54,Morning,Weekend
2025-06-22 09:00:00,26.47,34.24,69.64,Morning,Weekend
2025-06-22 10:00:00,33.3,78.08,78.76,Morning,Weekend
2025-06-22 11:00:00,31.13,69.75,70.77,Morning,Weekend
2025-06-22 12:00:00,26.85,54.46,69.68,Morning,Weekend
2025-06-22 13:00:00,22.69,79.36,85.62,Morning,Weekend
2025-06-22 14:00:00,21.89,67.62,62.61,Evening,Weekend
2025-06-22 15:00:00,36.63,62.85,51.26,Evening,Weekend
2025-06-22 16:00:00,38.37,65.79,48.09,Evening,Weekend
2025-06-22 17:00:00,33.0,74.54,60.0,Evening,Weekend
2025-06-22 18:00:00,22.07,76.2,75.64,Evening,Weekend
2025-06-22 19:00:00,28.04,50.23,42.13,Evening,Weekend
2025-06-22 20:00:00,34.58,39.85,46.45,Evening,Weekend
2025-06-22 21:00:00,35.6,40.96,45.31,Evening,Weekend
2025-06-22 22:00:00,22.36,74.76,69.26,Night,Weekend
2025-06-22 23:00:00,20.0,91.1,52.14,Night,Weekend
2025-06-23 00:00:00,34.24,58.66,48.31,Night,Weekday
2025-06-23 01:00:00,27.13,41.87,69.64,Night,Weekday
2025-06-23 02:00:00,25.09,82.96,78.07,Night,Weekday
2025-06-23 03:00:00,20.26,88.27,56.61,Night,Weekday
2025-06-23 04:00:00,30.81,91.64,68.91,Night,Weekday
2025-06-23 05:00:00,37.02,72.48,44.91,Night,Weekday
2025-06-23 06:00:00,39.15,90.25,86.76,Morning,Weekday
2025-06-23 07:00:00,31.31,31.08,56.84,Morning,Weekday
2025-06-23 08:00:00,30.29,37.51,89.88,Morning,Weekday
2025-06-23 09:00:00,21.7,36.48,88.93,Morning,Weekday
2025-06-23 10:00:00,30.98,79.88,78.94,Morning,Weekday
2025-06-23 11:00:00,27.6,34.87,41.0,Morning,Weekday
2025-06-23 12:00:00,32.14,64.75,67.17,Morning,Weekday
2025-06-23 13:00:00,27.77,63.09,44.34,Morning,Weekday
2025-06-23 14:00:00,24.81,51.75,84.76,Evening,Weekday
2025-06-23 15:00:00,21.9,90.93,79.48,Evening,Weekday
2025-06-23 16:00:00,26.3,41.93,88.62,Evening,Weekday
2025-06-23 17:00:00,21.93,54.67,70.42,Evening,Weekday
2025-06-23 18:00:00,23.54,84.19,66.11,Evening,Weekday
2025-06-23 19:00:00,39.75,32.13,65.95,Evening,Weekday
2025-06-23 20:00:00,28.88,77.11,59.32,Evening,Weekday
2025-06-23 21:00:00,30.64,87.15,63.43,Evening,Weekday
2025-06-23 22:00:00,37.47,95.26,71.77,Night,Weekday
2025-06-23 23:00:00,39.91,91.34,86.65,Night,Weekday
2025-06-24 00:00:00,31.65,52.36,69.79,Night,Weekday
2025-06-24 01:00:00,36.25,71.05,82.86,Night,Weekday
2025-06-24 02:00:00,26.54,35.41,83.14,Night,Weekday
2025-06-24 03:00:00,26.11,48.05,65.94,Night,Weekday
2025-06-24 04:00:00,28.05,36.6,57.37,Night,Weekday
2025-06-24 05:00:00,33.45,52.06,71.98,Night,Weekday
2025-06-24 06:00:00,33.64,91.26,62.29,Morning,Weekday
2025-06-24 07:00:00,26.3,54.3,44.07,Morning,Weekday
2025-06-24 08:00:00,22.66,69.33,58.89,Morning,Weekday
2025-06-24 09:00:00,32.65,60.34,89.7,Morning,Weekday
2025-06-24 10:00:00,22.57,62.12,42.43,Morning,Weekday
2025-06-24 11:00:00,31.57,97.87,74.83,Morning,Weekday
2025-06-24 12:00:00,33.87,50.73,82.06,Morning,Weekday
2025-06-24 13:00:00,34.01,73.91,72.44,Morning,Weekday
2025-06-24 14:00:00,35.07,59.4,68.49,Evening,Weekday
2025-06-24 15:00:00,37.46,34.28,75.38,Evening,Weekday
2025-06-24 16:00:00,30.0,64.25,61.47,Evening,Weekday
2025-06-24 17:00:00,34.6,86.93,44.57,Evening,Weekday
2025-06-24 18:00:00,32.38,36.91,88.12,Evening,Weekday
2025-06-24 19:00:00,23.73,34.87,61.62,Evening,Weekday
2025-06-24 20:00:00,20.51,40.75,73.27,Evening,Weekday
2025-06-24 21:00:00,25.69,83.51,66.57,Evening,Weekday
2025-06-24 22:00:00,28.86,80.68,42.73,Night,Weekday
2025-06-24 23:00:00,32.34,69.55,87.64,Night,Weekday
2025-06-25 00:00:00,37.0,62.78,79.63,Night,Weekday
2025-06-25 01:00:00,23.92,92.18,47.45,Night,Weekday
2025-06-25 02:00:00,22.51,83.67,89.08,Night,Weekday
2025-06-25 03:00:00,39.27,86.84,76.85,Night,Weekday
2025-06-25 04:00:00,22.16,86.93,63.62,Night,Weekday
2025-06-25 05:00:00,29.57,74.99,70.57,Night,Weekday
2025-06-25 06:00:00,31.71,62.06,45.34,Morning,Weekday
2025-06-25 07:00:00,30.83,90.53,68.02,Morning,Weekday
2025-06-25 08:00:00,21.72,94.82,43.68,Morning,Weekday
2025-06-25 09:00:00,21.14,31.67,67.24,Morning,Weekday
2025-06-25 10:00:00,22.11,33.61,67.63,Morning,Weekday
2025-06-25 11:00:00,31.71,97.11,83.72,Morning,Weekday
2025-06-25 12:00:00,30.89,49.4,76.25,Morning,Weekday
2025-06-25 13:00:00,24.67,91.14,52.48,Morning,Weekday
2025-06-25 14:00:00,32.76,57.22,84.42,Evening,Weekday
2025-06-25 15:00:00,36.4,38.34,68.66,Evening,Weekday
2025-06-25 16:00:00,20.83,35.63,70.32,Evening,Weekday
2025-06-25 17:00:00,29.96,40.96,48.45,Evening,Weekday
2025-06-25 18:00:00,33.79,47.49,82.89,Evening,Weekday
2025-06-25 19:00:00,25.05,64.2,86.55,Evening,Weekday
2025-06-25 20:00:00,26.16,79.1,78.75,Evening,Weekday
2025-06-25 21:00:00,32.27,99.05,87.04,Evening,Weekday
2025-06-25 22:00:00,37.96,60.91,55.11,Night,Weekday
2025-06-25 23:00:00,36.2,66.27,83.06,Night,Weekday
2025-06-26 00:00:00,31.66,66.53,64.44,Night,Weekday
2025-06-26 01:00:00,34.6,67.76,48.2,Night,Weekday
2025-06-26 02:00:00,27.3,66.24,73.44,Night,Weekday
2025-06-26 03:00:00,32.82,30.61,74.21,Night,Weekday
2025-06-26 04:00:00,29.32,30.12,54.35,Night,Weekday
2025-06-26 05:00:00,23.8,36.84,41.37,Night,Weekday
2025-06-26 06:00:00,34.03,37.11,49.99,Morning,Weekday
2025-06-26 07:00:00,31.13,79.34,59.99,Morning,Weekday
2025-06-26 08:00:00,27.17,44.34,48.38,Morning,Weekday
2025-06-26 09:00:00,38.23,92.63,49.7,Morning,Weekday
2025-06-26 10:00:00,20.42,95.0,59.57,Morning,Weekday
2025-06-26 11:00:00,26.32,98.31,88.09,Morning,Weekday
2025-06-26 12:00:00,21.14,95.74,78.21,Morning,Weekday
2025-06-26 13:00:00,35.33,49.03,55.99,Morning,Weekday
2025-06-26 14:00:00,34.04,65.68,87.58,Evening,Weekday
2025-06-26 15:00:00,26.63,42.28,72.28,Evening,Weekday
2025-06-26 16:00:00,33.51,86.43,62.77,Evening,Weekday
2025-06-26 17:00:00,27.92,92.19,63.42,Evening,Weekday
2025-06-26 18:00:00,35.13,89.59,60.54,Evening,Weekday
2025-06-26 19:00:00,29.08,60.34,51.65,Evening,Weekday
2025-06-26 20:00:00,28.25,83.11,59.33,Evening,Weekday
2025-06-26 21:00:00,38.69,36.83,66.39,Evening,Weekday
2025-06-26 22:00:00,25.02,32.82,66.4,Night,Weekday
2025-06-26 23:00:00,22.41,82.73,78.09,Night,Weekday
2025-06-27 00:00:00,31.69,59.77,57.94,Night,Weekday
2025-06-27 01:00:00,39.39,99.69,75.84,Night,Weekday
2025-06-27 02:00:00,27.56,36.81,68.9,Night,Weekday
2025-06-27 03:00:00,21.24,89.89,88.09,Night,Weekday
2025-06-27 04:00:00,26.79,63.6,59.26,Night,Weekday
2025-06-27 05:00:00,30.12,87.9,85.06,Night,Weekday
2025-06-27 06:00:00,23.24,87.2,81.03,Morning,Weekday
2025-06-27 07:00:00,33.16,94.12,71.88,Morning,Weekday
2025-06-27 08:00:00,39.95,50.85,72.73,Morning,Weekday
2025-06-27 09:00:00,29.03,96.49,44.23,Morning,Weekday
2025-06-27 10:00:00,27.09,40.62,87.51,Morning,Weekday
2025-06-27 11:00:00,28.01,35.74,45.35,Morning,Weekday
2025-06-27 12:00:00,22.3,60.21,68.16,Morning,Weekday
2025-06-27 13:00:00,37.67,87.98,56.5,Morning,Weekday
2025-06-27 14:00:00,28.3,63.14,61.49,Evening,Weekday
2025-06-27 15:00:00,27.75,88.05,70.51,Evening,Weekday
2025-06-27 16:00:00,33.19,81.08,85.44,Evening,Weekday
2025-06-27 17:00:00,28.84,44.66,62.88,Evening,Weekday
2025-06-27 18:00:00,32.96,96.42,89.39,Evening,Weekday
2025-06-27 19:00:00,21.23,34.25,69.64,Evening,Weekday
2025-06-27 20:00:00,36.27,92.88,48.03,Evening,Weekday
2025-06-27 21:00:00,38.81,51.31,49.5,Evening,Weekday
2025-06-27 22:00:00,32.98,65.01,75.81,Night,Weekday
2025-06-27 23:00:00,39.09,59.56,42.52,Night,Weekday
2025-06-28 00:00:00,23.03,42.03,64.02,Night,Weekend
2025-06-28 01:00:00,29.55,55.07,47.41,Night,Weekend
2025-06-28 02:00:00,32.04,43.51,61.66,Night,Weekend
2025-06-28 03:00:00,31.63,44.27,77.5,Night,Weekend
2025-06-28 04:00:00,28.03,43.09,62.94,Night,Weekend
2025-06-28 05:00:00,26.76,64.23,48.17,Night,Weekend
2025-06-28 06:00:00,22.54,85.86,52.6,Morning,Weekend
2025-06-28 07:00:00,27.83,69.83,58.38,Morning,Weekend
2025-06-28 08:00:00,23.25,92.52,43.48,Morning,Weekend
2025-06-28 09:00:00,34.69,74.56,69.22,Morning,Weekend
2025-06-28 10:00:00,24.18,78.25,70.38,Morning,Weekend
2025-06-28 11:00:00,21.17,76.73,43.11,Morning,Weekend
2025-06-28 12:00:00,31.05,61.46,60.12,Morning,Weekend
2025-06-28 13:00:00,31.9,78.25,60.7,Morning,Weekend
2025-06-28 14:00:00,37.44,34.88,56.69,Evening,Weekend
2025-06-28 15:00:00,31.54,90.19,67.89,Evening,Weekend
2025-06-28 16:00:00,26.91,84.45,57.3,Evening,Weekend
2025-06-28 17:00:00,36.06,47.17,60.82,Evening,Weekend
2025-06-28 18:00:00,30.81,83.76,79.88,Evening,Weekend
2025-06-28 19:00:00,21.59,30.88,48.11,Evening,Weekend
2025-06-28 20:00:00,31.32,45.21,70.96,Evening,Weekend
2025-06-28 21:00:00,38.16,34.56,65.28,Evening,Weekend
2025-06-28 22:00:00,27.93,84.62,55.25,Night,Weekend
2025-06-28 23:00:00,25.93,82.91,76.38,Night,Weekend
2025-06-29 00:00:00,22.87,86.95,67.56,Night,Weekend
2025-06-29 01:00:00,23.03,30.31,63.87,Night,Weekend
2025-06-29 02:00:00,28.66,65.09,73.38,Night,Weekend
2025-06-29 03:00:00,31.91,79.34,80.11,Night,Weekend
2025-06-29 04:00:00,21.61,40.88,88.63,Night,Weekend
2025-06-29 05:00:00,38.79,75.49,71.47,Night,Weekend
2025-06-29 06:00:00,35.1,35.89,83.72,Morning,Weekend
2025-06-29 07:00:00,31.73,42.69,40.05,Morning,Weekend
2025-06-29 08:00:00,36.57,63.31,66.51,Morning,Weekend
2025-06-29 09:00:00,21.6,75.75,50.73,Morning,Weekend
2025-06-29 10:00:00,29.54,40.21,44.71,Morning,Weekend
2025-06-29 11:00:00,32.6,42.97,66.6,Morning,Weekend
2025-06-29 12:00:00,36.57,44.31,77.34,Morning,Weekend
2025-06-29 13:00:00,35.67,46.71,60.61,Morning,Weekend
2025-06-29 14:00:00,25.54,45.86,73.51,Evening,Weekend
2025-06-29 15:00:00,38.82,57.66,64.49,Evening,Weekend
2025-06-29 16:00:00,22.49,75.77,61.85,Evening,Weekend
2025-06-29 17:00:00,37.5,60.66,54.51,Evening,Weekend
2025-06-29 18:00:00,39.42,84.32,59.13,Evening,Weekend
2025-06-29 19:00:00,23.54,80.35,57.49,Evening,Weekend
2025-06-29 20:00:00,34.44,38.86,72.31,Evening,Weekend
2025-06-29 21:00:00,20.81,33.42,45.8,Evening,Weekend
2025-06-29 22:00:00,28.11,91.46,44.63,Night,Weekend
2025-06-29 23:00:00,30.33,35.59,73.0,Night,Weekend
2025-06-30 00:00:00,31.61,40.38,67.31,Night,Weekday
2025-06-30 01:00:00,38.72,31.55,61.51,Night,Weekday
2025-06-30 02:00:00,33.45,73.98,47.62,Night,Weekday
2025-06-30 03:00:00,29.63,70.77,60.55,Night,Weekday
2025-06-30 04:00:00,36.19,99.08,79.49,Night,Weekday
2025-06-30 05:00:00,39.01,92.09,84.48,Night,Weekday
2025-06-30 06:00:00,20.44,58.76,75.13,Morning,Weekday
2025-06-30 07:00:00,39.65,56.01,43.0,Morning,Weekday
2025-06-30 08:00:00,21.72,50.78,73.52,Morning,Weekday
2025-06-30 09:00:00,36.29,40.67,52.05,Morning,Weekday
2025-06-30 10:00:00,25.61,39.67,55.76,Morning,Weekday
2025-06-30 11:00:00,22.64,39.26,49.79,Morning,Weekday
2025-06-30 12:00:00,28.8,37.99,78.79,Morning,Weekday
2025-06-30 13:00:00,32.88,46.84,72.43,Morning,Weekday
2025-06-30 14:00:00,27.62,51.47,70.59,Evening,Weekday
2025-06-30 15:00:00,21.09,97.31,73.4,Evening,Weekday
2025-06-30 16:00:00,31.99,70.49,51.84,Evening,Weekday
2025-06-30 17:00:00,38.05,99.13,62.23,Evening,Weekday
2025-06-30 18:00:00,27.66,56.07,71.66,Evening,Weekday
2025-06-30 19:00:00,24.33,62.03,71.83,Evening,Weekday
2025-06-30 20:00:00,28.85,52.72,79.59,Evening,Weekday
2025-06-30 21:00:00,20.97,42.8,54.36,Evening,Weekday
2025-06-30 22:00:00,36.41,40.02,78.52,Night,Weekday
2025-06-30 23:00:00,36.53,96.16,62.01,Night,Weekday
2025-07-01 00:00:00,31.76,99.08,73.51,Night,Weekday
2025-07-01 01:00:00,27.06,33.14,62.79,Night,Weekday
2025-07-01 02:00:00,36.0,40.52,87.43,Night,Weekday
2025-07-01 03:00:00,31.09,59.65,48.97,Night,Weekday
2025-07-01 04:00:00,36.52,43.04,73.75,Night,Weekday
2025-07-01 05:00:00,32.63,55.47,68.83,Night,Weekday
2025-07-01 06:00:00,35.69,39.04,48.64,Morning,Weekday
2025-07-01 07:00:00,31.97,61.96,43.3,Morning,Weekday
2025-07-01 08:00:00,28.28,49.02,79.96,Morning,Weekday
2025-07-01 09:00:00,39.16,54.63,47.87,Morning,Weekday
2025-07-01 10:00:00,30.82,36.6,49.33,Morning,Weekday
2025-07-01 11:00:00,32.1,59.97,88.92,Morning,Weekday
2025-07-01 12:00:00,24.41,98.83,75.86,Morning,Weekday
2025-07-01 13:00:00,32.51,53.02,52.52,Morning,Weekday
2025-07-01 14:00:00,31.43,91.35,69.55,Evening,Weekday
2025-07-01 15:00:00,23.7,89.02,66.71,Evening,Weekday
2025-07-01 16:00:00,21.19,96.64,82.22,Evening,Weekday
2025-07-01 17:00:00,32.09,85.31,76.47,Evening,Weekday
2025-07-01 18:00:00,35.27,76.17,81.59,Evening,Weekday
2025-07-01 19:00:00,30.47,89.96,50.58,Evening,Weekday
2025-07-01 20:00:00,24.54,35.3,72.01,Evening,Weekday
2025-07-01 21:00:00,33.33,62.4,42.01,Evening,Weekday
2025-07-01 22:00:00,21.6,99.25,43.45,Night,Weekday
2025-07-01 23:00:00,28.84,83.87,75.68,Night,Weekday
2025-07-02 00:00:00,23.27,97.35,41.22,Night,Weekday
2025-07-02 01:00:00,23.69,84.57,68.99,Night,Weekday
2025-07-02 02:00:00,24.05,91.24,82.02,Night,Weekday
2025-07-02 03:00:00,27.73,79.46,59.0,Night,Weekday
2025-07-02 04:00:00,21.02,83.24,42.24,Night,Weekday
2025-07-02 05:00:00,27.96,66.62,75.69,Night,Weekday
2025-07-02 06:00:00,30.23,94.7,86.48,Morning,Weekday
2025-07-02 07:00:00,29.67,87.75,75.86,Morning,Weekday
2025-07-02 08:00:00,27.66,89.07,68.92,Morning,Weekday
2025-07-02 09:00:00,36.78,77.11,51.5,Morning,Weekday
2025-07-02 10:00:00,22.91,51.32,40.77,Morning,Weekday
2025-07-02 11:00:00,30.11,32.49,74.73,Morning,Weekday
2025-07-02 12:00:00,21.24,95.5,51.55,Morning,Weekday
2025-07-02 13:00:00,21.42,71.03,82.91,Morning,Weekday
2025-07-02 14:00:00,31.48,50.87,63.32,Evening,Weekday
2025-07-02 15:00:00,31.32,40.44,66.53,Evening,Weekday
2025-07-02 16:00:00,37.56,88.07,77.7,Evening,Weekday
2025-07-02 17:00:00,31.16,88.56,78.97,Evening,Weekday
2025-07-02 18:00:00,39.2,87.02,72.13,Evening,Weekday
2025-07-02 19:00:00,20.97,75.16,86.92,Evening,Weekday
2025-07-02 20:00:00,21.96,55.62,89.11,Evening,Weekday
2025-07-02 21:00:00,20.88,51.28,87.34,Evening,Weekday
2025-07-02 22:00:00,23.71,30.6,81.21,Night,Weekday
2025-07-02 23:00:00,30.83,88.35,75.28,Night,Weekday
2025-07-03 00:00:00,32.91,36.12,73.17,Night,Weekday
2025-07-03 01:00:00,20.91,74.15,45.19,Night,Weekday
2025-07-03 02:00:00,38.92,65.29,53.57,Night,Weekday
2025-07-03 03:00:00,36.84,66.87,40.28,Night,Weekday
2025-07-03 04:00:00,25.93,94.87,46.87,Night,Weekday
2025-07-03 05:00:00,21.54,32.21,61.96,Night,Weekday
2025-07-03 06:00:00,23.4,84.14,47.33,Morning,Weekday
2025-07-03 07:00:00,22.54,33.64,85.08,Morning,Weekday
2025-07-03 08:00:00,22.47,32.67,80.28,Morning,Weekday
2025-07-03 09:00:00,30.37,60.09,43.58,Morning,Weekday
2025-07-03 10:00:00,24.92,34.42,52.45,Morning,Weekday
2025-07-03 11:00:00,27.16,85.24,80.95,Morning,Weekday
2025-07-03 12:00:00,39.79,67.07,80.15,Morning,Weekday
2025-07-03 13:00:00,33.69,32.03,87.27,Morning,Weekday
2025-07-03 14:00:00,38.98,32.84,89.88,Evening,Weekday
2025-07-03 15:00:00,22.85,72.89,88.81,Evening,Weekday
2025-07-03 16:00:00,27.64,86.43,60.51,Evening,Weekday
2025-07-03 17:00:00,31.09,60.65,52.52,Evening,Weekday
2025-07-03 18:00:00,21.54,68.82,77.92,Evening,Weekday
2025-07-03 19:00:00,20.08,85.99,54.96,Evening,Weekday
2025-07-03 20:00:00,33.41,72.74,80.32,Evening,Weekday
2025-07-03 21:00:00,32.84,45.73,66.7,Evening,Weekday
2025-07-03 22:00:00,28.22,72.91,79.7,Night,Weekday
2025-07-03 23:00:00,29.79,73.98,53.79,Night,Weekday
2025-07-04 00:00:00,28.31,81.39,65.4,Night,Weekday
2025-07-04 01:00:00,20.48,73.46,68.2,Night,Weekday
2025-07-04 02:00:00,26.71,97.85,87.16,Night,Weekday
2025-07-04 03:00:00,23.54,43.81,53.33,Night,Weekday
2025-07-04 04:00:00,21.97,96.58,86.83,Night,Weekday
2025-07-04 05:00:00,39.13,67.68,80.24,Night,Weekday
2025-07-04 06:00:00,31.99,77.04,76.54,Morning,Weekday
2025-07-04 07:00:00,34.57,36.96,79.34,Morning,Weekday
2025-07-04 08:00:00,26.31,56.64,70.27,Morning,Weekday
2025-07-04 09:00:00,27.86,83.86,52.2,Morning,Weekday
2025-07-04 10:00:00,24.74,79.48,49.47,Morning,Weekday
2025-07-04 11:00:00,21.94,32.81,83.32,Morning,Weekday
2025-07-04 12:00:00,23.58,68.26,76.26,Morning,Weekday
2025-07-04 13:00:00,35.95,36.18,50.66,Morning,Weekday
2025-07-04 14:00:00,33.55,99.71,70.75,Evening,Weekday
2025-07-04 15:00:00,30.94,92.81,62.38,Evening,Weekday
2025-07-04 16:00:00,29.5,31.48,47.93,Evening,Weekday
2025-07-04 17:00:00,38.45,90.11,66.59,Evening,Weekday
2025-07-04 18:00:00,21.45,94.36,54.08,Evening,Weekday
2025-07-04 19:00:00,25.61,54.75,44.81,Evening,Weekday
2025-07-04 20:00:00,27.0,80.37,63.35,Evening,Weekday
2025-07-04 21:00:00,35.65,60.95,69.51,Evening,Weekday
2025-07-04 22:00:00,39.85,75.87,42.35,Night,Weekday
2025-07-04 23:00:00,24.81,53.82,60.1,Night,Weekday
2025-07-05 00:00:00,37.49,52.58,52.88,Night,Weekend
2025-07-05 01:00:00,36.61,59.71,41.53,Night,Weekend
2025-07-05 02:00:00,24.49,40.19,46.28,Night,Weekend
2025-07-05 03:00:00,27.99,88.18,46.95,Night,Weekend
2025-07-05 04:00:00,28.19,54.41,49.14,Night,Weekend
2025-07-05 05:00:00,39.56,58.01,80.17,Night,Weekend
2025-07-05 06:00:00,23.62,92.58,61.97,Morning,Weekend
2025-07-05 07:00:00,35.98,64.76,47.35,Morning,Weekend
2025-07-05 08:00:00,26.68,68.1,45.01,Morning,Weekend
2025-07-05 09:00:00,34.62,96.95,54.9,Morning,Weekend
2025-07-05 10:00:00,28.4,92.07,79.9,Morning,Weekend
2025-07-05 11:00:00,31.57,41.86,58.22,Morning,Weekend
2025-07-05 12:00:00,36.65,63.13,47.99,Morning,Weekend
2025-07-05 13:00:00,36.08,97.99,60.21,Morning,Weekend
2025-07-05 14:00:00,37.33,56.07,67.77,Evening,Weekend
2025-07-05 15:00:00,21.19,56.01,41.48,Evening,Weekend
2025-07-05 16:00:00,33.84,43.65,71.38,Evening,Weekend
2025-07-05 17:00:00,22.8,38.0,59.76,Evening,Weekend
2025-07-05 18:00:00,28.32,81.82,40.49,Evening,Weekend
2025-07-05 19:00:00,30.97,83.9,73.69,Evening,Weekend
2025-07-05 20:00:00,28.05,97.83,75.62,Evening,Weekend
2025-07-05 21:00:00,30.39,84.14,71.44,Evening,Weekend
2025-07-05 22:00:00,39.93,47.03,57.1,Night,Weekend
2025-07-05 23:00:00,22.7,32.81,66.48,Night,Weekend
2025-07-06 00:00:00,33.51,98.98,59.36,Night,Weekend
2025-07-06 01:00:00,27.92,53.83,75.03,Night,Weekend
2025-07-06 02:00:00,22.66,51.84,69.18,Night,Weekend
2025-07-06 03:00:00,23.17,93.42,44.09,Night,Weekend
2025-07-06 04:00:00,38.99,70.96,72.15,Night,Weekend
2025-07-06 05:00:00,37.59,45.04,74.36,Night,Weekend
2025-07-06 06:00:00,38.14,92.24,58.54,Morning,Weekend
2025-07-06 07:00:00,39.83,99.54,83.79,Morning,Weekend
2025-07-06 08:00:00,24.17,36.07,82.15,Morning,Weekend
2025-07-06 09:00:00,27.11,90.36,48.76,Morning,Weekend
2025-07-06 10:00:00,33.38,57.34,85.21,Morning,Weekend
2025-07-06 11:00:00,29.68,66.69,62.04,Morning,Weekend
2025-07-06 12:00:00,28.37,94.04,76.19,Morning,Weekend
2025-07-06 13:00:00,27.16,98.14,80.7,Morning,Weekend
2025-07-06 14:00:00,31.88,48.35,65.26,Evening,Weekend
2025-07-06 15:00:00,31.51,44.9,59.96,Evening,Weekend
2025-07-06 16:00:00,23.23,35.64,85.77,Evening,Weekend
2025-07-06 17:00:00,29.43,69.33,51.54,Evening,Weekend
2025-07-06 18:00:00,31.07,30.95,52.85,Evening,Weekend
2025-07-06 19:00:00,31.41,58.83,58.08,Evening,Weekend
2025-07-06 20:00:00,24.2,35.14,82.97,Evening,Weekend
2025-07-06 21:00:00,34.85,58.37,86.94,Evening,Weekend
2025-07-06 22:00:00,20.5,32.8,51.0,Night,Weekend
2025-07-06 23:00:00,27.1,88.47,83.19,Night,Weekend
2025-07-07 00:00:00,35.6,44.68,52.91,Night,Weekday
2025-07-07 01:00:00,31.28,52.98,88.53,Night,Weekday
2025-07-07 02:00:00,25.22,90.9,69.87,Night,Weekday
2025-07-07 03:00:00,33.9,82.24,40.35,Night,Weekday
2025-07-07 04:00:00,31.35,45.33,41.71,Night,Weekday
2025-07-07 05:00:00,35.92,35.03,47.37,Night,Weekday
2025-07-07 06:00:00,34.7,80.1,49.38,Morning,Weekday
2025-07-07 07:00:00,32.2,57.35,78.38,Morning,Weekday
2025-07-07 08:00:00,29.76,83.63,51.14,Morning,Weekday
2025-07-07 09:00:00,22.66,61.17,88.46,Morning,Weekday
2025-07-07 10:00:00,25.23,54.22,71.81,Morning,Weekday
2025-07-07 11:00:00,28.38,61.58,74.63,Morning,Weekday
2025-07-07 12:00:00,31.99,82.4,50.89,Morning,Weekday
2025-07-07 13:00:00,30.27,93.16,84.64,Morning,Weekday
2025-07-07 14:00:00,25.76,33.48,73.39,Evening,Weekday
2025-07-07 15:00:00,20.13,66.69,83.22,Evening,Weekday
2025-07-07 16:00:00,29.92,32.3,87.82,Evening,Weekday
2025-07-07 17:00:00,25.71,62.79,46.28,Evening,Weekday
2025-07-07 18:00:00,34.69,91.97,44.83,Evening,Weekday
2025-07-07 19:00:00,20.48,55.31,80.17,Evening,Weekday
2025-07-07 20:00:00,31.7,95.27,83.31,Evening,Weekday
2025-07-07 21:00:00,38.83,74.14,69.19,Evening,Weekday
2025-07-07 22:00:00,23.49,95.39,58.3,Night,Weekday
2025-07-07 23:00:00,29.43,83.0,72.63,Night,Weekday
2025-07-08 00:00:00,21.83,37.24,55.28,Night,Weekday
2025-07-08 01:00:00,32.51,46.18,51.92,Night,Weekday
2025-07-08 02:00:00,31.01,57.59,64.41,Night,Weekday
2025-07-08 03:00:00,28.15,41.91,50.81,Night,Weekday
2025-07-08 04:00:00,30.43,64.64,64.19,Night,Weekday
2025-07-08 05:00:00,37.93,63.0,87.83,Night,Weekday
2025-07-08 06:00:00,23.93,96.94,81.99,Morning,Weekday
2025-07-08 07:00:00,20.45,60.36,87.08,Morning,Weekday
2025-07-08 08:00:00,37.23,84.99,80.32,Morning,Weekday
2025-07-08 09:00:00,31.54,95.93,57.74,Morning,Weekday
2025-07-08 10:00:00,37.81,91.39,80.6,Morning,Weekday
2025-07-08 11:00:00,31.94,44.61,86.15,Morning,Weekday
2025-07-08 12:00:00,36.2,64.72,87.35,Morning,Weekday
2025-07-08 13:00:00,28.59,54.34,74.16,Morning,Weekday
2025-07-08 14:00:00,35.0,57.99,50.57,Evening,Weekday
2025-07-08 15:00:00,38.26,55.26,41.99,Evening,Weekday
2025-07-08 16:00:00,31.44,87.85,47.36,Evening,Weekday
2025-07-08 17:00:00,23.62,61.65,88.28,Evening,Weekday
2025-07-08 18:00:00,25.38,66.66,63.1,Evening,Weekday
2025-07-08 19:00:00,23.97,98.77,82.75,Evening,Weekday
2025-07-08 20:00:00,24.94,34.2,63.25,Evening,Weekday
2025-07-08 21:00:00,26.13,64.16,73.04,Evening,Weekday
2025-07-08 22:00:00,31.1,84.18,41.21,Night,Weekday
2025-07-08 23:00:00,31.76,40.58,52.49,Night,Weekday
2025-07-09 00:00:00,28.53,72.81,61.81,Night,Weekday
2025-07-09 01:00:00,32.31,46.76,71.53,Night,Weekday
2025-07-09 02:00:00,21.63,90.72,48.58,Night,Weekday
2025-07-09 03:00:00,21.76,52.9,78.23,Night,Weekday
2025-07-09 04:00:00,23.44,53.03,58.22,Night,Weekday
2025-07-09 05:00:00,30.36,71.87,80.87,Night,Weekday
2025-07-09 06:00:00,24.28,42.85,44.9,Morning,Weekday
2025-07-09 07:00:00,25.67,49.94,73.99,Morning,Weekday
2025-07-09 08:00:00,28.01,59.16,54.67,Morning,Weekday
2025-07-09 09:00:00,36.24,54.75,79.77,Morning,Weekday
2025-07-09 10:00:00,20.28,66.74,60.11,Morning,Weekday
2025-07-09 11:00:00,32.99,71.97,73.27,Morning,Weekday
2025-07-09 12:00:00,33.38,69.67,86.72,Morning,Weekday
2025-07-09 13:00:00,35.97,75.79,41.03,Morning,Weekday
2025-07-09 14:00:00,38.66,51.54,40.56,Evening,Weekday
2025-07-09 15:00:00,20.4,38.85,78.51,Evening,Weekday
2025-07-09 16:00:00,23.08,83.26,72.32,Evening,Weekday
2025-07-09 17:00:00,37.72,89.55,54.65,Evening,Weekday
2025-07-09 18:00:00,29.17,47.99,64.72,Evening,Weekday
2025-07-09 19:00:00,31.29,58.5,42.1,Evening,Weekday
2025-07-09 20:00:00,33.26,64.9,49.62,Evening,Weekday
2025-07-09 21:00:00,33.58,67.33,61.22,Evening,Weekday
2025-07-09 22:00:00,38.63,76.16,81.7,Night,Weekday
2025-07-09 23:00:00,39.94,32.91,63.98,Night,Weekday
2025-07-10 00:00:00,34.4,80.5,69.32,Night,Weekday
2025-07-10 01:00:00,25.74,34.34,83.69,Night,Weekday
2025-07-10 02:00:00,37.6,62.78,55.44,Night,Weekday
2025-07-10 03:00:00,20.98,87.94,75.03,Night,Weekday
2025-07-10 04:00:00,24.62,61.59,83.08,Night,Weekday
2025-07-10 05:00:00,37.95,40.44,50.13,Night,Weekday
2025-07-10 06:00:00,25.12,98.95,57.82,Morning,Weekday
2025-07-10 07:00:00,24.41,92.25,88.99,Morning,Weekday
2025-07-10 08:00:00,22.76,83.99,89.16,Morning,Weekday
2025-07-10 09:00:00,37.18,58.81,51.16,Morning,Weekday
2025-07-10 10:00:00,30.0,42.87,43.32,Morning,Weekday
2025-07-10 11:00:00,33.5,95.9,53.55,Morning,Weekday
2025-07-10 12:00:00,24.78,67.26,59.89,Morning,Weekday
2025-07-10 13:00:00,35.16,89.66,62.05,Morning,Weekday
2025-07-10 14:00:00,35.2,53.95,70.94,Evening,Weekday
2025-07-10 15:00:00,26.25,53.47,84.98,Evening,Weekday
2025-07-10 16:00:00,28.21,98.99,56.52,Evening,Weekday
2025-07-10 17:00:00,24.19,66.53,82.5,Evening,Weekday
2025-07-10 18:00:00,39.53,39.85,44.67,Evening,Weekday
2025-07-10 19:00:00,32.91,45.38,42.09,Evening,Weekday
2025-07-10 20:00:00,38.69,63.74,65.2,Evening,Weekday
2025-07-10 21:00:00,26.07,32.97,42.98,Evening,Weekday
2025-07-10 22:00:00,35.64,62.38,59.62,Night,Weekday
2025-07-10 23:00:00,35.32,59.33,84.84,Night,Weekday
2025-07-11 00:00:00,33.83,84.55,52.07,Night,Weekday
2025-07-11 01:00:00,39.31,54.85,75.3,Night,Weekday
2025-07-11 02:00:00,27.87,98.78,55.12,Night,Weekday
2025-07-11 03:00:00,22.61,42.65,42.25,Night,Weekday
2025-07-11 04:00:00,33.43,71.37,67.83,Night,Weekday
2025-07-11 05:00:00,34.59,36.28,81.74,Night,Weekday
2025-07-11 06:00:00,31.5,81.37,60.47,Morning,Weekday
2025-07-11 07:00:00,24.14,99.63,70.86,Morning,Weekday
2025-07-11 08:00:00,30.09,87.34,85.0,Morning,Weekday
2025-07-11 09:00:00,26.24,68.9,79.48,Morning,Weekday
2025-07-11 10:00:00,28.55,63.93,49.69,Morning,Weekday
2025-07-11 11:00:00,32.9,88.45,76.67,Morning,Weekday
2025-07-11 12:00:00,34.9,95.52,65.09,Morning,Weekday
2025-07-11 13:00:00,24.64,99.24,77.3,Morning,Weekday
2025-07-11 14:00:00,28.11,57.76,64.73,Evening,Weekday
2025-07-11 15:00:00,25.38,99.36,46.4,Evening,Weekday
2025-07-11 16:00:00,23.97,40.91,68.5,Evening,Weekday
2025-07-11 17:00:00,35.67,47.75,64.61,Evening,Weekday
2025-07-11 18:00:00,38.19,36.23,65.9,Evening,Weekday
2025-07-11 19:00:00,27.4,49.02,83.95,Evening,Weekday
2025-07-11 20:00:00,35.03,83.76,84.74,Evening,Weekday
2025-07-11 21:00:00,37.94,89.7,62.68,Evening,Weekday
2025-07-11 22:00:00,36.92,84.52,62.79,Night,Weekday
2025-07-11 23:00:00,23.66,74.17,65.76,Night,Weekday
2025-07-12 00:00:00,39.13,65.98,65.98,Night,Weekend
2025-07-12 01:00:00,27.53,79.61,87.52,Night,Weekend
2025-07-12 02:00:00,26.78,57.36,72.47,Night,Weekend
2025-07-12 03:00:00,21.25,88.89,53.87,Night,Weekend
2025-07-12 04:00:00,29.72,77.4,66.58,Night,Weekend
2025-07-12 05:00:00,22.18,78.85,71.36,Night,Weekend
2025-07-12 06:00:00,24.97,67.52,71.99,Morning,Weekend
2025-07-12 07:00:00,26.34,91.97,69.26,Morning,Weekend
2025-07-12 08:00:00,36.18,47.64,48.89,Morning,Weekend
2025-07-12 09:00:00,37.51,56.68,41.68,Morning,Weekend
2025-07-12 10:00:00,26.05,84.43,56.89,Morning,Weekend
2025-07-12 11:00:00,37.17,64.49,61.38,Morning,Weekend
2025-07-12 12:00:00,37.14,92.24,43.09,Morning,Weekend
2025-07-12 13:00:00,35.29,54.25,80.75,Morning,Weekend
2025-07-12 14:00:00,22.93,55.85,57.2,Evening,Weekend
2025-07-12 15:00:00,33.81,92.21,85.68,Evening,Weekend
2025-07-12 16:00:00,38.9,62.51,47.72,Evening,Weekend
2025-07-12 17:00:00,33.65,66.13,42.85,Evening,Weekend
2025-07-12 18:00:00,26.63,53.29,64.12,Evening,Weekend
2025-07-12 19:00:00,30.01,49.37,49.46,Evening,Weekend
2025-07-12 20:00:00,32.91,75.92,86.87,Evening,Weekend
2025-07-12 21:00:00,30.21,38.39,40.52,Evening,Weekend
2025-07-12 22:00:00,22.4,91.55,60.63,Night,Weekend
2025-07-12 23:00:00,26.24,84.54,86.34,Night,Weekend
2025-07-13 00:00:00,36.05,43.35,59.22,Night,Weekend
2025-07-13 01:00:00,37.23,78.58,44.66,Night,Weekend
2025-07-13 02:00:00,22.75,72.18,55.14,Night,Weekend
2025-07-13 03:00:00,39.05,42.92,64.9,Night,Weekend
2025-07-13 04:00:00,26.58,49.12,49.26,Night,Weekend
2025-07-13 05:00:00,33.25,58.63,63.33,Night,Weekend
2025-07-13 06:00:00,35.04,78.95,81.82,Morning,Weekend
2025-07-13 07:00:00,36.24,74.71,83.63,Morning,Weekend
2025-07-13 08:00:00,38.91,67.26,42.46,Morning,Weekend
2025-07-13 09:00:00,26.26,83.79,48.05,Morning,Weekend
2025-07-13 10:00:00,37.17,83.06,53.76,Morning,Weekend
2025-07-13 11:00:00,22.63,73.25,69.74,Morning,Weekend
2025-07-13 12:00:00,34.1,85.09,58.05,Morning,Weekend
2025-07-13 13:00:00,34.84,53.4,82.2,Morning,Weekend
2025-07-13 14:00:00,33.55,91.69,75.83,Evening,Weekend
2025-07-13 15:00:00,25.05,73.04,45.02,Evening,Weekend
2025-07-13 16:00:00,37.46,87.57,71.23,Evening,Weekend
2025-07-13 17:00:00,23.38,68.24,45.65,Evening,Weekend
2025-07-13 18:00:00,21.07,45.29,52.75,Evening,Weekend
2025-07-13 19:00:00,34.35,67.97,48.89,Evening,Weekend
2025-07-13 20:00:00,29.51,55.98,48.65,Evening,Weekend
2025-07-13 21:00:00,36.98,78.82,70.82,Evening,Weekend
2025-07-13 22:00:00,27.67,63.31,68.18,Night,Weekend
2025-07-13 23:00:00,23.37,88.53,48.8,Night,Weekend
2025-07-14 00:00:00,36.73,77.47,89.51,Night,Weekday
2025-07-14 01:00:00,30.98,77.92,61.09,Night,Weekday
2025-07-14 02:00:00,23.78,45.2,44.85,Night,Weekday
2025-07-14 03:00:00,34.41,98.9,46.03,Night,Weekday
2025-07-14 04:00:00,30.22,88.92,69.19,Night,Weekday
2025-07-14 05:00:00,32.09,85.23,88.95,Night,Weekday
2025-07-14 06:00:00,29.22,53.12,68.6,Morning,Weekday
2025-07-14 07:00:00,36.57,67.49,87.45,Morning,Weekday
2025-07-14 08:00:00,36.59,39.6,62.21,Morning,Weekday
2025-07-14 09:00:00,34.19,67.69,61.79,Morning,Weekday
2025-07-14 10:00:00,22.11,40.21,65.0,Morning,Weekday
2025-07-14 11:00:00,36.78,68.71,74.87,Morning,Weekday
2025-07-14 12:00:00,33.42,75.41,58.38,Morning,Weekday
2025-07-14 13:00:00,33.94,57.31,83.19,Morning,Weekday
2025-07-14 14:00:00,27.26,64.9,41.46,Evening,Weekday
2025-07-14 15:00:00,37.59,91.3,61.99,Evening,Weekday
2025-07-14 16:00:00,34.51,37.6,65.55,Evening,Weekday
2025-07-14 17:00:00,22.25,85.42,70.35,Evening,Weekday
2025-07-14 18:00:00,28.16,41.95,53.8,Evening,Weekday
2025-07-14 19:00:00,37.73,32.57,61.37,Evening,Weekday
2025-07-14 20:00:00,20.94,42.99,64.23,Evening,Weekday
2025-07-14 21:00:00,39.23,83.55,74.35,Evening,Weekday
2025-07-14 22:00:00,33.58,58.36,78.68,Night,Weekday
2025-07-14 23:00:00,32.63,91.08,76.89,Night,Weekday
2025-07-15 00:00:00,25.41,66.73,57.08,Night,Weekday
2025-07-15 01:00:00,24.98,31.56,89.97,Night,Weekday
2025-07-15 02:00:00,38.84,80.17,82.43,Night,Weekday
2025-07-15 03:00:00,25.97,37.72,53.0,Night,Weekday
2025-07-15 04:00:00,35.51,85.26,49.76,Night,Weekday
2025-07-15 05:00:00,27.86,41.77,55.7,Night,Weekday
2025-07-15 06:00:00,22.79,54.18,62.62,Morning,Weekday
2025-07-15 07:00:00,20.21,83.29,82.54,Morning,Weekday
2025-07-15 08:00:00,30.89,96.8,78.92,Morning,Weekday
2025-07-15 09:00:00,39.52,56.0,82.56,Morning,Weekday
2025-07-15 10:00:00,27.38,88.06,53.6,Morning,Weekday
2025-07-15 11:00:00,27.14,43.36,69.67,Morning,Weekday
2025-07-15 12:00:00,26.88,86.5,54.16,Morning,Weekday
2025-07-15 13:00:00,30.41,76.02,45.45,Morning,Weekday
2025-07-15 14:00:00,28.81,43.49,74.21,Evening,Weekday
2025-07-15 15:00:00,37.6,51.18,47.15,Evening,Weekday
2025-07-15 16:00:00,30.11,39.22,73.38,Evening,Weekday
2025-07-15 17:00:00,30.16,56.81,72.4,Evening,Weekday
2025-07-15 18:00:00,22.77,44.26,80.51,Evening,Weekday
2025-07-15 19:00:00,39.65,75.08,46.98,Evening,Weekday
2025-07-15 20:00:00,25.0,99.62,79.17,Evening,Weekday
2025-07-15 21:00:00,21.47,30.84,89.96,Evening,Weekday
2025-07-15 22:00:00,33.26,67.86,82.55,Night,Weekday
2025-07-15 23:00:00,31.91,70.16,77.59,Night,Weekday
2025-07-16 00:00:00,28.3,93.99,73.11,Night,Weekday
2025-07-16 01:00:00,28.44,65.42,61.09,Night,Weekday
2025-07-16 02:00:00,35.7,68.06,76.53,Night,Weekday
2025-07-16 03:00:00,23.91,63.02,76.21,Night,Weekday
2025-07-16 04:00:00,36.41,48.82,71.57,Night,Weekday
2025-07-16 05:00:00,32.97,33.92,79.81,Night,Weekday
2025-07-16 06:00:00,28.38,58.61,62.44,Morning,Weekday
2025-07-16 07:00:00,29.16,33.68,46.06,Morning,Weekday
2025-07-16 08:00:00,25.13,68.53,67.95,Morning,Weekday
2025-07-16 09:00:00,35.04,51.51,53.25,Morning,Weekday
2025-07-16 10:00:00,30.26,67.35,59.22,Morning,Weekday
2025-07-16 11:00:00,26.42,39.4,40.87,Morning,Weekday
2025-07-16 12:00:00,31.92,95.28,59.14,Morning,Weekday
2025-07-16 13:00:00,39.91,92.62,80.44,Morning,Weekday
2025-07-16 14:00:00,28.71,43.3,67.14,Evening,Weekday
2025-07-16 15:00:00,38.41,54.04,40.49,Evening,Weekday
2025-07-16 16:00:00,26.9,72.94,63.49,Evening,Weekday
2025-07-16 17:00:00,21.09,36.7,54.57,Evening,Weekday
2025-07-16 18:00:00,24.08,54.82,63.88,Evening,Weekday
2025-07-16 19:00:00,28.37,47.58,60.23,Evening,Weekday
2025-07-16 20:00:00,24.39,94.09,86.6,Evening,Weekday
2025-07-16 21:00:00,20.0,89.68,42.06,Evening,Weekday
2025-07-16 22:00:00,38.3,70.59,74.18,Night,Weekday
2025-07-16 23:00:00,36.88,66.42,82.55,Night,Weekday
2025-07-17 00:00:00,34.85,95.15,87.96,Night,Weekday
2025-07-17 01:00:00,23.36,95.27,48.88,Night,Weekday
2025-07-17 02:00:00,22.41,97.85,66.57,Night,Weekday
2025-07-17 03:00:00,21.35,38.78,42.18,Night,Weekday
2025-07-17 04:00:00,34.48,41.24,64.96,Night,Weekday
2025-07-17 05:00:00,38.58,77.37,46.27,Night,Weekday
2025-07-17 06:00:00,28.61,67.9,81.89,Morning,Weekday
2025-07-17 07:00:00,22.38,31.29,45.69,Morning,Weekday
2025-07-17 08:00:00,30.25,34.34,65.66,Morning,Weekday
2025-07-17 09:00:00,26.98,92.17,66.05,Morning,Weekday
2025-07-17 10:00:00,27.5,90.82,88.58,Morning,Weekday
2025-07-17 11:00:00,32.43,55.01,72.75,Morning,Weekday
2025-07-17 12:00:00,34.37,92.37,54.39,Morning,Weekday
2025-07-17 13:00:00,22.21,71.56,52.04,Morning,Weekday
2025-07-17 14:00:00,20.71,86.41,46.41,Evening,Weekday
2025-07-17 15:00:00,39.89,59.92,77.83,Evening,Weekday
2025-07-17 16:00:00,24.65,37.94,74.54,Evening,Weekday
2025-07-17 17:00:00,21.08,60.36,70.49,Evening,Weekday
2025-07-17 18:00:00,23.8,62.01,42.04,Evening,Weekday
2025-07-17 19:00:00,20.78,68.57,78.14,Evening,Weekday
2025-07-17 20:00:00,27.84,37.39,72.09,Evening,Weekday
2025-07-17 21:00:00,36.05,99.4,88.19,Evening,Weekday
2025-07-17 22:00:00,26.82,47.09,69.36,Night,Weekday
2025-07-17 23:00:00,28.88,43.9,55.2,Night,Weekday
2025-07-18 00:00:00,33.51,66.88,59.08,Night,Weekday
2025-07-18 01:00:00,30.18,67.6,48.79,Night,Weekday
2025-07-18 02:00:00,37.23,60.79,76.15,Night,Weekday
2025-07-18 03:00:00,37.32,84.03,75.39,Night,Weekday
2025-07-18 04:00:00,20.2,66.17,50.03,Night,Weekday
2025-07-18 05:00:00,35.56,72.68,47.92,Night,Weekday
2025-07-18 06:00:00,29.21,80.66,43.85,Morning,Weekday
2025-07-18 07:00:00,39.78,31.75,85.6,Morning,Weekday
2025-07-18 08:00:00,29.66,69.95,51.65,Morning,Weekday
2025-07-18 09:00:00,39.74,91.89,57.21,Morning,Weekday
2025-07-18 10:00:00,35.09,31.22,54.03,Morning,Weekday
2025-07-18 11:00:00,24.97,58.36,60.68,Morning,Weekday
2025-07-18 12:00:00,30.77,94.84,75.7,Morning,Weekday
2025-07-18 13:00:00,39.84,54.72,83.53,Morning,Weekday
2025-07-18 14:00:00,37.15,62.11,49.13,Evening,Weekday
2025-07-18 15:00:00,21.95,98.71,74.32,Evening,Weekday
2025-07-18 16:00:00,34.13,43.95,57.63,Evening,Weekday
2025-07-18 17:00:00,26.91,34.57,89.03,Evening,Weekday
2025-07-18 18:00:00,20.14,90.16,54.95,Evening,Weekday
2025-07-18 19:00:00,28.07,90.79,40.36,Evening,Weekday
2025-07-18 20:00:00,24.7,63.05,65.78,Evening,Weekday
2025-07-18 21:00:00,36.38,65.99,47.54,Evening,Weekday
2025-07-18 22:00:00,26.75,88.51,42.22,Night,Weekday
2025-07-18 23:00:00,36.55,81.7,74.91,Night,Weekday
2025-07-19 00:00:00,20.01,48.56,76.61,Night,Weekend
2025-07-19 01:00:00,26.16,31.18,63.03,Night,Weekend
2025-07-19 02:00:00,24.82,63.58,73.84,Night,Weekend
2025-07-19 03:00:00,24.67,90.12,66.91,Night,Weekend
2025-07-19 04:00:00,21.36,92.71,71.49,Night,Weekend
2025-07-19 05:00:00,23.74,96.94,69.84,Night,Weekend
2025-07-19 06:00:00,31.11,91.57,73.29,Morning,Weekend
2025-07-19 07:00:00,25.83,70.6,49.98,Morning,Weekend
2025-07-19 08:00:00,28.35,61.12,53.44,Morning,Weekend
2025-07-19 09:00:00,27.54,84.24,62.0,Morning,Weekend
2025-07-19 10:00:00,37.52,81.79,62.31,Morning,Weekend
2025-07-19 11:00:00,38.11,67.67,78.72,Morning,Weekend
2025-07-19 12:00:00,29.86,36.11,58.37,Morning,Weekend
2025-07-19 13:00:00,26.6,94.83,48.13,Morning,Weekend
2025-07-19 14:00:00,22.14,61.89,52.57,Evening,Weekend
2025-07-19 15:00:00,39.07,55.43,50.74,Evening,Weekend
2025-07-19 16:00:00,21.2,74.07,76.58,Evening,Weekend
2025-07-19 17:00:00,25.95,77.17,63.52,Evening,Weekend
2025-07-19 18:00:00,25.96,44.75,75.43,Evening,Weekend
2025-07-19 19:00:00,26.41,88.59,60.81,Evening,Weekend
2025-07-19 20:00:00,23.29,50.3,84.49,Evening,Weekend
2025-07-19 21:00:00,35.66,43.07,89.18,Evening,Weekend
2025-07-19 22:00:00,22.45,58.45,73.49,Night,Weekend
2025-07-19 23:00:00,32.7,81.14,83.19,Night,Weekend
2025-07-20 00:00:00,22.48,97.58,65.4,Night,Weekend
2025-07-20 01:00:00,21.41,86.65,86.73,Night,Weekend
2025-07-20 02:00:00,38.19,95.82,81.58,Night,Weekend
2025-07-20 03:00:00,23.8,39.84,89.59,Night,Weekend
2025-07-20 04:00:00,36.43,34.98,71.15,Night,Weekend
2025-07-20 05:00:00,30.89,69.04,78.96,Night,Weekend
2025-07-20 06:00:00,21.56,50.32,67.14,Morning,Weekend
2025-07-20 07:00:00,39.11,87.96,52.96,Morning,Weekend
2025-07-20 08:00:00,24.94,77.04,57.74,Morning,Weekend
2025-07-20 09:00:00,37.19,97.95,84.7,Morning,Weekend
2025-07-20 10:00:00,23.38,47.84,42.8,Morning,Weekend
2025-07-20 11:00:00,37.08,64.0,69.57,Morning,Weekend
2025-07-20 12:00:00,20.26,65.09,58.62,Morning,Weekend
2025-07-20 13:00:00,30.24,46.74,59.33,Morning,Weekend
2025-07-20 14:00:00,35.39,71.31,84.23,Evening,Weekend
2025-07-20 15:00:00,38.7,61.03,82.69,Evening,Weekend
2025-07-20 16:00:00,38.18,61.27,69.94,Evening,Weekend
2025-07-20 17:00:00,36.39,55.39,53.65,Evening,Weekend
2025-07-20 18:00:00,37.76,31.19,63.77,Evening,Weekend
2025-07-20 19:00:00,23.98,66.55,60.41,Evening,Weekend
2025-07-20 20:00:00,25.68,53.47,57.68,Evening,Weekend
2025-07-20 21:00:00,25.78,30.09,45.14,Evening,Weekend
2025-07-20 22:00:00,27.54,51.56,67.16,Night,Weekend
2025-07-20 23:00:00,27.87,49.5,55.09,Night,Weekend
2025-07-21 00:00:00,30.89,57.54,73.04,Night,Weekday
2025-07-21 01:00:00,23.2,39.23,55.96,Night,Weekday
2025-07-21 02:00:00,33.82,65.54,61.56,Night,Weekday
2025-07-21 03:00:00,23.35,78.47,42.62,Night,Weekday
2025-07-21 04:00:00,26.21,74.11,89.63,Night,Weekday
2025-07-21 05:00:00,30.07,86.26,65.38,Night,Weekday
2025-07-21 06:00:00,35.93,61.64,41.21,Morning,Weekday
2025-07-21 07:00:00,34.79,66.34,67.06,Morning,Weekday
2025-07-21 08:00:00,32.91,86.73,83.52,Morning,Weekday
2025-07-21 09:00:00,23.12,59.94,78.63,Morning,Weekday
2025-07-21 10:00:00,30.94,79.11,75.05,Morning,Weekday
2025-07-21 11:00:00,21.75,60.42,46.97,Morning,Weekday
2025-07-21 12:00:00,27.55,59.24,72.89,Morning,Weekday
2025-07-21 13:00:00,28.27,83.21,78.31,Morning,Weekday
2025-07-21 14:00:00,20.8,42.24,68.62,Evening,Weekday
2025-07-21 15:00:00,25.48,53.7,84.64,Evening,Weekday
2025-07-21 16:00:00,39.11,45.69,53.85,Evening,Weekday
2025-07-21 17:00:00,39.07,55.14,52.11,Evening,Weekday
2025-07-21 18:00:00,27.05,46.13,83.48,Evening,Weekday
2025-07-21 19:00:00,20.86,70.56,71.27,Evening,Weekday
2025-07-21 20:00:00,23.58,85.87,40.07,Evening,Weekday
2025-07-21 21:00:00,27.84,85.06,57.66,Evening,Weekday
2025-07-21 22:00:00,38.96,55.52,82.89,Night,Weekday
2025-07-21 23:00:00,22.82,99.21,41.37,Night,Weekday
2025-07-22 00:00:00,35.27,71.57,40.16,Night,Weekday
2025-07-22 01:00:00,22.17,57.96,54.06,Night,Weekday
2025-07-22 02:00:00,39.63,88.49,85.7,Night,Weekday
2025-07-22 03:00:00,27.63,81.09,85.07,Night,Weekday
2025-07-22 04:00:00,35.5,82.45,65.94,Night,Weekday
2025-07-22 05:00:00,26.85,43.73,67.66,Night,Weekday
2025-07-22 06:00:00,32.55,62.78,56.6,Morning,Weekday
2025-07-22 07:00:00,23.84,90.33,52.19,Morning,Weekday
2025-07-22 08:00:00,22.92,65.28,80.76,Morning,Weekday
2025-07-22 09:00:00,38.76,77.84,45.31,Morning,Weekday
2025-07-22 10:00:00,38.35,71.16,64.37,Morning,Weekday
2025-07-22 11:00:00,37.75,88.96,71.72,Morning,Weekday
2025-07-22 12:00:00,32.51,49.92,45.18,Morning,Weekday
2025-07-22 13:00:00,36.17,70.28,65.98,Morning,Weekday
2025-07-22 14:00:00,21.38,38.63,68.88,Evening,Weekday
2025-07-22 15:00:00,26.7,78.31,77.12,Evening,Weekday
2025-07-22 16:00:00,26.27,81.24,51.74,Evening,Weekday
2025-07-22 17:00:00,32.71,33.0,54.67,Evening,Weekday
2025-07-22 18:00:00,27.12,77.31,68.48,Evening,Weekday
2025-07-22 19:00:00,22.97,59.03,89.16,Evening,Weekday
2025-07-22 20:00:00,31.93,38.69,50.87,Evening,Weekday
2025-07-22 21:00:00,36.29,59.39,89.3,Evening,Weekday
2025-07-22 22:00:00,27.64,43.6,75.72,Night,Weekday
2025-07-22 23:00:00,22.65,59.09,81.3,Night,Weekday
2025-07-23 00:00:00,23.93,56.9,44.48,Night,Weekday
2025-07-23 01:00:00,24.75,81.69,55.02,Night,Weekday
2025-07-23 02:00:00,26.0,84.2,42.89,Night,Weekday
2025-07-23 03:00:00,32.86,72.49,58.58,Night,Weekday
2025-07-23 04:00:00,32.02,31.59,89.06,Night,Weekday
2025-07-23 05:00:00,33.92,95.17,45.26,Night,Weekday
2025-07-23 06:00:00,27.25,78.04,68.12,Morning,Weekday
2025-07-23 07:00:00,36.48,32.39,40.3,Morning,Weekday
2025-07-23 08:00:00,24.08,87.32,75.63,Morning,Weekday
2025-07-23 09:00:00,29.38,44.02,49.86,Morning,Weekday
2025-07-23 10:00:00,36.02,70.55,46.48,Morning,Weekday
2025-07-23 11:00:00,23.6,62.66,56.85,Morning,Weekday
2025-07-23 12:00:00,22.2,59.39,78.55,Morning,Weekday
2025-07-23 13:00:00,37.67,92.28,45.33,Morning,Weekday
2025-07-23 14:00:00,26.86,60.62,51.49,Evening,Weekday
2025-07-23 15:00:00,33.68,35.27,40.42,Evening,Weekday
2025-07-23 16:00:00,20.51,96.26,88.42,Evening,Weekday
2025-07-23 17:00:00,33.8,94.44,69.61,Evening,Weekday
2025-07-23 18:00:00,26.32,77.91,75.99,Evening,Weekday
2025-07-23 19:00:00,21.11,62.75,72.57,Evening,Weekday
2025-07-23 20:00:00,32.2,36.5,47.22,Evening,Weekday
2025-07-23 21:00:00,24.82,85.35,69.75,Evening,Weekday
2025-07-23 22:00:00,27.74,35.28,46.57,Night,Weekday
2025-07-23 23:00:00,21.61,34.8,60.06,Night,Weekday
2025-07-24 00:00:00,22.94,67.62,68.45,Night,Weekday
2025-07-24 01:00:00,25.96,41.21,67.94,Night,Weekday
2025-07-24 02:00:00,21.8,30.54,45.95,Night,Weekday
2025-07-24 03:00:00,38.22,59.62,41.72,Night,Weekday
2025-07-24 04:00:00,20.12,39.61,79.91,Night,Weekday
2025-07-24 05:00:00,29.68,41.24,76.3,Night,Weekday
2025-07-24 06:00:00,22.46,35.38,44.09,Morning,Weekday
2025-07-24 07:00:00,26.15,44.36,46.37,Morning,Weekday
2025-07-24 08:00:00,38.52,80.08,84.63,Morning,Weekday
2025-07-24 09:00:00,23.23,86.62,78.46,Morning,Weekday
2025-07-24 10:00:00,39.32,61.68,89.81,Morning,Weekday
2025-07-24 11:00:00,24.12,65.46,52.7,Morning,Weekday
2025-07-24 12:00:00,34.83,32.29,64.39,Morning,Weekday
2025-07-24 13:00:00,30.93,34.85,51.82,Morning,Weekday
2025-07-24 14:00:00,37.69,48.03,71.14,Evening,Weekday
2025-07-24 15:00:00,31.08,68.07,45.77,Evening,Weekday
2025-07-24 16:00:00,30.69,81.77,46.36,Evening,Weekday
2025-07-24 17:00:00,23.91,72.35,43.59,Evening,Weekday
2025-07-24 18:00:00,23.32,57.45,74.68,Evening,Weekday
2025-07-24 19:00:00,38.33,38.28,64.7,Evening,Weekday
2025-07-24 20:00:00,26.56,84.65,70.89,Evening,Weekday
2025-07-24 21:00:00,27.44,55.47,83.97,Evening,Weekday
2025-07-24 22:00:00,35.2,81.52,77.02,Night,Weekday
2025-07-24 23:00:00,26.78,65.91,63.09,Night,Weekday
2025-07-25 00:00:00,39.04,81.71,89.22,Night,Weekday
2025-07-25 01:00:00,34.76,93.51,62.81,Night,Weekday
2025-07-25 02:00:00,31.95,94.47,45.62,Night,Weekday
2025-07-25 03:00:00,37.62,67.46,89.63,Night,Weekday
2025-07-25 04:00:00,20.99,65.81,41.14,Night,Weekday
2025-07-25 05:00:00,25.14,48.6,67.49,Night,Weekday
2025-07-25 06:00:00,29.3,95.51,55.45,Morning,Weekday
2025-07-25 07:00:00,24.54,62.05,65.18,Morning,Weekday
2025-07-25 08:00:00,34.88,38.93,67.94,Morning,Weekday
2025-07-25 09:00:00,38.38,60.29,52.0,Morning,Weekday
2025-07-25 10:00:00,28.48,38.89,67.84,Morning,Weekday
2025-07-25 11:00:00,26.84,65.18,77.8,Morning,Weekday
2025-07-25 12:00:00,39.23,69.29,53.33,Morning,Weekday
2025-07-25 13:00:00,28.9,53.64,59.17,Morning,Weekday
2025-07-25 14:00:00,29.78,35.02,53.41,Evening,Weekday
2025-07-25 15:00:00,27.03,96.05,81.03,Evening,Weekday
2025-07-25 16:00:00,38.19,84.13,76.25,Evening,Weekday
2025-07-25 17:00:00,31.38,88.72,83.56,Evening,Weekday
2025-07-25 18:00:00,35.24,55.68,48.5,Evening,Weekday
2025-07-25 19:00:00,36.24,83.26,43.68,Evening,Weekday
2025-07-25 20:00:00,26.84,63.98,45.97,Evening,Weekday
2025-07-25 21:00:00,28.67,44.08,48.05,Evening,Weekday
2025-07-25 22:00:00,36.97,38.71,66.65,Night,Weekday
2025-07-25 23:00:00,27.27,54.15,88.55,Night,Weekday
2025-07-26 00:00:00,35.88,39.63,57.86,Night,Weekend
2025-07-26 01:00:00,38.82,99.88,87.93,Night,Weekend
2025-07-26 02:00:00,32.46,33.44,41.91,Night,Weekend
2025-07-26 03:00:00,34.83,60.88,86.34,Night,Weekend
2025-07-26 04:00:00,36.1,61.65,49.06,Night,Weekend
2025-07-26 05:00:00,36.9,51.04,85.62,Night,Weekend
2025-07-26 06:00:00,27.9,69.99,42.81,Morning,Weekend
2025-07-26 07:00:00,21.03,40.5,87.41,Morning,Weekend
2025-07-26 08:00:00,28.04,84.87,50.04,Morning,Weekend
2025-07-26 09:00:00,33.48,53.27,55.14,Morning,Weekend
2025-07-26 10:00:00,29.01,71.39,64.55,Morning,Weekend
2025-07-26 11:00:00,34.98,80.09,59.04,Morning,Weekend
2025-07-26 12:00:00,27.14,92.23,73.38,Morning,Weekend
2025-07-26 13:00:00,32.69,88.51,88.74,Morning,Weekend
2025-07-26 14:00:00,23.73,72.58,70.32,Evening,Weekend
2025-07-26 15:00:00,34.99,57.19,76.07,Evening,Weekend
2025-07-26 16:00:00,30.91,65.22,44.4,Evening,Weekend
2025-07-26 17:00:00,24.08,83.81,71.39,Evening,Weekend
2025-07-26 18:00:00,25.84,91.43,62.69,Evening,Weekend
2025-07-26 19:00:00,34.97,37.26,84.29,Evening,Weekend
2025-07-26 20:00:00,29.65,56.94,59.41,Evening,Weekend
2025-07-26 21:00:00,24.32,84.33,73.97,Evening,Weekend
2025-07-26 22:00:00,39.35,60.22,51.41,Night,Weekend
2025-07-26 23:00:00,34.3,53.26,52.97,Night,Weekend
2025-07-27 00:00:00,39.14,58.79,58.81,Night,Weekend
2025-07-27 01:00:00,28.54,72.2,55.2,Night,Weekend
2025-07-27 02:00:00,29.5,99.99,52.69,Night,Weekend
2025-07-27 03:00:00,37.96,64.51,42.48,Night,Weekend
2025-07-27 04:00:00,30.5,44.59,81.84,Night,Weekend
2025-07-27 05:00:00,34.15,41.4,43.22,Night,Weekend
2025-07-27 06:00:00,25.04,32.96,84.37,Morning,Weekend
2025-07-27 07:00:00,28.93,69.12,46.27,Morning,Weekend
2025-07-27 08:00:00,22.47,68.12,43.26,Morning,Weekend
2025-07-27 09:00:00,24.12,44.37,68.15,Morning,Weekend
2025-07-27 10:00:00,20.02,78.67,65.12,Morning,Weekend
2025-07-27 11:00:00,20.79,81.88,64.56,Morning,Weekend
2025-07-27 12:00:00,39.55,48.14,68.73,Morning,Weekend
2025-07-27 13:00:00,24.85,54.09,54.35,Morning,Weekend
2025-07-27 14:00:00,33.27,99.33,73.15,Evening,Weekend
2025-07-27 15:00:00,36.78,56.2,65.12,Evening,Weekend
2025-07-27 16:00:00,31.01,83.26,56.74,Evening,Weekend
2025-07-27 17:00:00,23.06,61.69,81.33,Evening,Weekend
2025-07-27 18:00:00,34.56,85.53,76.39,Evening,Weekend
2025-07-27 19:00:00,32.01,83.83,59.68,Evening,Weekend
2025-07-27 20:00:00,34.63,76.74,82.38,Evening,Weekend
2025-07-27 21:00:00,35.39,89.83,86.01,Evening,Weekend
2025-07-27 22:00:00,39.51,95.75,66.84,Night,Weekend
2025-07-27 23:00:00,31.47,70.6,50.75,Night,Weekend
2025-07-28 00:00:00,26.83,46.62,85.79,Night,Weekday
2025-07-28 01:00:00,32.97,57.9,49.47,Night,Weekday
2025-07-28 02:00:00,21.37,83.08,42.42,Night,Weekday
2025-07-28 03:00:00,37.95,75.56,56.37,Night,Weekday
2025-07-28 04:00:00,22.39,42.45,76.35,Night,Weekday
2025-07-28 05:00:00,26.56,33.59,86.16,Night,Weekday
2025-07-28 06:00:00,36.31,77.81,71.86,Morning,Weekday
2025-07-28 07:00:00,31.95,47.58,87.59,Morning,Weekday
2025-07-28 08:00:00,27.87,64.98,44.62,Morning,Weekday
2025-07-28 09:00:00,29.47,82.27,43.04,Morning,Weekday
2025-07-28 10:00:00,37.09,69.39,70.21,Morning,Weekday
2025-07-28 11:00:00,26.8,35.83,88.31,Morning,Weekday
2025-07-28 12:00:00,37.39,42.99,65.14,Morning,Weekday
2025-07-28 13:00:00,21.76,45.35,42.58,Morning,Weekday
2025-07-28 14:00:00,35.54,48.05,51.06,Evening,Weekday
2025-07-28 15:00:00,36.95,69.58,52.24,Evening,Weekday
2025-07-28 16:00:00,23.64,65.28,56.89,Evening,Weekday
2025-07-28 17:00:00,28.61,44.22,42.18,Evening,Weekday
2025-07-28 18:00:00,23.31,34.73,85.24,Evening,Weekday
2025-07-28 19:00:00,34.13,42.0,65.78,Evening,Weekday
2025-07-28 20:00:00,30.71,98.91,73.55,Evening,Weekday
2025-07-28 21:00:00,32.71,62.8,43.36,Evening,Weekday
2025-07-28 22:00:00,23.93,90.71,42.71,Night,Weekday
2025-07-28 23:00:00,24.23,89.41,69.32,Night,Weekday
2025-07-29 00:00:00,20.83,65.81,84.36,Night,Weekday
2025-07-29 01:00:00,26.44,79.47,66.42,Night,Weekday
2025-07-29 02:00:00,31.19,43.49,83.89,Night,Weekday
2025-07-29 03:00:00,37.16,78.19,80.55,Night,Weekday
2025-07-29 04:00:00,33.34,49.07,43.79,Night,Weekday
2025-07-29 05:00:00,28.71,88.24,50.1,Night,Weekday
2025-07-29 06:00:00,39.06,35.86,72.89,Morning,Weekday
2025-07-29 07:00:00,34.38,84.12,62.18,Morning,Weekday
2025-07-29 08:00:00,38.6,37.0,54.53,Morning,Weekday
2025-07-29 09:00:00,30.55,91.68,60.93,Morning,Weekday
2025-07-29 10:00:00,25.18,51.29,62.26,Morning,Weekday
2025-07-29 11:00:00,21.06,75.81,85.53,Morning,Weekday
2025-07-29 12:00:00,34.52,64.13,45.17,Morning,Weekday
2025-07-29 13:00:00,22.43,55.64,53.99,Morning,Weekday
2025-07-29 14:00:00,26.06,75.18,66.88,Evening,Weekday
2025-07-29 15:00:00,30.65,96.33,74.91,Evening,Weekday
2025-07-29 16:00:00,31.29,32.89,71.53,Evening,Weekday
2025-07-29 17:00:00,32.01,94.32,87.08,Evening,Weekday
2025-07-29 18:00:00,23.33,72.64,79.78,Evening,Weekday
2025-07-29 19:00:00,27.59,86.51,67.85,Evening,Weekday
2025-07-29 20:00:00,32.34,56.87,50.73,Evening,Weekday
2025-07-29 21:00:00,39.4,63.03,62.54,Evening,Weekday
2025-07-29 22:00:00,34.55,90.82,74.67,Night,Weekday
2025-07-29 23:00:00,38.45,59.04,81.9,Night,Weekday
2025-07-30 00:00:00,35.24,67.43,87.99,Night,Weekday
2025-07-30 01:00:00,31.83,31.41,70.27,Night,Weekday
2025-07-30 02:00:00,23.84,41.1,66.35,Night,Weekday
2025-07-30 03:00:00,33.33,74.92,40.88,Night,Weekday
2025-07-30 04:00:00,32.47,80.19,43.6,Night,Weekday
2025-07-30 05:00:00,32.05,70.78,47.81,Night,Weekday
2025-07-30 06:00:00,29.8,40.03,42.74,Morning,Weekday
2025-07-30 07:00:00,30.57,61.18,60.04,Morning,Weekday
2025-07-30 08:00:00,26.69,54.86,56.84,Morning,Weekday
2025-07-30 09:00:00,30.39,64.7,71.87,Morning,Weekday
2025-07-30 10:00:00,23.95,90.92,66.78,Morning,Weekday
2025-07-30 11:00:00,36.1,84.31,69.8,Morning,Weekday
2025-07-30 12:00:00,23.72,35.88,63.6,Morning,Weekday
2025-07-30 13:00:00,21.7,92.32,53.89,Morning,Weekday
2025-07-30 14:00:00,28.72,63.02,87.64,Evening,Weekday
2025-07-30 15:00:00,33.17,82.07,44.32,Evening,Weekday
2025-07-30 16:00:00,28.75,39.8,86.94,Evening,Weekday
2025-07-30 17:00:00,25.54,76.95,55.56,Evening,Weekday
2025-07-30 18:00:00,31.16,46.54,65.63,Evening,Weekday
2025-07-30 19:00:00,26.94,60.69,45.44,Evening,Weekday
2025-07-30 20:00:00,38.66,31.18,43.55,Evening,Weekday
2025-07-30 21:00:00,38.45,40.61,61.48,Evening,Weekday
2025-07-30 22:00:00,30.05,36.45,77.08,Night,Weekday
2025-07-30 23:00:00,26.56,46.78,53.47,Night,Weekday
2025-07-31 00:00:00,34.74,37.0,68.12,Night,Weekday
2025-07-31 01:00:00,20.73,78.43,53.93,Night,Weekday
2025-07-31 02:00:00,29.5,32.03,59.43,Night,Weekday
2025-07-31 03:00:00,26.73,73.24,85.32,Night,Weekday
2025-07-31 04:00:00,38.41,39.85,82.79,Night,Weekday
2025-07-31 05:00:00,20.24,96.16,65.8,Night,Weekday
2025-07-31 06:00:00,31.06,95.32,51.91,Morning,Weekday
2025-07-31 07:00:00,34.81,45.79,49.66,Morning,Weekday
2025-07-31 08:00:00,29.7,73.01,87.7,Morning,Weekday
2025-07-31 09:00:00,21.71,31.96,50.14,Morning,Weekday
2025-07-31 10:00:00,39.45,95.23,80.41,Morning,Weekday
2025-07-31 11:00:00,30.36,66.61,58.45,Morning,Weekday
2025-07-31 12:00:00,32.28,33.03,89.28,Morning,Weekday
2025-07-31 13:00:00,24.73,53.97,58.41,Morning,Weekday
2025-07-31 14:00:00,29.67,35.38,57.58,Evening,Weekday
2025-07-31 15:00:00,28.58,57.51,71.87,Evening,Weekday
2025-07-31 16:00:00,21.5,76.89,88.08,Evening,Weekday
2025-07-31 17:00:00,22.12,62.89,88.81,Evening,Weekday
2025-07-31 18:00:00,36.75,56.86,75.36,Evening,Weekday
2025-07-31 19:00:00,24.8,38.34,77.73,Evening,Weekday
2025-07-31 20:00:00,23.9,47.15,68.17,Evening,Weekday
2025-07-31 21:00:00,30.1,37.01,77.79,Evening,Weekday
2025-07-31 22:00:00,35.37,86.52,82.99,Night,Weekday
2025-07-31 23:00:00,21.24,39.47,64.3,Night,Weekday
2025-08-01 00:00:00,31.54,71.68,70.99,Night,Weekday
2025-08-01 01:00:00,22.38,53.99,66.87,Night,Weekday
2025-08-01 02:00:00,20.73,45.82,68.12,Night,Weekday
2025-08-01 03:00:00,21.05,74.76,84.5,Night,Weekday
2025-08-01 04:00:00,36.68,61.99,57.78,Night,Weekday
2025-08-01 05:00:00,22.36,58.01,50.41,Night,Weekday
2025-08-01 06:00:00,20.9,71.5,62.81,Morning,Weekday
2025-08-01 07:00:00,28.76,64.39,50.4,Morning,Weekday
2025-08-01 08:00:00,36.88,51.24,64.92,Morning,Weekday
2025-08-01 09:00:00,25.25,69.13,85.18,Morning,Weekday
2025-08-01 10:00:00,28.43,76.86,70.87,Morning,Weekday
2025-08-01 11:00:00,20.8,31.87,82.77,Morning,Weekday
2025-08-01 12:00:00,28.98,62.61,48.31,Morning,Weekday
2025-08-01 13:00:00,31.55,34.04,85.04,Morning,Weekday
2025-08-01 14:00:00,31.42,43.05,70.09,Evening,Weekday
2025-08-01 15:00:00,26.65,69.24,41.59,Evening,Weekday
2025-08-01 16:00:00,26.31,90.63,71.66,Evening,Weekday
2025-08-01 17:00:00,22.13,91.8,87.57,Evening,Weekday
2025-08-01 18:00:00,27.34,34.9,43.96,Evening,Weekday
2025-08-01 19:00:00,21.99,59.34,69.12,Evening,Weekday
2025-08-01 20:00:00,35.33,70.81,85.77,Evening,Weekday
2025-08-01 21:00:00,39.33,40.29,40.48,Evening,Weekday
2025-08-01 22:00:00,39.4,83.58,71.55,Night,Weekday
2025-08-01 23:00:00,37.3,82.1,63.75,Night,Weekday
2025-08-02 00:00:00,32.02,93.23,57.35,Night,Weekend
2025-08-02 01:00:00,34.02,30.59,71.38,Night,Weekend
2025-08-02 02:00:00,25.7,45.17,42.64,Night,Weekend
2025-08-02 03:00:00,32.62,87.9,77.65,Night,Weekend
2025-08-02 04:00:00,29.11,76.94,40.22,Night,Weekend
2025-08-02 05:00:00,29.64,92.61,55.35,Night,Weekend
2025-08-02 06:00:00,35.16,34.0,65.2,Morning,Weekend
2025-08-02 07:00:00,25.64,71.79,58.85,Morning,Weekend
2025-08-02 08:00:00,26.36,69.83,55.37,Morning,Weekend
2025-08-02 09:00:00,38.49,32.5,81.54,Morning,Weekend
2025-08-02 10:00:00,21.12,65.95,86.74,Morning,Weekend
2025-08-02 11:00:00,29.71,72.67,83.69,Morning,Weekend
2025-08-02 12:00:00,38.26,43.39,66.12,Morning,Weekend
2025-08-02 13:00:00,32.21,49.13,84.21,Morning,Weekend
2025-08-02 14:00:00,30.93,74.82,86.04,Evening,Weekend
2025-08-02 15:00:00,24.99,62.78,60.46,Evening,Weekend
2025-08-02 16:00:00,26.87,90.06,54.17,Evening,Weekend
2025-08-02 17:00:00,37.04,53.97,44.91,Evening,Weekend
2025-08-02 18:00:00,31.18,48.67,63.95,Evening,Weekend
2025-08-02 19:00:00,30.29,98.94,87.31,Evening,Weekend
2025-08-02 20:00:00,21.99,93.78,68.05,Evening,Weekend
2025-08-02 21:00:00,20.32,32.03,73.38,Evening,Weekend
2025-08-02 22:00:00,39.27,83.95,45.64,Night,Weekend
2025-08-02 23:00:00,27.54,37.72,47.18,Night,Weekend
2025-08-03 00:00:00,32.06,31.92,63.22,Night,Weekend
2025-08-03 01:00:00,21.59,49.16,87.56,Night,Weekend
2025-08-03 02:00:00,33.66,48.85,58.04,Night,Weekend
2025-08-03 03:00:00,38.65,87.35,83.87,Night,Weekend
2025-08-03 04:00:00,31.51,79.75,46.01,Night,Weekend
2025-08-03 05:00:00,22.52,98.71,70.85,Night,Weekend
2025-08-03 06:00:00,31.63,79.81,70.03,Morning,Weekend
2025-08-03 07:00:00,35.33,59.28,82.99,Morning,Weekend
2025-08-03 08:00:00,28.13,78.92,40.17,Morning,Weekend
2025-08-03 09:00:00,37.6,99.96,49.5,Morning,Weekend
2025-08-03 10:00:00,32.97,79.71,50.98,Morning,Weekend
2025-08-03 11:00:00,37.98,83.32,87.5,Morning,Weekend
2025-08-03 12:00:00,32.47,95.69,47.68,Morning,Weekend
2025-08-03 13:00:00,22.63,37.96,41.85,Morning,Weekend
2025-08-03 14:00:00,26.19,79.33,66.72,Evening,Weekend
2025-08-03 15:00:00,24.04,89.56,66.43,Evening,Weekend
2025-08-03 16:00:00,38.18,96.81,82.2,Evening,Weekend
2025-08-03 17:00:00,35.21,44.77,87.44,Evening,Weekend
2025-08-03 18:00:00,33.53,65.28,66.93,Evening,Weekend
2025-08-03 19:00:00,26.02,77.64,86.5,Evening,Weekend
2025-08-03 20:00:00,23.68,47.32,76.26,Evening,Weekend
2025-08-03 21:00:00,35.13,72.03,53.23,Evening,Weekend
2025-08-03 22:00:00,29.48,48.03,86.42,Night,Weekend
2025-08-03 23:00:00,24.52,53.34,73.37,Night,Weekend
2025-08-04 00:00:00,32.33,60.91,60.7,Night,Weekday
2025-08-04 01:00:00,20.81,67.04,74.01,Night,Weekday
2025-08-04 02:00:00,26.52,61.46,60.07,Night,Weekday
2025-08-04 03:00:00,29.37,64.52,45.71,Night,Weekday
2025-08-04 04:00:00,22.96,50.9,75.95,Night,Weekday
2025-08-04 05:00:00,39.69,41.13,81.2,Night,Weekday
2025-08-04 06:00:00,24.18,33.31,76.44,Morning,Weekday
2025-08-04 07:00:00,22.61,43.72,51.46,Morning,Weekday
2025-08-04 08:00:00,24.07,70.74,87.83,Morning,Weekday
2025-08-04 09:00:00,35.38,85.03,41.26,Morning,Weekday
2025-08-04 10:00:00,28.51,41.85,56.63,Morning,Weekday
2025-08-04 11:00:00,31.31,37.6,53.0,Morning,Weekday
2025-08-04 12:00:00,20.42,82.45,42.41,Morning,Weekday
2025-08-04 13:00:00,20.69,51.36,60.29,Morning,Weekday
2025-08-04 14:00:00,28.92,96.6,71.16,Evening,Weekday
2025-08-04 15:00:00,36.33,80.0,84.13,Evening,Weekday
2025-08-04 16:00:00,37.7,52.87,89.48,Evening,Weekday
2025-08-04 17:00:00,21.73,50.27,80.4,Evening,Weekday
2025-08-04 18:00:00,30.77,66.66,63.43,Evening,Weekday
2025-08-04 19:00:00,38.26,35.54,76.19,Evening,Weekday
2025-08-04 20:00:00,27.76,38.24,82.18,Evening,Weekday
2025-08-04 21:00:00,36.59,42.31,63.27,Evening,Weekday
2025-08-04 22:00:00,22.67,84.23,79.25,Night,Weekday
2025-08-04 23:00:00,38.71,65.97,64.13,Night,Weekday
2025-08-05 00:00:00,35.03,30.74,59.32,Night,Weekday
2025-08-05 01:00:00,38.83,77.15,66.3,Night,Weekday
2025-08-05 02:00:00,33.53,59.66,73.79,Night,Weekday
2025-08-05 03:00:00,27.27,65.76,76.34,Night,Weekday
2025-08-05 04:00:00,38.76,44.99,57.84,Night,Weekday
2025-08-05 05:00:00,25.51,68.62,68.57,Night,Weekday
2025-08-05 06:00:00,26.64,98.54,85.49,Morning,Weekday
2025-08-05 07:00:00,34.02,35.14,88.82,Morning,Weekday
2025-08-05 08:00:00,35.31,49.87,51.36,Morning,Weekday
2025-08-05 09:00:00,38.59,47.01,49.64,Morning,Weekday
2025-08-05 10:00:00,24.1,47.4,73.83,Morning,Weekday
2025-08-05 11:00:00,35.96,56.51,60.73,Morning,Weekday
2025-08-05 12:00:00,34.77,87.27,41.21,Morning,Weekday
2025-08-05 13:00:00,21.28,93.9,57.34,Morning,Weekday
2025-08-05 14:00:00,27.74,44.16,80.34,Evening,Weekday
2025-08-05 15:00:00,25.66,68.01,79.87,Evening,Weekday
2025-08-05 16:00:00,26.09,74.58,64.73,Evening,Weekday
2025-08-05 17:00:00,39.66,66.53,63.63,Evening,Weekday
2025-08-05 18:00:00,32.86,60.39,68.98,Evening,Weekday
2025-08-05 19:00:00,34.35,43.44,50.97,Evening,Weekday
2025-08-05 20:00:00,39.53,64.18,66.3,Evening,Weekday
2025-08-05 21:00:00,27.54,58.09,40.55,Evening,Weekday
2025-08-05 22:00:00,36.04,85.69,63.78,Night,Weekday
2025-08-05 23:00:00,28.69,83.45,56.8,Night,Weekday
2025-08-06 00:00:00,37.39,39.38,73.74,Night,Weekday
2025-08-06 01:00:00,23.61,36.2,71.92,Night,Weekday
2025-08-06 02:00:00,38.95,93.57,59.04,Night,Weekday
2025-08-06 03:00:00,24.38,67.49,40.36,Night,Weekday
2025-08-06 04:00:00,26.52,90.05,52.61,Night,Weekday
2025-08-06 05:00:00,35.12,34.07,71.67,Night,Weekday
2025-08-06 06:00:00,27.88,66.86,43.62,Morning,Weekday
2025-08-06 07:00:00,32.16,67.76,45.38,Morning,Weekday
2025-08-06 08:00:00,28.89,90.25,72.35,Morning,Weekday
2025-08-06 09:00:00,34.85,36.83,77.79,Morning,Weekday
2025-08-06 10:00:00,24.57,46.83,56.08,Morning,Weekday
2025-08-06 11:00:00,21.17,58.46,64.48,Morning,Weekday
2025-08-06 12:00:00,26.0,90.61,87.29,Morning,Weekday
2025-08-06 13:00:00,29.49,95.72,87.28,Morning,Weekday
2025-08-06 14:00:00,23.36,99.49,55.38,Evening,Weekday
2025-08-06 15:00:00,27.1,97.14,80.5,Evening,Weekday
2025-08-06 16:00:00,28.0,30.42,69.7,Evening,Weekday
2025-08-06 17:00:00,21.15,33.34,88.77,Evening,Weekday
2025-08-06 18:00:00,31.67,40.33,63.88,Evening,Weekday
2025-08-06 19:00:00,37.69,54.42,78.74,Evening,Weekday
2025-08-06 20:00:00,23.03,88.09,78.41,Evening,Weekday
2025-08-06 21:00:00,31.96,92.49,64.87,Evening,Weekday
2025-08-06 22:00:00,33.29,43.08,79.78,Night,Weekday
2025-08-06 23:00:00,28.39,73.38,53.05,Night,Weekday
2025-08-07 00:00:00,34.02,94.22,46.11,Night,Weekday
2025-08-07 01:00:00,28.21,62.46,61.26,Night,Weekday
2025-08-07 02:00:00,30.09,37.25,87.18,Night,Weekday
2025-08-07 03:00:00,20.15,62.05,65.04,Night,Weekday
2025-08-07 04:00:00,33.83,56.31,71.76,Night,Weekday
2025-08-07 05:00:00,33.23,70.44,71.21,Night,Weekday
2025-08-07 06:00:00,20.77,60.71,46.63,Morning,Weekday
2025-08-07 07:00:00,27.37,31.21,59.51,Morning,Weekday
2025-08-07 08:00:00,39.58,99.58,75.35,Morning,Weekday
2025-08-07 09:00:00,28.41,68.05,88.6,Morning,Weekday
2025-08-07 10:00:00,30.04,63.15,48.4,Morning,Weekday
2025-08-07 11:00:00,38.2,96.82,60.52,Morning,Weekday
2025-08-07 12:00:00,34.35,40.91,44.75,Morning,Weekday
2025-08-07 13:00:00,31.64,43.25,52.12,Morning,Weekday
2025-08-07 14:00:00,35.96,86.56,58.84,Evening,Weekday
2025-08-07 15:00:00,37.29,48.26,67.03,Evening,Weekday
2025-08-07 16:00:00,29.14,85.95,51.53,Evening,Weekday
2025-08-07 17:00:00,29.5,49.01,51.38,Evening,Weekday
2025-08-07 18:00:00,27.72,32.32,78.89,Evening,Weekday
2025-08-07 19:00:00,39.33,66.19,88.13,Evening,Weekday
2025-08-07 20:00:00,33.94,43.77,56.18,Evening,Weekday
2025-08-07 21:00:00,21.66,83.05,74.4,Evening,Weekday
2025-08-07 22:00:00,37.26,74.88,52.9,Night,Weekday
2025-08-07 23:00:00,29.61,94.65,86.4,Night,Weekday
2025-08-08 00:00:00,21.38,84.81,73.65,Night,Weekday
2025-08-08 01:00:00,30.99,42.65,80.13,Night,Weekday
2025-08-08 02:00:00,28.34,86.01,42.47,Night,Weekday
2025-08-08 03:00:00,37.55,74.92,69.93,Night,Weekday
2025-08-08 04:00:00,24.08,76.83,66.38,Night,Weekday
2025-08-08 05:00:00,36.53,88.26,54.65,Night,Weekday
2025-08-08 06:00:00,31.15,70.17,53.12,Morning,Weekday
2025-08-08 07:00:00,21.09,62.62,69.0,Morning,Weekday
2025-08-08 08:00:00,39.44,74.56,75.32,Morning,Weekday
2025-08-08 09:00:00,30.25,50.86,41.66,Morning,Weekday
2025-08-08 10:00:00,25.82,42.78,68.37,Morning,Weekday
2025-08-08 11:00:00,29.39,73.16,48.52,Morning,Weekday
2025-08-08 12:00:00,37.16,46.37,47.02,Morning,Weekday
2025-08-08 13:00:00,26.1,35.59,71.16,Morning,Weekday
2025-08-08 14:00:00,23.85,30.04,55.54,Evening,Weekday
2025-08-08 15:00:00,22.58,72.58,62.04,Evening,Weekday
2025-08-08 16:00:00,25.96,55.35,58.0,Evening,Weekday
2025-08-08 17:00:00,35.6,82.66,72.42,Evening,Weekday
2025-08-08 18:00:00,29.43,56.26,63.51,Evening,Weekday
2025-08-08 19:00:00,24.55,64.02,88.17,Evening,Weekday
2025-08-08 20:00:00,23.32,58.5,57.62,Evening,Weekday
2025-08-08 21:00:00,26.65,75.54,77.01,Evening,Weekday
2025-08-08 22:00:00,38.8,54.93,52.86,Night,Weekday
2025-08-08 23:00:00,26.86,97.46,65.44,Night,Weekday
2025-08-09 00:00:00,39.76,95.53,67.63,Night,Weekend
2025-08-09 01:00:00,29.7,89.36,56.46,Night,Weekend
2025-08-09 02:00:00,23.58,94.42,63.59,Night,Weekend
2025-08-09 03:00:00,37.82,61.44,53.96,Night,Weekend
2025-08-09 04:00:00,29.21,67.55,40.3,Night,Weekend
2025-08-09 05:00:00,34.19,81.95,50.78,Night,Weekend
2025-08-09 06:00:00,39.67,78.73,75.0,Morning,Weekend
2025-08-09 07:00:00,21.0,92.35,78.55,Morning,Weekend
2025-08-09 08:00:00,21.93,80.14,54.01,Morning,Weekend
2025-08-09 09:00:00,34.41,99.85,60.4,Morning,Weekend
2025-08-09 10:00:00,25.64,54.4,41.87,Morning,Weekend
2025-08-09 11:00:00,23.69,88.31,51.85,Morning,Weekend
2025-08-09 12:00:00,20.79,78.83,78.96,Morning,Weekend
2025-08-09 13:00:00,20.44,78.4,70.3,Morning,Weekend
2025-08-09 14:00:00,35.49,52.81,50.29,Evening,Weekend
2025-08-09 15:00:00,22.69,84.99,52.87,Evening,Weekend
2025-08-09 16:00:00,29.35,93.03,80.84,Evening,Weekend
2025-08-09 17:00:00,32.12,45.3,50.45,Evening,Weekend
2025-08-09 18:00:00,28.57,73.78,56.71,Evening,Weekend
2025-08-09 19:00:00,20.54,57.45,73.22,Evening,Weekend
2025-08-09 20:00:00,35.67,99.27,68.06,Evening,Weekend
2025-08-09 21:00:00,20.21,63.52,63.04,Evening,Weekend
2025-08-09 22:00:00,35.24,45.98,84.99,Night,Weekend
2025-08-09 23:00:00,37.87,56.73,50.99,Night,Weekend
2025-08-10 00:00:00,28.66,75.77,77.07,Night,Weekend
2025-08-10 01:00:00,30.71,35.33,47.95,Night,Weekend
2025-08-10 02:00:00,29.54,72.25,70.79,Night,Weekend
2025-08-10 03:00:00,27.78,95.19,83.53,Night,Weekend
2025-08-10 04:00:00,37.75,89.53,62.9,Night,Weekend
2025-08-10 05:00:00,37.88,34.74,76.21,Night,Weekend
2025-08-10 06:00:00,26.72,99.54,81.02,Morning,Weekend
2025-08-10 07:00:00,32.3,78.91,46.8,Morning,Weekend
2025-08-10 08:00:00,38.54,41.36,75.29,Morning,Weekend
2025-08-10 09:00:00,39.24,30.87,85.99,Morning,Weekend
2025-08-10 10:00:00,30.18,41.99,68.82,Morning,Weekend
2025-08-10 11:00:00,29.06,88.67,49.31,Morning,Weekend
2025-08-10 12:00:00,25.57,31.51,46.35,Morning,Weekend
2025-08-10 13:00:00,39.18,46.32,52.99,Morning,Weekend
2025-08-10 14:00:00,22.86,83.01,45.18,Evening,Weekend
2025-08-10 15:00:00,31.6,71.03,65.67,Evening,Weekend
2025-08-10 16:00:00,25.65,84.79,43.49,Evening,Weekend
2025-08-10 17:00:00,25.58,82.23,51.17,Evening,Weekend
2025-08-10 18:00:00,28.1,33.54,62.0,Evening,Weekend
2025-08-10 19:00:00,39.98,92.48,63.7,Evening,Weekend
2025-08-10 20:00:00,21.1,45.89,68.27,Evening,Weekend
2025-08-10 21:00:00,31.57,68.74,75.28,Evening,Weekend
2025-08-10 22:00:00,21.65,75.1,42.36,Night,Weekend
2025-08-10 23:00:00,23.09,41.8,44.03,Night,Weekend
2025-08-11 00:00:00,28.79,98.34,43.04,Night,Weekday
2025-08-11 01:00:00,30.21,64.17,61.16,Night,Weekday
2025-08-11 02:00:00,25.18,34.03,42.09,Night,Weekday
2025-08-11 03:00:00,26.33,95.61,77.3,Night,Weekday
2025-08-11 04:00:00,21.74,71.04,51.15,Night,Weekday
2025-08-11 05:00:00,26.06,78.94,86.96,Night,Weekday
2025-08-11 06:00:00,39.33,66.76,64.32,Morning,Weekday
2025-08-11 07:00:00,38.89,88.43,62.32,Morning,Weekday
2025-08-11 08:00:00,26.7,32.32,79.03,Morning,Weekday
2025-08-11 09:00:00,31.42,48.79,75.66,Morning,Weekday
2025-08-11 10:00:00,38.19,62.88,70.37,Morning,Weekday
2025-08-11 11:00:00,20.12,35.36,86.76,Morning,Weekday
2025-08-11 12:00:00,36.21,79.41,61.11,Morning,Weekday
2025-08-11 13:00:00,38.97,57.56,80.43,Morning,Weekday
2025-08-11 14:00:00,21.83,49.09,59.0,Evening,Weekday
2025-08-11 15:00:00,23.23,30.24,81.92,Evening,Weekday
2025-08-11 16:00:00,39.21,80.39,52.97,Evening,Weekday
2025-08-11 17:00:00,30.75,88.37,54.46,Evening,Weekday
2025-08-11 18:00:00,20.28,57.65,73.89,Evening,Weekday
2025-08-11 19:00:00,25.15,69.5,50.64,Evening,Weekday
2025-08-11 20:00:00,29.0,45.94,51.46,Evening,Weekday
2025-08-11 21:00:00,33.86,73.55,55.26,Evening,Weekday
2025-08-11 22:00:00,34.66,30.85,73.95,Night,Weekday
2025-08-11 23:00:00,39.91,64.21,84.47,Night,Weekday
2025-08-12 00:00:00,25.75,75.09,73.73,Night,Weekday
2025-08-12 01:00:00,30.76,94.27,81.39,Night,Weekday
2025-08-12 02:00:00,30.67,56.69,67.18,Night,Weekday
2025-08-12 03:00:00,28.11,83.56,43.45,Night,Weekday
2025-08-12 04:00:00,23.38,71.84,45.02,Night,Weekday
2025-08-12 05:00:00,39.55,94.89,67.72,Night,Weekday
2025-08-12 06:00:00,37.07,57.89,56.39,Morning,Weekday
2025-08-12 07:00:00,29.97,52.34,51.03,Morning,Weekday
2025-08-12 08:00:00,32.06,92.1,63.31,Morning,Weekday
2025-08-12 09:00:00,24.55,33.45,73.32,Morning,Weekday
2025-08-12 10:00:00,30.88,39.55,59.25,Morning,Weekday
2025-08-12 11:00:00,33.9,35.77,80.13,Morning,Weekday
2025-08-12 12:00:00,30.3,89.02,76.93,Morning,Weekday
2025-08-12 13:00:00,39.81,30.74,76.75,Morning,Weekday
2025-08-12 14:00:00,32.23,90.32,89.26,Evening,Weekday
2025-08-12 15:00:00,27.42,61.59,54.76,Evening,Weekday
2025-08-12 16:00:00,35.44,30.28,72.24,Evening,Weekday
2025-08-12 17:00:00,23.41,58.12,82.77,Evening,Weekday
2025-08-12 18:00:00,27.69,43.08,68.98,Evening,Weekday
2025-08-12 19:00:00,26.94,73.71,79.48,Evening,Weekday
2025-08-12 20:00:00,28.64,77.56,60.72,Evening,Weekday
2025-08-12 21:00:00,35.64,64.13,69.52,Evening,Weekday
2025-08-12 22:00:00,29.68,32.84,42.78,Night,Weekday
2025-08-12 23:00:00,35.88,75.93,89.29,Night,Weekday
2025-08-13 00:00:00,31.53,88.94,80.0,Night,Weekday
2025-08-13 01:00:00,26.84,80.42,83.44,Night,Weekday
2025-08-13 02:00:00,36.2,88.1,74.71,Night,Weekday
2025-08-13 03:00:00,24.77,44.04,49.3,Night,Weekday
2025-08-13 04:00:00,24.49,92.22,41.55,Night,Weekday
2025-08-13 05:00:00,30.09,52.55,83.23,Night,Weekday
2025-08-13 06:00:00,25.22,30.94,59.82,Morning,Weekday
2025-08-13 07:00:00,20.18,89.04,53.19,Morning,Weekday
2025-08-13 08:00:00,32.97,95.93,68.08,Morning,Weekday
2025-08-13 09:00:00,30.22,75.89,61.04,Morning,Weekday
2025-08-13 10:00:00,28.91,46.2,72.58,Morning,Weekday
2025-08-13 11:00:00,39.34,47.62,64.19,Morning,Weekday
2025-08-13 12:00:00,31.42,62.66,74.86,Morning,Weekday
2025-08-13 13:00:00,37.27,92.85,82.67,Morning,Weekday
2025-08-13 14:00:00,22.79,40.47,49.78,Evening,Weekday
2025-08-13 15:00:00,31.38,87.82,56.47,Evening,Weekday
2025-08-13 16:00:00,37.36,50.39,61.84,Evening,Weekday
2025-08-13 17:00:00,31.66,86.6,88.1,Evening,Weekday
2025-08-13 18:00:00,34.36,94.42,58.27,Evening,Weekday
2025-08-13 19:00:00,27.44,59.92,59.05,Evening,Weekday
2025-08-13 20:00:00,21.85,55.55,72.67,Evening,Weekday
2025-08-13 21:00:00,29.16,86.16,60.96,Evening,Weekday
2025-08-13 22:00:00,27.89,67.06,87.56,Night,Weekday
2025-08-13 23:00:00,37.34,77.91,84.72,Night,Weekday
2025-08-14 00:00:00,24.88,73.6,65.67,Night,Weekday
2025-08-14 01:00:00,39.33,40.7,72.24,Night,Weekday
2025-08-14 02:00:00,39.16,89.14,42.9,Night,Weekday
2025-08-14 03:00:00,24.95,43.7,74.79,Night,Weekday
2025-08-14 04:00:00,26.96,95.26,75.36,Night,Weekday
2025-08-14 05:00:00,37.91,47.54,57.96,Night,Weekday
2025-08-14 06:00:00,39.33,81.37,50.98,Morning,Weekday
2025-08-14 07:00:00,28.87,49.93,85.75,Morning,Weekday
2025-08-14 08:00:00,26.42,52.24,61.34,Morning,Weekday
2025-08-14 09:00:00,30.52,51.7,72.69,Morning,Weekday
2025-08-14 10:00:00,33.76,82.35,41.67,Morning,Weekday
2025-08-14 11:00:00,25.47,68.98,60.7,Morning,Weekday
2025-08-14 12:00:00,34.73,91.81,80.86,Morning,Weekday
2025-08-14 13:00:00,21.03,51.52,59.38,Morning,Weekday
2025-08-14 14:00:00,20.99,78.44,70.16,Evening,Weekday
2025-08-14 15:00:00,27.73,82.71,50.49,Evening,Weekday
2025-08-14 16:00:00,27.07,40.6,60.83,Evening,Weekday
2025-08-14 17:00:00,26.31,58.04,86.38,Evening,Weekday
2025-08-14 18:00:00,29.82,63.8,68.32,Evening,Weekday
2025-08-14 19:00:00,26.41,54.9,85.1,Evening,Weekday
2025-08-14 20:00:00,23.85,52.55,85.1,Evening,Weekday
2025-08-14 21:00:00,26.19,78.05,87.21,Evening,Weekday
2025-08-14 22:00:00,39.5,45.11,84.77,Night,Weekday
2025-08-14 23:00:00,28.22,79.66,40.16,Night,Weekday
2025-08-15 00:00:00,28.89,95.45,86.7,Night,Weekday
2025-08-15 01:00:00,31.53,69.56,46.87,Night,Weekday
2025-08-15 02:00:00,39.67,72.8,42.0,Night,Weekday
2025-08-15 03:00:00,24.83,34.83,42.77,Night,Weekday
2025-08-15 04:00:00,33.63,90.51,57.45,Night,Weekday
2025-08-15 05:00:00,34.32,49.98,71.04,Night,Weekday
2025-08-15 06:00:00,32.15,73.05,60.12,Morning,Weekday
2025-08-15 07:00:00,21.77,98.54,41.28,Morning,Weekday
2025-08-15 08:00:00,33.54,71.69,63.82,Morning,Weekday
2025-08-15 09:00:00,21.28,80.73,62.11,Morning,Weekday
2025-08-15 10:00:00,31.92,61.17,77.84,Morning,Weekday
2025-08-15 11:00:00,34.79,34.23,53.98,Morning,Weekday
2025-08-15 12:00:00,24.22,85.83,50.88,Morning,Weekday
2025-08-15 13:00:00,36.83,32.45,52.8,Morning,Weekday
2025-08-15 14:00:00,20.61,79.05,55.19,Evening,Weekday
2025-08-15 15:00:00,36.88,31.6,69.96,Evening,Weekday
2025-08-15 16:00:00,29.21,90.36,63.58,Evening,Weekday
2025-08-15 17:00:00,24.35,41.03,56.84,Evening,Weekday
2025-08-15 18:00:00,22.68,66.0,58.72,Evening,Weekday
2025-08-15 19:00:00,39.07,71.8,58.55,Evening,Weekday
2025-08-15 20:00:00,21.45,62.03,88.62,Evening,Weekday
2025-08-15 21:00:00,23.98,53.85,51.65,Evening,Weekday
2025-08-15 22:00:00,26.96,62.75,80.9,Night,Weekday
2025-08-15 23:00:00,32.4,51.8,75.41,Night,Weekday
2025-08-16 00:00:00,30.9,60.67,40.28,Night,Weekend
2025-08-16 01:00:00,22.51,55.12,89.66,Night,Weekend
2025-08-16 02:00:00,25.79,69.63,77.82,Night,Weekend
2025-08-16 03:00:00,24.78,46.65,74.12,Night,Weekend
2025-08-16 04:00:00,24.27,99.21,60.27,Night,Weekend
2025-08-16 05:00:00,28.22,65.06,67.76,Night,Weekend
2025-08-16 06:00:00,34.08,43.59,52.66,Morning,Weekend
2025-08-16 07:00:00,24.35,63.39,41.77,Morning,Weekend
2025-08-16 08:00:00,27.33,90.65,81.8,Morning,Weekend
2025-08-16 09:00:00,27.82,31.53,84.82,Morning,Weekend
2025-08-16 10:00:00,39.53,77.57,48.12,Morning,Weekend
2025-08-16 11:00:00,39.09,68.36,79.35,Morning,Weekend
2025-08-16 12:00:00,36.0,41.87,77.06,Morning,Weekend
2025-08-16 13:00:00,24.83,87.22,48.92,Morning,Weekend
2025-08-16 14:00:00,21.36,55.82,61.09,Evening,Weekend
2025-08-16 15:00:00,26.34,50.57,61.14,Evening,Weekend
2025-08-16 16:00:00,25.34,87.97,78.0,Evening,Weekend
2025-08-16 17:00:00,30.12,74.7,81.88,Evening,Weekend
2025-08-16 18:00:00,35.55,92.88,44.74,Evening,Weekend
2025-08-16 19:00:00,37.17,74.09,68.15,Evening,Weekend
2025-08-16 20:00:00,36.9,81.86,78.09,Evening,Weekend
2025-08-16 21:00:00,27.19,88.55,79.31,Evening,Weekend
2025-08-16 22:00:00,33.74,33.83,47.4,Night,Weekend
2025-08-16 23:00:00,26.26,84.32,66.28,Night,Weekend
2025-08-17 00:00:00,21.22,72.96,82.88,Night,Weekend
2025-08-17 01:00:00,34.03,34.87,55.93,Night,Weekend
2025-08-17 02:00:00,20.2,65.6,61.26,Night,Weekend
2025-08-17 03:00:00,28.18,35.77,80.22,Night,Weekend
2025-08-17 04:00:00,26.59,81.52,44.47,Night,Weekend
2025-08-17 05:00:00,33.87,68.26,82.97,Night,Weekend
2025-08-17 06:00:00,35.32,96.75,55.56,Morning,Weekend
2025-08-17 07:00:00,26.08,42.82,40.07,Morning,Weekend
2025-08-17 08:00:00,36.23,72.42,51.71,Morning,Weekend
2025-08-17 09:00:00,25.88,44.81,44.48,Morning,Weekend
2025-08-17 10:00:00,28.93,72.98,44.62,Morning,Weekend
2025-08-17 11:00:00,34.54,80.59,74.64,Morning,Weekend
2025-08-17 12:00:00,33.86,80.56,50.7,Morning,Weekend
2025-08-17 13:00:00,39.75,87.06,86.74,Morning,Weekend
2025-08-17 14:00:00,24.5,89.75,65.82,Evening,Weekend
2025-08-17 15:00:00,33.25,35.41,63.0,Evening,Weekend
2025-08-17 16:00:00,32.19,54.03,61.71,Evening,Weekend
2025-08-17 17:00:00,38.3,78.1,74.63,Evening,Weekend
2025-08-17 18:00:00,23.13,64.9,62.61,Evening,Weekend
2025-08-17 19:00:00,35.04,43.35,46.43,Evening,Weekend
2025-08-17 20:00:00,31.37,68.69,84.01,Evening,Weekend
2025-08-17 21:00:00,25.49,58.52,61.42,Evening,Weekend
2025-08-17 22:00:00,29.49,57.3,43.7,Night,Weekend
2025-08-17 23:00:00,26.68,86.68,66.47,Night,Weekend
2025-08-18 00:00:00,31.59,58.53,72.37,Night,Weekday
2025-08-18 01:00:00,37.78,31.85,53.78,Night,Weekday
2025-08-18 02:00:00,31.39,34.06,80.02,Night,Weekday
2025-08-18 03:00:00,32.63,89.94,73.49,Night,Weekday
2025-08-18 04:00:00,30.37,97.24,72.52,Night,Weekday
2025-08-18 05:00:00,21.02,78.19,61.04,Night,Weekday
2025-08-18 06:00:00,24.66,55.51,88.1,Morning,Weekday
2025-08-18 07:00:00,29.84,95.7,53.71,Morning,Weekday
2025-08-18 08:00:00,26.2,76.4,68.89,Morning,Weekday
2025-08-18 09:00:00,23.64,89.1,55.45,Morning,Weekday
2025-08-18 10:00:00,30.08,83.61,77.24,Morning,Weekday
2025-08-18 11:00:00,26.46,56.54,42.39,Morning,Weekday
2025-08-18 12:00:00,25.16,63.51,42.29,Morning,Weekday
2025-08-18 13:00:00,29.28,43.03,80.54,Morning,Weekday
2025-08-18 14:00:00,22.67,50.44,61.71,Evening,Weekday
2025-08-18 15:00:00,38.55,84.47,57.06,Evening,Weekday
2025-08-18 16:00:00,37.35,92.58,70.38,Evening,Weekday
2025-08-18 17:00:00,34.15,80.71,75.09,Evening,Weekday
2025-08-18 18:00:00,22.12,62.56,50.06,Evening,Weekday
2025-08-18 19:00:00,35.52,36.06,49.27,Evening,Weekday
2025-08-18 20:00:00,36.16,33.99,87.91,Evening,Weekday
2025-08-18 21:00:00,35.36,56.2,69.48,Evening,Weekday
2025-08-18 22:00:00,22.28,62.47,59.51,Night,Weekday
2025-08-18 23:00:00,32.88,72.64,80.07,Night,Weekday
2025-08-19 00:00:00,36.69,30.45,66.26,Night,Weekday
2025-08-19 01:00:00,31.55,99.28,52.08,Night,Weekday
2025-08-19 02:00:00,32.93,55.48,50.34,Night,Weekday
2025-08-19 03:00:00,29.17,89.37,59.84,Night,Weekday
2025-08-19 04:00:00,30.57,67.45,82.99,Night,Weekday
2025-08-19 05:00:00,20.69,39.13,43.07,Night,Weekday
2025-08-19 06:00:00,32.78,85.83,50.93,Morning,Weekday
2025-08-19 07:00:00,21.63,79.69,84.66,Morning,Weekday
2025-08-19 08:00:00,28.7,66.92,46.09,Morning,Weekday
2025-08-19 09:00:00,25.85,66.02,71.48,Morning,Weekday
2025-08-19 10:00:00,30.91,36.12,50.68,Morning,Weekday
2025-08-19 11:00:00,22.67,75.91,70.29,Morning,Weekday
2025-08-19 12:00:00,33.83,93.79,59.16,Morning,Weekday
2025-08-19 13:00:00,35.9,36.53,45.08,Morning,Weekday
2025-08-19 14:00:00,23.27,48.45,69.12,Evening,Weekday
2025-08-19 15:00:00,22.09,93.16,74.15,Evening,Weekday
2025-08-19 16:00:00,22.91,49.9,74.01,Evening,Weekday
2025-08-19 17:00:00,37.54,75.78,71.85,Evening,Weekday
2025-08-19 18:00:00,30.56,67.44,65.01,Evening,Weekday
2025-08-19 19:00:00,29.35,71.74,65.97,Evening,Weekday
2025-08-19 20:00:00,22.13,59.11,71.78,Evening,Weekday
2025-08-19 21:00:00,32.99,51.0,74.51,Evening,Weekday
2025-08-19 22:00:00,37.36,33.4,72.74,Night,Weekday
2025-08-19 23:00:00,36.56,82.1,69.35,Night,Weekday
2025-08-20 00:00:00,32.52,82.23,47.79,Night,Weekday
2025-08-20 01:00:00,21.51,76.95,50.53,Night,Weekday
2025-08-20 02:00:00,22.25,75.05,53.01,Night,Weekday
2025-08-20 03:00:00,20.99,47.06,85.98,Night,Weekday
2025-08-20 04:00:00,25.15,31.56,77.97,Night,Weekday
2025-08-20 05:00:00,22.71,86.61,67.64,Night,Weekday
2025-08-20 06:00:00,25.2,64.38,52.6,Morning,Weekday
2025-08-20 07:00:00,27.7,51.48,45.54,Morning,Weekday
2025-08-20 08:00:00,38.86,37.14,84.94,Morning,Weekday
2025-08-20 09:00:00,32.21,34.39,84.63,Morning,Weekday
2025-08-20 10:00:00,36.7,54.42,45.53,Morning,Weekday
2025-08-20 11:00:00,34.21,86.33,79.86,Morning,Weekday
2025-08-20 12:00:00,22.25,94.31,62.33,Morning,Weekday
2025-08-20 13:00:00,34.72,92.77,56.2,Morning,Weekday
2025-08-20 14:00:00,25.5,94.4,76.96,Evening,Weekday
2025-08-20 15:00:00,32.78,93.54,70.72,Evening,Weekday
2025-08-20 16:00:00,26.82,66.91,79.0,Evening,Weekday
2025-08-20 17:00:00,39.95,45.36,43.72,Evening,Weekday
2025-08-20 18:00:00,25.27,85.86,55.93,Evening,Weekday
2025-08-20 19:00:00,25.58,44.96,55.97,Evening,Weekday
2025-08-20 20:00:00,38.61,48.7,56.49,Evening,Weekday
2025-08-20 21:00:00,20.49,46.33,65.12,Evening,Weekday
2025-08-20 22:00:00,33.93,66.05,54.15,Night,Weekday
2025-08-20 23:00:00,34.51,52.53,62.22,Night,Weekday
2025-08-21 00:00:00,36.73,40.79,58.39,Night,Weekday
2025-08-21 01:00:00,39.49,61.72,76.76,Night,Weekday
2025-08-21 02:00:00,39.51,91.17,70.18,Night,Weekday
2025-08-21 03:00:00,21.31,69.94,72.68,Night,Weekday
2025-08-21 04:00:00,36.44,91.48,50.53,Night,Weekday
2025-08-21 05:00:00,32.93,43.71,56.28,Night,Weekday
2025-08-21 06:00:00,32.95,41.69,41.06,Morning,Weekday
2025-08-21 07:00:00,22.57,70.29,45.42,Morning,Weekday
2025-08-21 08:00:00,33.0,62.43,53.25,Morning,Weekday
2025-08-21 09:00:00,39.65,76.21,43.27,Morning,Weekday
2025-08-21 10:00:00,38.24,85.62,70.13,Morning,Weekday
2025-08-21 11:00:00,28.78,82.59,89.91,Morning,Weekday
2025-08-21 12:00:00,20.8,95.96,45.04,Morning,Weekday
2025-08-21 13:00:00,27.25,57.88,81.06,Morning,Weekday
2025-08-21 14:00:00,36.53,44.45,45.94,Evening,Weekday
2025-08-21 15:00:00,34.03,68.56,73.5,Evening,Weekday
2025-08-21 16:00:00,29.19,37.75,72.16,Evening,Weekday
2025-08-21 17:00:00,21.1,50.22,85.14,Evening,Weekday
2025-08-21 18:00:00,28.54,44.55,45.7,Evening,Weekday
2025-08-21 19:00:00,29.38,57.76,55.77,Evening,Weekday
2025-08-21 20:00:00,38.57,37.79,44.54,Evening,Weekday
2025-08-21 21:00:00,32.82,32.23,60.37,Evening,Weekday
2025-08-21 22:00:00,26.23,75.98,85.58,Night,Weekday
2025-08-21 23:00:00,30.51,72.72,79.08,Night,Weekday
2025-08-22 00:00:00,21.32,79.59,76.15,Night,Weekday
2025-08-22 01:00:00,39.45,76.23,66.65,Night,Weekday
2025-08-22 02:00:00,27.2,38.0,84.17,Night,Weekday
2025-08-22 03:00:00,29.56,50.38,62.47,Night,Weekday
2025-08-22 04:00:00,27.11,39.07,47.48,Night,Weekday
2025-08-22 05:00:00,33.65,89.01,81.88,Night,Weekday
2025-08-22 06:00:00,33.24,82.28,53.98,Morning,Weekday
2025-08-22 07:00:00,34.31,44.11,42.68,Morning,Weekday
2025-08-22 08:00:00,25.36,53.89,46.3,Morning,Weekday
2025-08-22 09:00:00,26.31,97.66,70.45,Morning,Weekday
2025-08-22 10:00:00,22.51,71.59,70.35,Morning,Weekday
2025-08-22 11:00:00,33.11,86.08,53.01,Morning,Weekday
2025-08-22 12:00:00,20.8,48.52,76.36,Morning,Weekday
2025-08-22 13:00:00,31.95,44.7,78.68,Morning,Weekday
2025-08-22 14:00:00,37.39,84.87,86.03,Evening,Weekday
2025-08-22 15:00:00,37.82,78.01,69.25,Evening,Weekday
2025-08-22 16:00:00,28.98,77.67,78.97,Evening,Weekday
2025-08-22 17:00:00,29.19,68.68,77.65,Evening,Weekday
2025-08-22 18:00:00,21.54,69.45,52.89,Evening,Weekday
2025-08-22 19:00:00,33.42,81.5,55.51,Evening,Weekday
2025-08-22 20:00:00,36.43,48.9,63.92,Evening,Weekday
2025-08-22 21:00:00,24.89,54.69,40.95,Evening,Weekday
2025-08-22 22:00:00,28.43,91.01,54.87,Night,Weekday
2025-08-22 23:00:00,36.78,51.62,63.69,Night,Weekday
2025-08-23 00:00:00,37.54,68.24,45.4,Night,Weekend
2025-08-23 01:00:00,24.86,79.18,46.31,Night,Weekend
2025-08-23 02:00:00,31.01,99.99,63.16,Night,Weekend
2025-08-23 03:00:00,23.85,60.47,76.55,Night,Weekend
2025-08-23 04:00:00,22.04,59.97,81.69,Night,Weekend
2025-08-23 05:00:00,38.22,88.98,67.32,Night,Weekend
2025-08-23 06:00:00,36.41,86.39,63.74,Morning,Weekend
2025-08-23 07:00:00,35.2,81.18,59.21,Morning,Weekend
2025-08-23 08:00:00,20.98,62.43,49.65,Morning,Weekend
2025-08-23 09:00:00,36.87,52.68,47.33,Morning,Weekend
2025-08-23 10:00:00,28.76,72.61,79.59,Morning,Weekend
2025-08-23 11:00:00,26.85,91.34,63.25,Morning,Weekend
2025-08-23 12:00:00,30.93,91.86,79.52,Morning,Weekend
2025-08-23 13:00:00,21.83,37.59,75.2,Morning,Weekend
2025-08-23 14:00:00,35.13,59.98,49.69,Evening,Weekend
2025-08-23 15:00:00,31.65,62.53,65.52,Evening,Weekend
2025-08-23 16:00:00,23.73,98.43,62.2,Evening,Weekend
2025-08-23 17:00:00,23.76,77.46,61.19,Evening,Weekend
2025-08-23 18:00:00,23.68,58.51,67.13,Evening,Weekend
2025-08-23 19:00:00,21.14,31.82,89.1,Evening,Weekend
2025-08-23 20:00:00,31.76,69.58,80.65,Evening,Weekend
2025-08-23 21:00:00,36.81,36.73,85.19,Evening,Weekend
2025-08-23 22:00:00,20.35,88.41,41.48,Night,Weekend
2025-08-23 23:00:00,20.98,82.68,47.02,Night,Weekend
2025-08-24 00:00:00,31.46,62.24,44.24,Night,Weekend
2025-08-24 01:00:00,36.39,60.04,53.16,Night,Weekend
2025-08-24 02:00:00,26.53,92.81,62.09,Night,Weekend
2025-08-24 03:00:00,26.99,50.19,72.1,Night,Weekend
2025-08-24 04:00:00,31.93,47.43,65.04,Night,Weekend
2025-08-24 05:00:00,25.48,95.74,85.16,Night,Weekend
2025-08-24 06:00:00,20.53,86.65,86.99,Morning,Weekend
2025-08-24 07:00:00,34.7,87.44,48.18,Morning,Weekend
2025-08-24 08:00:00,32.51,43.66,82.65,Morning,Weekend
2025-08-24 09:00:00,31.62,40.03,64.09,Morning,Weekend
2025-08-24 10:00:00,34.83,31.82,62.67,Morning,Weekend
2025-08-24 11:00:00,33.5,46.59,79.25,Morning,Weekend
2025-08-24 12:00:00,24.12,84.19,44.66,Morning,Weekend
2025-08-24 13:00:00,27.05,46.8,84.12,Morning,Weekend
2025-08-24 14:00:00,22.52,81.04,73.54,Evening,Weekend
2025-08-24 15:00:00,22.6,47.63,83.76,Evening,Weekend
2025-08-24 16:00:00,33.52,57.67,89.72,Evening,Weekend
2025-08-24 17:00:00,37.17,98.82,65.9,Evening,Weekend
2025-08-24 18:00:00,39.25,47.14,44.66,Evening,Weekend
2025-08-24 19:00:00,32.57,56.35,48.33,Evening,Weekend
2025-08-24 20:00:00,23.68,51.08,56.18,Evening,Weekend
2025-08-24 21:00:00,22.11,37.67,45.18,Evening,Weekend
2025-08-24 22:00:00,36.26,64.29,80.77,Night,Weekend
2025-08-24 23:00:00,31.58,56.51,54.84,Night,Weekend
2025-08-25 00:00:00,32.37,78.64,88.79,Night,Weekday
2025-08-25 01:00:00,35.63,87.23,75.13,Night,Weekday
2025-08-25 02:00:00,34.07,68.1,48.67,Night,Weekday
2025-08-25 03:00:00,36.69,32.25,63.8,Night,Weekday
2025-08-25 04:00:00,21.12,73.32,63.34,Night,Weekday
2025-08-25 05:00:00,34.95,33.88,64.63,Night,Weekday
2025-08-25 06:00:00,37.02,73.14,66.78,Morning,Weekday
2025-08-25 07:00:00,25.72,77.95,41.56,Morning,Weekday
2025-08-25 08:00:00,32.81,43.84,74.32,Morning,Weekday
2025-08-25 09:00:00,26.28,87.35,64.36,Morning,Weekday
2025-08-25 10:00:00,39.16,93.78,79.55,Morning,Weekday
2025-08-25 11:00:00,20.67,86.92,80.77,Morning,Weekday
2025-08-25 12:00:00,31.6,51.36,51.53,Morning,Weekday
2025-08-25 13:00:00,23.33,71.07,42.42,Morning,Weekday
2025-08-25 14:00:00,34.24,94.04,75.16,Evening,Weekday
2025-08-25 15:00:00,23.52,52.45,88.89,Evening,Weekday
2025-08-25 16:00:00,24.71,87.4,62.33,Evening,Weekday
2025-08-25 17:00:00,29.89,30.66,52.98,Evening,Weekday
2025-08-25 18:00:00,38.3,30.26,47.83,Evening,Weekday
2025-08-25 19:00:00,24.23,83.18,54.37,Evening,Weekday
2025-08-25 20:00:00,22.88,83.3,56.4,Evening,Weekday
2025-08-25 21:00:00,35.18,85.23,61.19,Evening,Weekday
2025-08-25 22:00:00,30.01,95.1,72.77,Night,Weekday
2025-08-25 23:00:00,38.24,38.25,53.66,Night,Weekday
2025-08-26 00:00:00,22.93,46.24,42.55,Night,Weekday
2025-08-26 01:00:00,32.92,93.26,58.66,Night,Weekday
2025-08-26 02:00:00,24.66,42.41,82.78,Night,Weekday
2025-08-26 03:00:00,23.14,77.76,64.92,Night,Weekday
2025-08-26 04:00:00,33.67,67.13,88.24,Night,Weekday
2025-08-26 05:00:00,31.87,35.82,65.18,Night,Weekday
2025-08-26 06:00:00,35.1,49.97,53.79,Morning,Weekday
2025-08-26 07:00:00,26.19,66.43,49.67,Morning,Weekday
2025-08-26 08:00:00,28.96,89.66,74.73,Morning,Weekday
2025-08-26 09:00:00,28.11,79.53,66.82,Morning,Weekday
2025-08-26 10:00:00,39.68,73.53,70.2,Morning,Weekday
2025-08-26 11:00:00,25.84,64.72,77.76,Morning,Weekday
2025-08-26 12:00:00,25.9,50.91,76.3,Morning,Weekday
2025-08-26 13:00:00,27.09,38.35,42.17,Morning,Weekday
2025-08-26 14:00:00,31.29,58.64,80.13,Evening,Weekday
2025-08-26 15:00:00,25.05,32.0,66.64,Evening,Weekday
2025-08-26 16:00:00,38.31,44.77,59.59,Evening,Weekday
2025-08-26 17:00:00,25.31,60.27,66.88,Evening,Weekday
2025-08-26 18:00:00,37.92,59.3,70.62,Evening,Weekday
2025-08-26 19:00:00,22.07,33.1,47.48,Evening,Weekday
2025-08-26 20:00:00,33.13,71.23,60.87,Evening,Weekday
2025-08-26 21:00:00,38.14,68.48,56.78,Evening,Weekday
2025-08-26 22:00:00,23.37,35.47,57.52,Night,Weekday
2025-08-26 23:00:00,39.37,96.02,44.57,Night,Weekday
2025-08-27 00:00:00,29.06,36.96,47.99,Night,Weekday
2025-08-27 01:00:00,38.91,89.84,48.09,Night,Weekday
2025-08-27 02:00:00,33.54,30.02,58.66,Night,Weekday
2025-08-27 03:00:00,26.03,91.76,84.72,Night,Weekday
2025-08-27 04:00:00,23.77,31.38,50.3,Night,Weekday
2025-08-27 05:00:00,26.07,83.05,60.81,Night,Weekday
2025-08-27 06:00:00,21.86,55.32,55.58,Morning,Weekday
2025-08-27 07:00:00,22.88,81.68,79.37,Morning,Weekday
2025-08-27 08:00:00,22.09,58.12,42.51,Morning,Weekday
2025-08-27 09:00:00,28.46,34.96,49.83,Morning,Weekday
2025-08-27 10:00:00,35.91,83.73,50.53,Morning,Weekday
2025-08-27 11:00:00,22.83,34.99,89.65,Morning,Weekday
2025-08-27 12:00:00,22.61,94.55,68.54,Morning,Weekday
2025-08-27 13:00:00,32.87,33.57,46.95,Morning,Weekday
2025-08-27 14:00:00,23.94,63.55,53.61,Evening,Weekday
2025-08-27 15:00:00,21.95,80.61,48.39,Evening,Weekday
2025-08-27 16:00:00,23.34,57.53,46.23,Evening,Weekday
2025-08-27 17:00:00,38.47,45.21,79.86,Evening,Weekday
2025-08-27 18:00:00,36.43,83.14,64.79,Evening,Weekday
2025-08-27 19:00:00,27.08,84.9,71.56,Evening,Weekday
2025-08-27 20:00:00,33.12,94.59,56.56,Evening,Weekday
2025-08-27 21:00:00,30.75,56.33,67.68,Evening,Weekday
2025-08-27 22:00:00,33.54,65.44,52.88,Night,Weekday
2025-08-27 23:00:00,33.65,55.42,55.4,Night,Weekday
2025-08-28 00:00:00,32.57,48.0,72.61,Night,Weekday
2025-08-28 01:00:00,25.32,82.57,47.52,Night,Weekday
2025-08-28 02:00:00,20.78,53.78,70.86,Night,Weekday
2025-08-28 03:00:00,29.11,59.97,82.61,Night,Weekday
2025-08-28 04:00:00,37.82,58.26,46.02,Night,Weekday
2025-08-28 05:00:00,31.39,79.89,84.87,Night,Weekday
2025-08-28 06:00:00,36.65,94.25,43.97,Morning,Weekday
2025-08-28 07:00:00,39.83,76.67,57.45,Morning,Weekday
2025-08-28 08:00:00,23.27,63.01,70.53,Morning,Weekday
2025-08-28 09:00:00,33.84,84.54,67.97,Morning,Weekday
2025-08-28 10:00:00,33.49,74.87,44.82,Morning,Weekday
2025-08-28 11:00:00,39.6,34.24,79.95,Morning,Weekday
2025-08-28 12:00:00,39.71,36.7,88.66,Morning,Weekday
2025-08-28 13:00:00,33.73,32.65,49.06,Morning,Weekday
2025-08-28 14:00:00,24.87,61.98,84.76,Evening,Weekday
2025-08-28 15:00:00,35.97,87.81,67.84,Evening,Weekday
2025-08-28 16:00:00,22.14,51.92,86.8,Evening,Weekday
2025-08-28 17:00:00,35.61,56.89,48.8,Evening,Weekday
2025-08-28 18:00:00,38.2,93.66,79.6,Evening,Weekday
2025-08-28 19:00:00,27.66,88.58,42.99,Evening,Weekday
2025-08-28 20:00:00,32.61,76.55,84.16,Evening,Weekday
2025-08-28 21:00:00,28.6,48.68,73.71,Evening,Weekday
2025-08-28 22:00:00,28.76,38.19,58.51,Night,Weekday
2025-08-28 23:00:00,26.21,31.12,49.52,Night,Weekday
2025-08-29 00:00:00,35.24,37.49,80.83,Night,Weekday
2025-08-29 01:00:00,38.72,50.48,70.16,Night,Weekday
2025-08-29 02:00:00,38.82,68.63,58.02,Night,Weekday
2025-08-29 03:00:00,23.5,34.48,62.19,Night,Weekday
2025-08-29 04:00:00,37.49,39.54,81.33,Night,Weekday
2025-08-29 05:00:00,34.75,42.68,56.95,Night,Weekday
2025-08-29 06:00:00,25.06,74.24,44.48,Morning,Weekday
2025-08-29 07:00:00,21.35,73.11,85.56,Morning,Weekday
2025-08-29 08:00:00,25.36,68.55,59.37,Morning,Weekday
2025-08-29 09:00:00,38.24,47.54,57.42,Morning,Weekday
2025-08-29 10:00:00,32.66,55.98,50.22,Morning,Weekday
2025-08-29 11:00:00,34.42,36.77,84.87,Morning,Weekday
2025-08-29 12:00:00,25.14,45.85,50.88,Morning,Weekday
2025-08-29 13:00:00,34.39,92.84,71.83,Morning,Weekday
2025-08-29 14:00:00,20.56,98.58,84.04,Evening,Weekday
2025-08-29 15:00:00,27.51,75.34,41.75,Evening,Weekday
2025-08-29 16:00:00,32.54,94.18,81.44,Evening,Weekday
2025-08-29 17:00:00,22.92,74.99,60.53,Evening,Weekday
2025-08-29 18:00:00,36.46,32.32,72.9,Evening,Weekday
2025-08-29 19:00:00,24.7,99.77,58.62,Evening,Weekday
2025-08-29 20:00:00,33.05,36.93,74.78,Evening,Weekday
2025-08-29 21:00:00,28.1,77.78,52.71,Evening,Weekday
2025-08-29 22:00:00,31.92,47.7,41.1,Night,Weekday
2025-08-29 23:00:00,22.15,57.44,87.39,Night,Weekday
2025-08-30 00:00:00,20.34,75.22,40.82,Night,Weekend
2025-08-30 01:00:00,38.19,60.55,81.2,Night,Weekend
2025-08-30 02:00:00,25.39,47.54,48.46,Night,Weekend
2025-08-30 03:00:00,36.39,53.41,59.61,Night,Weekend
2025-08-30 04:00:00,39.99,53.91,81.12,Night,Weekend
2025-08-30 05:00:00,24.23,97.15,50.3,Night,Weekend
2025-08-30 06:00:00,25.3,85.9,83.29,Morning,Weekend
2025-08-30 07:00:00,33.26,62.1,64.89,Morning,Weekend
2025-08-30 08:00:00,39.31,43.99,58.31,Morning,Weekend
2025-08-30 09:00:00,38.32,86.77,73.12,Morning,Weekend
2025-08-30 10:00:00,30.06,41.0,57.07,Morning,Weekend
2025-08-30 11:00:00,35.9,44.73,57.36,Morning,Weekend
2025-08-30 12:00:00,22.71,55.62,76.68,Morning,Weekend
2025-08-30 13:00:00,39.55,91.62,55.49,Morning,Weekend
2025-08-30 14:00:00,39.29,39.23,50.04,Evening,Weekend
2025-08-30 15:00:00,23.27,38.56,80.38,Evening,Weekend
2025-08-30 16:00:00,25.99,64.58,80.27,Evening,Weekend
2025-08-30 17:00:00,22.0,49.35,64.88,Evening,Weekend
2025-08-30 18:00:00,25.43,69.81,66.33,Evening,Weekend
2025-08-30 19:00:00,36.32,61.61,74.8,Evening,Weekend
2025-08-30 20:00:00,27.57,60.45,65.46,Evening,Weekend
2025-08-30 21:00:00,21.77,37.84,60.85,Evening,Weekend
2025-08-30 22:00:00,26.84,39.87,89.74,Night,Weekend
2025-08-30 23:00:00,39.63,87.48,47.38,Night,Weekend
2025-08-31 00:00:00,32.59,92.01,69.64,Night,Weekend
2025-08-31 01:00:00,28.32,46.43,84.29,Night,Weekend
2025-08-31 02:00:00,23.33,37.94,74.36,Night,Weekend
2025-08-31 03:00:00,39.72,33.74,84.05,Night,Weekend
2025-08-31 04:00:00,36.42,72.58,56.82,Night,Weekend
2025-08-31 05:00:00,25.63,80.07,53.6,Night,Weekend
2025-08-31 06:00:00,21.4,56.1,82.56,Morning,Weekend
2025-08-31 07:00:00,21.13,77.58,59.71,Morning,Weekend
2025-08-31 08:00:00,22.41,79.91,75.48,Morning,Weekend
2025-08-31 09:00:00,31.62,95.47,47.39,Morning,Weekend
2025-08-31 10:00:00,38.58,34.54,77.79,Morning,Weekend
2025-08-31 11:00:00,29.93,43.46,67.45,Morning,Weekend
2025-08-31 12:00:00,36.86,34.8,53.43,Morning,Weekend
2025-08-31 13:00:00,28.92,90.76,64.73,Morning,Weekend
2025-08-31 14:00:00,34.17,85.48,74.85,Evening,Weekend
2025-08-31 15:00:00,34.64,70.22,40.59,Evening,Weekend
2025-08-31 16:00:00,23.48,35.86,71.87,Evening,Weekend
2025-08-31 17:00:00,27.22,49.13,67.08,Evening,Weekend
2025-08-31 18:00:00,32.75,50.84,51.01,Evening,Weekend
2025-08-31 19:00:00,21.41,69.25,77.65,Evening,Weekend
2025-08-31 20:00:00,27.23,48.06,55.17,Evening,Weekend
2025-08-31 21:00:00,30.7,35.11,53.84,Evening,Weekend
2025-08-31 22:00:00,39.92,81.15,63.56,Night,Weekend
2025-08-31 23:00:00,29.49,50.94,73.81,Night,Weekend
2025-09-01 00:00:00,36.32,61.67,86.44,Night,Weekday
2025-09-01 01:00:00,28.64,38.94,47.07,Night,Weekday
2025-09-01 02:00:00,35.93,86.18,59.82,Night,Weekday
2025-09-01 03:00:00,31.91,69.59,43.35,Night,Weekday
2025-09-01 04:00:00,37.73,93.11,77.93,Night,Weekday
2025-09-01 05:00:00,28.22,64.68,62.39,Night,Weekday
2025-09-01 06:00:00,32.09,95.9,75.35,Morning,Weekday
2025-09-01 07:00:00,32.6,92.43,56.11,Morning,Weekday
2025-09-01 08:00:00,28.35,70.35,82.22,Morning,Weekday
2025-09-01 09:00:00,22.89,95.37,66.74,Morning,Weekday
2025-09-01 10:00:00,21.87,52.62,87.18,Morning,Weekday
2025-09-01 11:00:00,20.33,55.59,43.94,Morning,Weekday
2025-09-01 12:00:00,37.47,33.18,65.71,Morning,Weekday
2025-09-01 13:00:00,24.73,71.24,78.32,Morning,Weekday
2025-09-01 14:00:00,24.23,80.53,70.01,Evening,Weekday
2025-09-01 15:00:00,34.72,84.15,41.16,Evening,Weekday
2025-09-01 16:00:00,26.4,40.49,88.62,Evening,Weekday
2025-09-01 17:00:00,30.12,61.09,54.91,Evening,Weekday
2025-09-01 18:00:00,23.25,42.38,52.46,Evening,Weekday
2025-09-01 19:00:00,39.19,76.35,64.28,Evening,Weekday
2025-09-01 20:00:00,37.03,41.06,67.11,Evening,Weekday
2025-09-01 21:00:00,37.28,93.29,78.31,Evening,Weekday
2025-09-01 22:00:00,28.14,46.14,59.66,Night,Weekday
2025-09-01 23:00:00,35.25,50.4,62.0,Night,Weekday
2025-09-02 00:00:00,22.88,89.56,66.75,Night,Weekday
2025-09-02 01:00:00,20.17,62.09,59.72,Night,Weekday
2025-09-02 02:00:00,20.4,31.68,85.73,Night,Weekday
2025-09-02 03:00:00,31.73,64.62,82.56,Night,Weekday
2025-09-02 04:00:00,29.11,35.92,62.75,Night,Weekday
2025-09-02 05:00:00,30.36,98.97,40.01,Night,Weekday
2025-09-02 06:00:00,20.15,71.17,85.05,Morning,Weekday
2025-09-02 07:00:00,28.45,47.96,46.22,Morning,Weekday
2025-09-02 08:00:00,34.36,69.46,52.23,Morning,Weekday
2025-09-02 09:00:00,28.85,35.38,47.62,Morning,Weekday
2025-09-02 10:00:00,34.64,85.99,48.99,Morning,Weekday
2025-09-02 11:00:00,24.66,94.77,80.14,Morning,Weekday
2025-09-02 12:00:00,36.26,91.21,68.98,Morning,Weekday
2025-09-02 13:00:00,31.77,53.92,87.8,Morning,Weekday
2025-09-02 14:00:00,24.22,52.8,51.57,Evening,Weekday
2025-09-02 15:00:00,24.73,32.46,64.28,Evening,Weekday
2025-09-02 16:00:00,32.56,75.6,88.87,Evening,Weekday
2025-09-02 17:00:00,36.6,67.44,81.32,Evening,Weekday
2025-09-02 18:00:00,28.31,62.15,76.43,Evening,Weekday
2025-09-02 19:00:00,25.17,93.53,49.45,Evening,Weekday
2025-09-02 20:00:00,37.34,41.75,78.47,Evening,Weekday
2025-09-02 21:00:00,33.39,30.68,57.38,Evening,Weekday
2025-09-02 22:00:00,28.96,35.13,66.53,Night,Weekday
2025-09-02 23:00:00,29.76,45.64,70.46,Night,Weekday
2025-09-03 00:00:00,24.09,32.33,70.47,Night,Weekday
2025-09-03 01:00:00,32.54,65.2,76.33,Night,Weekday
2025-09-03 02:00:00,27.17,51.99,73.09,Night,Weekday
2025-09-03 03:00:00,39.91,42.63,43.42,Night,Weekday
2025-09-03 04:00:00,29.6,82.51,62.87,Night,Weekday
2025-09-03 05:00:00,29.72,44.31,73.2,Night,Weekday
2025-09-03 06:00:00,31.32,78.13,54.8,Morning,Weekday
2025-09-03 07:00:00,38.34,54.45,55.65,Morning,Weekday
2025-09-03 08:00:00,36.02,65.83,46.23,Morning,Weekday
2025-09-03 09:00:00,29.02,95.37,60.93,Morning,Weekday
2025-09-03 10:00:00,34.37,32.61,89.34,Morning,Weekday
2025-09-03 11:00:00,31.72,65.02,54.27,Morning,Weekday
2025-09-03 12:00:00,29.85,89.81,66.57,Morning,Weekday
2025-09-03 13:00:00,23.85,71.16,77.16,Morning,Weekday
2025-09-03 14:00:00,29.28,49.38,40.67,Evening,Weekday
2025-09-03 15:00:00,24.92,57.84,85.02,Evening,Weekday
2025-09-03 16:00:00,38.3,77.62,59.33,Evening,Weekday
2025-09-03 17:00:00,26.71,92.36,83.46,Evening,Weekday
2025-09-03 18:00:00,39.05,32.87,41.95,Evening,Weekday
2025-09-03 19:00:00,30.66,35.01,47.28,Evening,Weekday
2025-09-03 20:00:00,32.63,52.75,56.13,Evening,Weekday
2025-09-03 21:00:00,30.86,46.29,57.27,Evening,Weekday
2025-09-03 22:00:00,22.59,48.55,82.39,Night,Weekday
2025-09-03 23:00:00,27.52,45.49,40.56,Night,Weekday
2025-09-04 00:00:00,21.98,43.71,72.06,Night,Weekday
2025-09-04 01:00:00,32.46,39.14,46.57,Night,Weekday
2025-09-04 02:00:00,28.94,95.38,81.16,Night,Weekday
2025-09-04 03:00:00,35.56,40.09,78.93,Night,Weekday
2025-09-04 04:00:00,24.41,44.31,65.0,Night,Weekday
2025-09-04 05:00:00,23.29,47.24,50.63,Night,Weekday
2025-09-04 06:00:00,28.13,95.31,71.72,Morning,Weekday
2025-09-04 07:00:00,38.53,82.9,47.81,Morning,Weekday
2025-09-04 08:00:00,34.21,85.28,49.5,Morning,Weekday
2025-09-04 09:00:00,28.38,37.33,71.33,Morning,Weekday
2025-09-04 10:00:00,30.35,88.54,89.56,Morning,Weekday
2025-09-04 11:00:00,21.68,58.57,84.55,Morning,Weekday
2025-09-04 12:00:00,39.69,48.4,69.66,Morning,Weekday
2025-09-04 13:00:00,33.33,70.3,66.93,Morning,Weekday
2025-09-04 14:00:00,25.71,87.55,89.92,Evening,Weekday
2025-09-04 15:00:00,31.72,84.51,67.37,Evening,Weekday
2025-09-04 16:00:00,22.19,92.3,61.01,Evening,Weekday
2025-09-04 17:00:00,39.32,94.97,85.48,Evening,Weekday
2025-09-04 18:00:00,23.5,46.67,51.71,Evening,Weekday
2025-09-04 19:00:00,32.96,59.67,44.88,Evening,Weekday
2025-09-04 20:00:00,24.91,31.02,71.7,Evening,Weekday
2025-09-04 21:00:00,34.35,91.55,44.79,Evening,Weekday
2025-09-04 22:00:00,35.54,40.82,58.66,Night,Weekday
2025-09-04 23:00:00,33.47,90.3,61.18,Night,Weekday
2025-09-05 00:00:00,32.29,53.06,67.38,Night,Weekday
2025-09-05 01:00:00,37.85,55.77,89.58,Night,Weekday
2025-09-05 02:00:00,21.57,32.74,51.05,Night,Weekday
2025-09-05 03:00:00,26.62,52.88,58.79,Night,Weekday
2025-09-05 04:00:00,24.97,92.19,46.61,Night,Weekday
2025-09-05 05:00:00,39.76,31.79,70.38,Night,Weekday
2025-09-05 06:00:00,27.79,58.44,76.38,Morning,Weekday
2025-09-05 07:00:00,34.65,32.2,64.1,Morning,Weekday
2025-09-05 08:00:00,33.69,55.96,52.29,Morning,Weekday
2025-09-05 09:00:00,24.24,42.08,71.04,Morning,Weekday
2025-09-05 10:00:00,24.78,47.66,66.96,Morning,Weekday
2025-09-05 11:00:00,25.63,91.43,48.56,Morning,Weekday
2025-09-05 12:00:00,28.22,60.52,60.28,Morning,Weekday
2025-09-05 13:00:00,24.69,49.17,61.76,Morning,Weekday
2025-09-05 14:00:00,20.39,71.25,89.13,Evening,Weekday
2025-09-05 15:00:00,37.59,39.95,82.46,Evening,Weekday
2025-09-05 16:00:00,39.31,48.16,76.72,Evening,Weekday
2025-09-05 17:00:00,26.83,68.24,84.44,Evening,Weekday
2025-09-05 18:00:00,26.77,46.63,76.77,Evening,Weekday
2025-09-05 19:00:00,20.14,77.54,85.17,Evening,Weekday
2025-09-05 20:00:00,33.61,64.4,42.73,Evening,Weekday
2025-09-05 21:00:00,36.51,84.04,62.8,Evening,Weekday
2025-09-05 22:00:00,22.93,96.38,77.34,Night,Weekday
2025-09-05 23:00:00,23.19,38.11,69.16,Night,Weekday
2025-09-06 00:00:00,35.8,53.43,48.76,Night,Weekend
2025-09-06 01:00:00,32.33,52.37,57.02,Night,Weekend
2025-09-06 02:00:00,20.9,40.58,55.89,Night,Weekend
2025-09-06 03:00:00,32.45,86.72,53.07,Night,Weekend
2025-09-06 04:00:00,26.18,83.19,57.16,Night,Weekend
2025-09-06 05:00:00,27.37,63.91,65.74,Night,Weekend
2025-09-06 06:00:00,35.39,67.64,82.74,Morning,Weekend
2025-09-06 07:00:00,36.22,34.17,77.1,Morning,Weekend
2025-09-06 08:00:00,28.01,68.89,81.76,Morning,Weekend
2025-09-06 09:00:00,38.94,85.39,84.18,Morning,Weekend
2025-09-06 10:00:00,28.13,70.17,60.81,Morning,Weekend
2025-09-06 11:00:00,35.44,48.57,57.3,Morning,Weekend
2025-09-06 12:00:00,29.68,76.73,42.88,Morning,Weekend
2025-09-06 13:00:00,37.95,55.3,86.52,Morning,Weekend
2025-09-06 14:00:00,38.16,68.14,43.29,Evening,Weekend
2025-09-06 15:00:00,21.75,64.13,77.06,Evening,Weekend
2025-09-06 16:00:00,38.73,56.68,58.91,Evening,Weekend
2025-09-06 17:00:00,36.51,80.32,87.44,Evening,Weekend
2025-09-06 18:00:00,35.83,91.87,60.98,Evening,Weekend
2025-09-06 19:00:00,24.02,30.36,80.83,Evening,Weekend
2025-09-06 20:00:00,36.1,95.35,54.13,Evening,Weekend
2025-09-06 21:00:00,37.0,65.81,54.95,Evening,Weekend
2025-09-06 22:00:00,25.78,79.05,69.78,Night,Weekend
2025-09-06 23:00:00,39.05,89.89,89.9,Night,Weekend
2025-09-07 00:00:00,21.0,62.7,65.88,Night,Weekend
2025-09-07 01:00:00,23.0,88.45,86.82,Night,Weekend
2025-09-07 02:00:00,30.75,42.43,79.31,Night,Weekend
2025-09-07 03:00:00,31.52,41.14,79.79,Night,Weekend
2025-09-07 04:00:00,32.9,76.02,61.8,Night,Weekend
2025-09-07 05:00:00,20.34,90.91,59.33,Night,Weekend
2025-09-07 06:00:00,39.21,92.47,49.6,Morning,Weekend
2025-09-07 07:00:00,20.89,75.06,88.2,Morning,Weekend
2025-09-07 08:00:00,22.86,66.78,87.97,Morning,Weekend
2025-09-07 09:00:00,20.28,53.2,77.35,Morning,Weekend
2025-09-07 10:00:00,31.34,98.6,54.81,Morning,Weekend
2025-09-07 11:00:00,38.65,52.38,52.26,Morning,Weekend
2025-09-07 12:00:00,33.32,82.09,89.43,Morning,Weekend
2025-09-07 13:00:00,36.45,67.24,43.33,Morning,Weekend
2025-09-07 14:00:00,20.27,72.6,82.18,Evening,Weekend
2025-09-07 15:00:00,30.84,57.54,57.77,Evening,Weekend
2025-09-07 16:00:00,29.19,97.54,60.94,Evening,Weekend
2025-09-07 17:00:00,29.98,70.02,81.6,Evening,Weekend
2025-09-07 18:00:00,21.44,95.65,44.53,Evening,Weekend
2025-09-07 19:00:00,33.69,30.53,57.71,Evening,Weekend
2025-09-07 20:00:00,30.06,70.09,87.6,Evening,Weekend
2025-09-07 21:00:00,35.3,80.2,74.95,Evening,Weekend
2025-09-07 22:00:00,29.71,82.16,77.75,Night,Weekend
2025-09-07 23:00:00,22.99,93.35,77.88,Night,Weekend
2025-09-08 00:00:00,32.97,30.31,43.03,Night,Weekday
2025-09-08 01:00:00,23.45,30.02,50.16,Night,Weekday
2025-09-08 02:00:00,37.45,63.06,64.56,Night,Weekday
2025-09-08 03:00:00,32.26,32.05,58.41,Night,Weekday
2025-09-08 04:00:00,23.14,98.22,60.55,Night,Weekday
2025-09-08 05:00:00,39.25,45.54,79.07,Night,Weekday
2025-09-08 06:00:00,30.37,63.09,40.73,Morning,Weekday
2025-09-08 07:00:00,21.46,34.28,73.02,Morning,Weekday
2025-09-08 08:00:00,32.54,66.54,40.01,Morning,Weekday
2025-09-08 09:00:00,25.06,56.6,43.15,Morning,Weekday
2025-09-08 10:00:00,36.07,33.13,60.41,Morning,Weekday
2025-09-08 11:00:00,36.36,53.46,82.05,Morning,Weekday
2025-09-08 12:00:00,39.58,57.4,47.25,Morning,Weekday
2025-09-08 13:00:00,30.04,99.29,67.73,Morning,Weekday
2025-09-08 14:00:00,29.1,44.55,73.93,Evening,Weekday
2025-09-08 15:00:00,35.07,68.13,51.48,Evening,Weekday
2025-09-08 16:00:00,22.65,99.11,65.62,Evening,Weekday
2025-09-08 17:00:00,30.94,85.44,85.57,Evening,Weekday
2025-09-08 18:00:00,30.92,99.54,65.61,Evening,Weekday
2025-09-08 19:00:00,21.79,97.78,47.87,Evening,Weekday
2025-09-08 20:00:00,28.36,64.27,71.39,Evening,Weekday
2025-09-08 21:00:00,37.07,78.75,69.61,Evening,Weekday
2025-09-08 22:00:00,37.12,37.73,41.35,Night,Weekday
2025-09-08 23:00:00,21.98,60.88,44.53,Night,Weekday
2025-09-09 00:00:00,21.81,86.63,47.84,Night,Weekday
2025-09-09 01:00:00,25.25,65.37,46.81,Night,Weekday
2025-09-09 02:00:00,37.5,79.19,52.97,Night,Weekday
2025-09-09 03:00:00,22.58,82.2,62.71,Night,Weekday
2025-09-09 04:00:00,34.4,47.74,58.59,Night,Weekday
2025-09-09 05:00:00,22.02,91.3,84.53,Night,Weekday
2025-09-09 06:00:00,32.46,62.19,70.61,Morning,Weekday
2025-09-09 07:00:00,27.12,44.71,83.81,Morning,Weekday
2025-09-09 08:00:00,35.78,90.58,66.35,Morning,Weekday
2025-09-09 09:00:00,24.67,59.25,44.49,Morning,Weekday
2025-09-09 10:00:00,32.78,82.52,63.16,Morning,Weekday
2025-09-09 11:00:00,24.71,68.36,81.1,Morning,Weekday
2025-09-09 12:00:00,34.27,56.73,49.71,Morning,Weekday
2025-09-09 13:00:00,37.47,86.69,44.56,Morning,Weekday
2025-09-09 14:00:00,22.54,70.91,56.47,Evening,Weekday
2025-09-09 15:00:00,37.33,57.34,59.44,Evening,Weekday
2025-09-09 16:00:00,31.87,37.67,55.31,Evening,Weekday
2025-09-09 17:00:00,22.54,92.68,46.76,Evening,Weekday
2025-09-09 18:00:00,28.55,32.48,52.54,Evening,Weekday
2025-09-09 19:00:00,23.22,90.42,74.11,Evening,Weekday
2025-09-09 20:00:00,34.01,55.2,59.3,Evening,Weekday
2025-09-09 21:00:00,35.18,74.75,71.63,Evening,Weekday
2025-09-09 22:00:00,22.12,94.55,66.82,Night,Weekday
2025-09-09 23:00:00,30.12,40.62,67.45,Night,Weekday
2025-09-10 00:00:00,36.29,69.69,52.43,Night,Weekday
2025-09-10 01:00:00,38.72,83.51,66.08,Night,Weekday
2025-09-10 02:00:00,30.27,83.03,41.18,Night,Weekday
2025-09-10 03:00:00,39.01,66.79,61.59,Night,Weekday
2025-09-10 04:00:00,30.71,73.73,68.63,Night,Weekday
2025-09-10 05:00:00,27.88,83.03,49.1,Night,Weekday
2025-09-10 06:00:00,36.96,88.87,52.83,Morning,Weekday
2025-09-10 07:00:00,29.86,83.33,50.98,Morning,Weekday
2025-09-10 08:00:00,29.44,54.78,43.53,Morning,Weekday
2025-09-10 09:00:00,29.81,99.77,57.39,Morning,Weekday
2025-09-10 10:00:00,36.94,60.42,88.95,Morning,Weekday
2025-09-10 11:00:00,36.64,31.71,57.69,Morning,Weekday
2025-09-10 12:00:00,28.07,55.38,63.03,Morning,Weekday
2025-09-10 13:00:00,26.67,38.94,72.65,Morning,Weekday
2025-09-10 14:00:00,29.84,38.5,72.42,Evening,Weekday
2025-09-10 15:00:00,31.46,49.71,87.49,Evening,Weekday
2025-09-10 16:00:00,24.77,33.74,82.88,Evening,Weekday
2025-09-10 17:00:00,35.88,78.2,79.7,Evening,Weekday
2025-09-10 18:00:00,29.73,35.18,87.58,Evening,Weekday
2025-09-10 19:00:00,26.68,44.23,51.54,Evening,Weekday
2025-09-10 20:00:00,22.14,36.5,70.85,Evening,Weekday
2025-09-10 21:00:00,24.78,34.42,84.36,Evening,Weekday
2025-09-10 22:00:00,38.99,48.74,71.21,Night,Weekday
2025-09-10 23:00:00,26.1,70.03,88.87,Night,Weekday
2025-09-11 00:00:00,23.38,97.53,45.02,Night,Weekday
2025-09-11 01:00:00,29.21,91.29,61.97,Night,Weekday
2025-09-11 02:00:00,26.14,91.32,88.87,Night,Weekday
2025-09-11 03:00:00,20.7,42.32,58.98,Night,Weekday
2025-09-11 04:00:00,26.46,48.54,76.98,Night,Weekday
2025-09-11 05:00:00,30.88,35.35,41.52,Night,Weekday
2025-09-11 06:00:00,31.03,84.49,74.74,Morning,Weekday
2025-09-11 07:00:00,27.13,34.89,86.73,Morning,Weekday
2025-09-11 08:00:00,28.95,68.97,59.14,Morning,Weekday
2025-09-11 09:00:00,39.31,47.35,41.06,Morning,Weekday
2025-09-11 10:00:00,27.55,47.04,41.4,Morning,Weekday
2025-09-11 11:00:00,25.16,99.35,84.6,Morning,Weekday
2025-09-11 12:00:00,24.87,82.97,76.13,Morning,Weekday
2025-09-11 13:00:00,29.16,88.59,45.33,Morning,Weekday
2025-09-11 14:00:00,35.19,70.04,42.73,Evening,Weekday
2025-09-11 15:00:00,24.12,90.97,80.24,Evening,Weekday
2025-09-11 16:00:00,34.19,75.18,80.49,Evening,Weekday
2025-09-11 17:00:00,20.42,96.23,46.03,Evening,Weekday
2025-09-11 18:00:00,28.38,49.69,55.08,Evening,Weekday
2025-09-11 19:00:00,35.52,71.67,79.0,Evening,Weekday
2025-09-11 20:00:00,26.77,78.31,66.27,Evening,Weekday
2025-09-11 21:00:00,31.27,57.51,87.83,Evening,Weekday
2025-09-11 22:00:00,24.1,91.58,64.05,Night,Weekday
2025-09-11 23:00:00,34.84,98.59,73.85,Night,Weekday
2025-09-12 00:00:00,21.05,64.56,65.49,Night,Weekday
2025-09-12 01:00:00,37.05,57.34,87.15,Night,Weekday
2025-09-12 02:00:00,23.96,63.04,59.93,Night,Weekday
2025-09-12 03:00:00,37.49,89.69,51.49,Night,Weekday
2025-09-12 04:00:00,27.05,75.18,56.33,Night,Weekday
2025-09-12 05:00:00,34.45,33.13,82.64,Night,Weekday
2025-09-12 06:00:00,26.38,67.95,64.9,Morning,Weekday
2025-09-12 07:00:00,38.12,31.21,57.71,Morning,Weekday
2025-09-12 08:00:00,22.53,84.5,67.21,Morning,Weekday
2025-09-12 09:00:00,23.57,52.98,46.66,Morning,Weekday
2025-09-12 10:00:00,29.86,63.04,40.27,Morning,Weekday
2025-09-12 11:00:00,21.64,85.91,54.03,Morning,Weekday
2025-09-12 12:00:00,23.92,33.25,70.25,Morning,Weekday
2025-09-12 13:00:00,38.88,41.1,75.58,Morning,Weekday
2025-09-12 14:00:00,39.53,57.86,81.33,Evening,Weekday
2025-09-12 15:00:00,27.53,46.09,86.33,Evening,Weekday
2025-09-12 16:00:00,38.47,53.65,60.61,Evening,Weekday
2025-09-12 17:00:00,30.9,99.87,77.03,Evening,Weekday
2025-09-12 18:00:00,25.39,87.78,43.73,Evening,Weekday
2025-09-12 19:00:00,34.05,91.87,42.88,Evening,Weekday
2025-09-12 20:00:00,33.18,95.59,46.24,Evening,Weekday
2025-09-12 21:00:00,39.78,53.87,62.43,Evening,Weekday
2025-09-12 22:00:00,25.3,50.8,50.56,Night,Weekday
2025-09-12 23:00:00,33.44,46.38,54.35,Night,Weekday
2025-09-13 00:00:00,21.04,88.11,72.39,Night,Weekend
2025-09-13 01:00:00,22.27,77.57,57.93,Night,Weekend
2025-09-13 02:00:00,20.08,46.53,67.87,Night,Weekend
2025-09-13 03:00:00,39.99,56.39,60.62,Night,Weekend
2025-09-13 04:00:00,36.05,65.47,48.45,Night,Weekend
2025-09-13 05:00:00,35.73,66.97,43.7,Night,Weekend
2025-09-13 06:00:00,30.19,92.21,51.81,Morning,Weekend
2025-09-13 07:00:00,26.0,56.64,42.89,Morning,Weekend
2025-09-13 08:00:00,23.03,93.6,70.93,Morning,Weekend
2025-09-13 09:00:00,25.69,60.9,79.79,Morning,Weekend
2025-09-13 10:00:00,27.52,82.25,56.99,Morning,Weekend
2025-09-13 11:00:00,35.13,95.12,59.36,Morning,Weekend
2025-09-13 12:00:00,30.79,93.53,80.81,Morning,Weekend
2025-09-13 13:00:00,21.55,33.99,51.13,Morning,Weekend
2025-09-13 14:00:00,20.36,44.4,45.96,Evening,Weekend
2025-09-13 15:00:00,22.05,63.38,65.06,Evening,Weekend
2025-09-13 16:00:00,28.21,60.21,72.31,Evening,Weekend
2025-09-13 17:00:00,38.66,74.86,69.98,Evening,Weekend
2025-09-13 18:00:00,32.75,96.13,75.69,Evening,Weekend
2025-09-13 19:00:00,36.04,37.87,42.84,Evening,Weekend
2025-09-13 20:00:00,29.33,61.63,61.41,Evening,Weekend
2025-09-13 21:00:00,27.23,43.47,51.93,Evening,Weekend
2025-09-13 22:00:00,22.17,92.59,77.96,Night,Weekend
2025-09-13 23:00:00,37.52,97.52,83.64,Night,Weekend
2025-09-14 00:00:00,35.66,63.51,54.07,Night,Weekend
2025-09-14 01:00:00,23.36,37.28,44.76,Night,Weekend
2025-09-14 02:00:00,30.25,84.97,52.67,Night,Weekend
2025-09-14 03:00:00,29.75,78.8,45.2,Night,Weekend
2025-09-14 04:00:00,32.5,54.83,56.12,Night,Weekend
2025-09-14 05:00:00,38.92,92.12,66.91,Night,Weekend
2025-09-14 06:00:00,31.6,98.31,88.68,Morning,Weekend
2025-09-14 07:00:00,30.8,69.05,59.97,Morning,Weekend
2025-09-14 08:00:00,21.01,69.6,51.0,Morning,Weekend
2025-09-14 09:00:00,21.26,50.83,48.34,Morning,Weekend
2025-09-14 10:00:00,23.75,70.92,48.65,Morning,Weekend
2025-09-14 11:00:00,20.65,60.77,49.63,Morning,Weekend
2025-09-14 12:00:00,34.87,51.15,78.11,Morning,Weekend
2025-09-14 13:00:00,34.47,34.7,43.05,Morning,Weekend
2025-09-14 14:00:00,22.72,47.69,89.87,Evening,Weekend
2025-09-14 15:00:00,36.72,43.85,66.13,Evening,Weekend
2025-09-14 16:00:00,23.1,67.94,67.21,Evening,Weekend
2025-09-14 17:00:00,26.02,72.12,57.88,Evening,Weekend
2025-09-14 18:00:00,24.98,72.6,74.51,Evening,Weekend
2025-09-14 19:00:00,27.45,57.17,63.57,Evening,Weekend
2025-09-14 20:00:00,25.09,59.49,56.45,Evening,Weekend
2025-09-14 21:00:00,29.78,88.4,53.26,Evening,Weekend
2025-09-14 22:00:00,28.15,63.34,86.28,Night,Weekend
2025-09-14 23:00:00,39.73,99.14,54.55,Night,Weekend
2025-09-15 00:00:00,21.12,60.77,61.82,Night,Weekday
2025-09-15 01:00:00,22.84,75.47,57.52,Night,Weekday
2025-09-15 02:00:00,21.06,33.53,44.31,Night,Weekday
2025-09-15 03:00:00,32.52,75.73,49.3,Night,Weekday
2025-09-15 04:00:00,21.09,89.6,49.48,Night,Weekday
2025-09-15 05:00:00,36.73,95.97,74.68,Night,Weekday
2025-09-15 06:00:00,30.24,99.81,60.33,Morning,Weekday
2025-09-15 07:00:00,30.54,49.75,79.1,Morning,Weekday
2025-09-15 08:00:00,31.23,70.28,75.45,Morning,Weekday
2025-09-15 09:00:00,23.42,61.55,49.6,Morning,Weekday
2025-09-15 10:00:00,23.95,69.47,68.15,Morning,Weekday
2025-09-15 11:00:00,26.38,41.02,77.15,Morning,Weekday
2025-09-15 12:00:00,31.87,89.93,71.65,Morning,Weekday
2025-09-15 13:00:00,24.2,93.67,70.0,Morning,Weekday
2025-09-15 14:00:00,22.33,61.48,76.98,Evening,Weekday
2025-09-15 15:00:00,39.4,49.63,42.84,Evening,Weekday
2025-09-15 16:00:00,20.44,39.86,76.57,Evening,Weekday
2025-09-15 17:00:00,36.05,77.86,53.63,Evening,Weekday
2025-09-15 18:00:00,35.76,51.86,68.59,Evening,Weekday
2025-09-15 19:00:00,25.94,93.67,52.12,Evening,Weekday
2025-09-15 20:00:00,22.71,76.97,81.94,Evening,Weekday
2025-09-15 21:00:00,22.91,75.2,64.03,Evening,Weekday
2025-09-15 22:00:00,33.95,69.16,72.15,Night,Weekday
2025-09-15 23:00:00,32.86,33.2,79.7,Night,Weekday
2025-09-16 00:00:00,35.65,95.23,84.77,Night,Weekday
2025-09-16 01:00:00,38.75,73.96,76.6,Night,Weekday
2025-09-16 02:00:00,33.84,99.58,47.44,Night,Weekday
2025-09-16 03:00:00,23.12,67.61,82.73,Night,Weekday
2025-09-16 04:00:00,24.87,79.71,70.93,Night,Weekday
2025-09-16 05:00:00,36.84,33.93,70.47,Night,Weekday
2025-09-16 06:00:00,24.19,74.22,86.07,Morning,Weekday
2025-09-16 07:00:00,21.45,83.53,52.44,Morning,Weekday
2025-09-16 08:00:00,34.07,84.5,51.98,Morning,Weekday
2025-09-16 09:00:00,28.05,83.91,65.66,Morning,Weekday
2025-09-16 10:00:00,38.4,45.84,77.54,Morning,Weekday
2025-09-16 11:00:00,33.01,98.28,62.36,Morning,Weekday
2025-09-16 12:00:00,21.81,99.66,71.69,Morning,Weekday
2025-09-16 13:00:00,38.96,35.29,62.63,Morning,Weekday
2025-09-16 14:00:00,25.17,95.55,70.52,Evening,Weekday
2025-09-16 15:00:00,26.74,50.26,81.11,Evening,Weekday
2025-09-16 16:00:00,28.05,78.25,49.02,Evening,Weekday
2025-09-16 17:00:00,21.02,53.67,74.77,Evening,Weekday
2025-09-16 18:00:00,29.93,97.74,79.37,Evening,Weekday
2025-09-16 19:00:00,22.47,37.11,62.36,Evening,Weekday
2025-09-16 20:00:00,28.02,64.84,56.16,Evening,Weekday
2025-09-16 21:00:00,27.01,59.96,40.68,Evening,Weekday
2025-09-16 22:00:00,35.46,52.82,79.86,Night,Weekday
2025-09-16 23:00:00,36.06,75.19,56.4,Night,Weekday
2025-09-17 00:00:00,23.07,39.17,57.87,Night,Weekday
2025-09-17 01:00:00,27.33,80.17,56.8,Night,Weekday
2025-09-17 02:00:00,27.47,98.64,64.94,Night,Weekday
2025-09-17 03:00:00,23.03,86.32,75.12,Night,Weekday
2025-09-17 04:00:00,35.97,90.2,78.59,Night,Weekday
2025-09-17 05:00:00,34.14,55.17,59.63,Night,Weekday
2025-09-17 06:00:00,23.81,52.74,73.16,Morning,Weekday
2025-09-17 07:00:00,27.33,66.19,76.03,Morning,Weekday
2025-09-17 08:00:00,22.12,33.2,54.85,Morning,Weekday
2025-09-17 09:00:00,32.56,96.18,44.83,Morning,Weekday
2025-09-17 10:00:00,22.43,40.06,84.73,Morning,Weekday
2025-09-17 11:00:00,39.72,93.21,73.86,Morning,Weekday
2025-09-17 12:00:00,35.61,35.85,72.41,Morning,Weekday
2025-09-17 13:00:00,27.8,87.58,42.95,Morning,Weekday
2025-09-17 14:00:00,31.57,40.64,80.89,Evening,Weekday
2025-09-17 15:00:00,38.23,32.67,68.3,Evening,Weekday
2025-09-17 16:00:00,31.08,80.36,82.39,Evening,Weekday
2025-09-17 17:00:00,23.49,49.62,88.73,Evening,Weekday
2025-09-17 18:00:00,27.57,80.01,87.86,Evening,Weekday
2025-09-17 19:00:00,36.86,68.86,82.8,Evening,Weekday
2025-09-17 20:00:00,32.88,37.62,40.55,Evening,Weekday
2025-09-17 21:00:00,33.01,95.25,84.29,Evening,Weekday
2025-09-17 22:00:00,37.34,61.66,43.75,Night,Weekday
2025-09-17 23:00:00,37.88,81.41,82.56,Night,Weekday
2025-09-18 00:00:00,38.4,65.07,54.01,Night,Weekday
2025-09-18 01:00:00,21.9,72.31,70.5,Night,Weekday
2025-09-18 02:00:00,30.88,51.19,41.9,Night,Weekday
2025-09-18 03:00:00,34.81,44.03,78.56,Night,Weekday
2025-09-18 04:00:00,35.14,67.98,45.59,Night,Weekday
2025-09-18 05:00:00,32.13,60.82,60.53,Night,Weekday
2025-09-18 06:00:00,23.34,57.31,80.87,Morning,Weekday
2025-09-18 07:00:00,35.95,77.08,74.77,Morning,Weekday
2025-09-18 08:00:00,34.4,78.34,40.3,Morning,Weekday
2025-09-18 09:00:00,21.72,33.21,60.15,Morning,Weekday
2025-09-18 10:00:00,29.28,53.71,42.1,Morning,Weekday
2025-09-18 11:00:00,23.48,58.82,73.67,Morning,Weekday
2025-09-18 12:00:00,26.75,36.78,88.45,Morning,Weekday
2025-09-18 13:00:00,20.36,46.51,72.76,Morning,Weekday
2025-09-18 14:00:00,28.01,33.61,51.22,Evening,Weekday
2025-09-18 15:00:00,31.0,99.74,57.76,Evening,Weekday
2025-09-18 16:00:00,32.39,81.56,88.83,Evening,Weekday
2025-09-18 17:00:00,33.27,36.12,51.2,Evening,Weekday
2025-09-18 18:00:00,36.73,31.42,68.08,Evening,Weekday
2025-09-18 19:00:00,24.31,80.35,60.02,Evening,Weekday
2025-09-18 20:00:00,22.41,60.74,78.42,Evening,Weekday
2025-09-18 21:00:00,37.03,85.08,83.37,Evening,Weekday
2025-09-18 22:00:00,23.13,94.64,57.04,Night,Weekday
2025-09-18 23:00:00,39.5,71.95,73.02,Night,Weekday
2025-09-19 00:00:00,36.85,43.1,67.45,Night,Weekday
2025-09-19 01:00:00,30.02,84.75,53.92,Night,Weekday
2025-09-19 02:00:00,39.63,96.91,53.6,Night,Weekday
2025-09-19 03:00:00,21.95,70.62,66.93,Night,Weekday
2025-09-19 04:00:00,26.06,77.74,47.7,Night,Weekday
2025-09-19 05:00:00,32.76,53.62,80.54,Night,Weekday
2025-09-19 06:00:00,27.0,56.71,43.45,Morning,Weekday
2025-09-19 07:00:00,38.57,81.43,44.73,Morning,Weekday
2025-09-19 08:00:00,21.31,94.94,57.11,Morning,Weekday
2025-09-19 09:00:00,30.99,74.03,45.9,Morning,Weekday
2025-09-19 10:00:00,31.82,85.29,63.79,Morning,Weekday
2025-09-19 11:00:00,33.05,42.01,59.98,Morning,Weekday
2025-09-19 12:00:00,25.11,44.84,76.09,Morning,Weekday
2025-09-19 13:00:00,27.29,67.24,87.65,Morning,Weekday
2025-09-19 14:00:00,36.87,42.36,77.68,Evening,Weekday
2025-09-19 15:00:00,23.9,74.45,48.97,Evening,Weekday
2025-09-19 16:00:00,36.54,50.42,86.78,Evening,Weekday
2025-09-19 17:00:00,31.25,85.41,59.61,Evening,Weekday
2025-09-19 18:00:00,35.24,86.57,63.71,Evening,Weekday
2025-09-19 19:00:00,34.27,62.47,61.08,Evening,Weekday
2025-09-19 20:00:00,24.15,42.66,54.03,Evening,Weekday
2025-09-19 21:00:00,31.38,75.27,84.75,Evening,Weekday
2025-09-19 22:00:00,37.35,99.5,56.61,Night,Weekday
2025-09-19 23:00:00,28.64,73.58,68.93,Night,Weekday
2025-09-20 00:00:00,39.33,32.5,52.0,Night,Weekend
2025-09-20 01:00:00,29.04,31.21,79.87,Night,Weekend
2025-09-20 02:00:00,22.86,52.43,78.71,Night,Weekend
2025-09-20 03:00:00,27.79,43.7,54.82,Night,Weekend
2025-09-20 04:00:00,39.03,86.91,74.08,Night,Weekend
2025-09-20 05:00:00,26.39,89.14,75.19,Night,Weekend
2025-09-20 06:00:00,37.36,48.1,68.13,Morning,Weekend
2025-09-20 07:00:00,37.63,52.8,70.03,Morning,Weekend
2025-09-20 08:00:00,27.0,46.54,68.72,Morning,Weekend
2025-09-20 09:00:00,21.67,93.59,44.09,Morning,Weekend
2025-09-20 10:00:00,34.49,65.19,73.51,Morning,Weekend
2025-09-20 11:00:00,26.23,75.93,63.49,Morning,Weekend
2025-09-20 12:00:00,35.66,59.08,61.92,Morning,Weekend
2025-09-20 13:00:00,28.85,74.17,83.0,Morning,Weekend
2025-09-20 14:00:00,29.71,57.01,41.16,Evening,Weekend
2025-09-20 15:00:00,35.56,53.78,52.57,Evening,Weekend
2025-09-20 16:00:00,27.65,74.41,46.07,Evening,Weekend
2025-09-20 17:00:00,28.86,71.37,41.77,Evening,Weekend
2025-09-20 18:00:00,27.52,50.55,53.78,Evening,Weekend
2025-09-20 19:00:00,27.35,40.45,89.42,Evening,Weekend
2025-09-20 20:00:00,30.52,55.8,53.51,Evening,Weekend
2025-09-20 21:00:00,36.18,59.06,73.19,Evening,Weekend
2025-09-20 22:00:00,27.24,74.01,45.91,Night,Weekend
2025-09-20 23:00:00,30.49,94.02,70.09,Night,Weekend
2025-09-21 00:00:00,33.41,32.53,89.22,Night,Weekend
2025-09-21 01:00:00,25.39,47.06,54.59,Night,Weekend
2025-09-21 02:00:00,25.55,43.56,82.4,Night,Weekend
2025-09-21 03:00:00,38.67,65.16,89.88,Night,Weekend
2025-09-21 04:00:00,34.47,60.08,69.43,Night,Weekend
2025-09-21 05:00:00,31.54,81.03,55.47,Night,Weekend
2025-09-21 06:00:00,32.95,46.97,73.68,Morning,Weekend
2025-09-21 07:00:00,20.59,71.61,82.24,Morning,Weekend
2025-09-21 08:00:00,32.36,91.87,48.57,Morning,Weekend
2025-09-21 09:00:00,30.19,93.75,62.63,Morning,Weekend
2025-09-21 10:00:00,30.91,97.11,55.96,Morning,Weekend
2025-09-21 11:00:00,27.19,84.13,54.17,Morning,Weekend
2025-09-21 12:00:00,21.63,93.42,83.04,Morning,Weekend
2025-09-21 13:00:00,23.87,46.42,61.08,Morning,Weekend
2025-09-21 14:00:00,39.01,43.83,56.95,Evening,Weekend
2025-09-21 15:00:00,28.17,30.45,70.18,Evening,Weekend
2025-09-21 16:00:00,29.33,79.48,50.97,Evening,Weekend
2025-09-21 17:00:00,21.05,95.62,51.49,Evening,Weekend
2025-09-21 18:00:00,20.75,43.09,66.01,Evening,Weekend
2025-09-21 19:00:00,34.34,74.59,60.46,Evening,Weekend
2025-09-21 20:00:00,30.76,82.25,54.75,Evening,Weekend
2025-09-21 21:00:00,30.17,94.93,42.7,Evening,Weekend
2025-09-21 22:00:00,24.86,75.28,66.04,Night,Weekend
2025-09-21 23:00:00,34.9,97.92,80.83,Night,Weekend
2025-09-22 00:00:00,23.36,54.13,82.57,Night,Weekday
2025-09-22 01:00:00,23.8,54.49,51.77,Night,Weekday
2025-09-22 02:00:00,29.21,68.01,69.98,Night,Weekday
2025-09-22 03:00:00,25.73,56.85,82.79,Night,Weekday
2025-09-22 04:00:00,24.95,30.1,60.44,Night,Weekday
2025-09-22 05:00:00,32.9,81.22,86.61,Night,Weekday
2025-09-22 06:00:00,33.02,82.62,85.15,Morning,Weekday
2025-09-22 07:00:00,36.49,82.29,50.41,Morning,Weekday
2025-09-22 08:00:00,28.35,54.15,52.95,Morning,Weekday
2025-09-22 09:00:00,21.46,66.56,49.02,Morning,Weekday
2025-09-22 10:00:00,25.47,55.2,49.8,Morning,Weekday
2025-09-22 11:00:00,39.6,31.12,85.39,Morning,Weekday
2025-09-22 12:00:00,31.93,69.37,86.56,Morning,Weekday
2025-09-22 13:00:00,34.19,38.66,42.59,Morning,Weekday
2025-09-22 14:00:00,20.15,35.6,69.68,Evening,Weekday
2025-09-22 15:00:00,30.36,82.88,68.21,Evening,Weekday
2025-09-22 16:00:00,20.75,30.67,59.53,Evening,Weekday
2025-09-22 17:00:00,31.38,97.13,71.58,Evening,Weekday
2025-09-22 18:00:00,38.42,66.07,87.37,Evening,Weekday
2025-09-22 19:00:00,39.37,98.81,48.51,Evening,Weekday
2025-09-22 20:00:00,30.81,34.06,46.02,Evening,Weekday
2025-09-22 21:00:00,29.16,70.85,41.67,Evening,Weekday
2025-09-22 22:00:00,38.9,54.45,58.19,Night,Weekday
2025-09-22 23:00:00,33.47,89.04,56.88,Night,Weekday
2025-09-23 00:00:00,21.3,55.29,61.54,Night,Weekday
2025-09-23 01:00:00,29.31,48.23,65.17,Night,Weekday
2025-09-23 02:00:00,24.8,90.03,77.89,Night,Weekday
2025-09-23 03:00:00,29.4,56.23,59.61,Night,Weekday
2025-09-23 04:00:00,29.11,31.18,56.53,Night,Weekday
2025-09-23 05:00:00,31.64,57.32,81.34,Night,Weekday
2025-09-23 06:00:00,27.14,75.82,82.49,Morning,Weekday
2025-09-23 07:00:00,23.29,47.81,51.64,Morning,Weekday
2025-09-23 08:00:00,30.07,60.24,55.73,Morning,Weekday
2025-09-23 09:00:00,36.6,33.97,81.26,Morning,Weekday
2025-09-23 10:00:00,33.28,71.17,43.97,Morning,Weekday
2025-09-23 11:00:00,26.77,82.94,56.29,Morning,Weekday
2025-09-23 12:00:00,38.71,58.93,62.42,Morning,Weekday
2025-09-23 13:00:00,38.24,59.42,49.35,Morning,Weekday
2025-09-23 14:00:00,24.19,36.18,49.0,Evening,Weekday
2025-09-23 15:00:00,20.79,44.14,61.24,Evening,Weekday
2025-09-23 16:00:00,34.83,40.83,77.73,Evening,Weekday
2025-09-23 17:00:00,36.55,63.72,82.01,Evening,Weekday
2025-09-23 18:00:00,39.36,67.05,88.96,Evening,Weekday
2025-09-23 19:00:00,37.8,96.43,43.7,Evening,Weekday
2025-09-23 20:00:00,32.01,35.13,50.83,Evening,Weekday
2025-09-23 21:00:00,30.6,71.99,77.83,Evening,Weekday
2025-09-23 22:00:00,20.56,66.85,67.03,Night,Weekday
2025-09-23 23:00:00,24.93,66.14,56.38,Night,Weekday
2025-09-24 00:00:00,29.19,91.12,50.28,Night,Weekday
2025-09-24 01:00:00,32.57,44.39,54.02,Night,Weekday
2025-09-24 02:00:00,31.15,32.85,61.46,Night,Weekday
2025-09-24 03:00:00,34.85,77.06,48.86,Night,Weekday
2025-09-24 04:00:00,25.6,54.16,88.21,Night,Weekday
2025-09-24 05:00:00,31.3,31.23,45.38,Night,Weekday
2025-09-24 06:00:00,21.76,47.6,89.28,Morning,Weekday
2025-09-24 07:00:00,28.27,51.65,82.09,Morning,Weekday
2025-09-24 08:00:00,35.0,73.18,61.16,Morning,Weekday
2025-09-24 09:00:00,33.87,42.08,76.99,Morning,Weekday
2025-09-24 10:00:00,39.81,58.91,73.58,Morning,Weekday
2025-09-24 11:00:00,25.56,63.77,50.66,Morning,Weekday
2025-09-24 12:00:00,29.96,62.15,56.95,Morning,Weekday
2025-09-24 13:00:00,26.59,98.18,65.66,Morning,Weekday
2025-09-24 14:00:00,28.81,33.19,71.89,Evening,Weekday
2025-09-24 15:00:00,37.14,96.57,67.14,Evening,Weekday
2025-09-24 16:00:00,33.68,70.74,63.65,Evening,Weekday
2025-09-24 17:00:00,37.65,85.7,62.16,Evening,Weekday
2025-09-24 18:00:00,24.07,60.13,64.91,Evening,Weekday
2025-09-24 19:00:00,37.47,61.77,61.72,Evening,Weekday
2025-09-24 20:00:00,21.2,91.55,67.07,Evening,Weekday
2025-09-24 21:00:00,37.77,92.72,84.4,Evening,Weekday
2025-09-24 22:00:00,26.58,46.71,71.64,Night,Weekday
2025-09-24 23:00:00,26.29,43.95,76.13,Night,Weekday
2025-09-25 00:00:00,30.24,64.74,69.87,Night,Weekday
2025-09-25 01:00:00,38.81,93.02,72.15,Night,Weekday
2025-09-25 02:00:00,20.96,52.56,68.92,Night,Weekday
2025-09-25 03:00:00,27.04,75.64,41.34,Night,Weekday
2025-09-25 04:00:00,37.13,79.57,89.98,Night,Weekday
2025-09-25 05:00:00,27.92,84.51,41.68,Night,Weekday
2025-09-25 06:00:00,23.98,69.47,59.76,Morning,Weekday
2025-09-25 07:00:00,28.5,58.17,45.26,Morning,Weekday
2025-09-25 08:00:00,27.71,97.69,44.85,Morning,Weekday
2025-09-25 09:00:00,38.31,72.79,79.68,Morning,Weekday
2025-09-25 10:00:00,35.24,81.0,61.3,Morning,Weekday
2025-09-25 11:00:00,30.1,54.15,80.06,Morning,Weekday
2025-09-25 12:00:00,39.77,76.9,53.64,Morning,Weekday
2025-09-25 13:00:00,29.31,48.05,52.82,Morning,Weekday
2025-09-25 14:00:00,21.16,47.16,52.56,Evening,Weekday
2025-09-25 15:00:00,25.25,80.03,70.81,Evening,Weekday
2025-09-25 16:00:00,28.72,66.5,80.75,Evening,Weekday
2025-09-25 17:00:00,23.14,77.83,62.61,Evening,Weekday
2025-09-25 18:00:00,38.95,48.86,58.96,Evening,Weekday
2025-09-25 19:00:00,35.34,71.91,88.68,Evening,Weekday
2025-09-25 20:00:00,25.37,61.08,45.84,Evening,Weekday
2025-09-25 21:00:00,31.82,71.79,64.33,Evening,Weekday
2025-09-25 22:00:00,34.43,50.36,60.42,Night,Weekday
2025-09-25 23:00:00,38.83,80.08,44.91,Night,Weekday
2025-09-26 00:00:00,37.63,86.42,53.41,Night,Weekday
2025-09-26 01:00:00,30.3,48.19,41.42,Night,Weekday
2025-09-26 02:00:00,35.49,51.04,83.85,Night,Weekday
2025-09-26 03:00:00,31.24,76.28,70.39,Night,Weekday
2025-09-26 04:00:00,31.05,78.69,80.75,Night,Weekday
2025-09-26 05:00:00,22.29,79.29,66.08,Night,Weekday
2025-09-26 06:00:00,22.52,77.79,69.98,Morning,Weekday
2025-09-26 07:00:00,30.59,57.5,75.04,Morning,Weekday
2025-09-26 08:00:00,25.38,57.64,85.4,Morning,Weekday
2025-09-26 09:00:00,20.42,47.84,44.59,Morning,Weekday
2025-09-26 10:00:00,34.46,40.98,56.55,Morning,Weekday
2025-09-26 11:00:00,20.65,78.48,75.45,Morning,Weekday
2025-09-26 12:00:00,31.91,36.52,87.92,Morning,Weekday
2025-09-26 13:00:00,30.78,95.65,89.04,Morning,Weekday
2025-09-26 14:00:00,39.38,87.87,71.91,Evening,Weekday
2025-09-26 15:00:00,29.68,90.03,49.68,Evening,Weekday
2025-09-26 16:00:00,21.27,93.47,45.96,Evening,Weekday
2025-09-26 17:00:00,31.03,58.6,87.3,Evening,Weekday
2025-09-26 18:00:00,36.82,89.27,61.7,Evening,Weekday
2025-09-26 19:00:00,39.94,41.06,49.74,Evening,Weekday
2025-09-26 20:00:00,28.61,31.51,86.69,Evening,Weekday
2025-09-26 21:00:00,26.41,84.94,45.23,Evening,Weekday
2025-09-26 22:00:00,38.13,35.24,76.48,Night,Weekday
2025-09-26 23:00:00,23.82,99.2,71.26,Night,Weekday
2025-09-27 00:00:00,32.31,77.24,44.39,Night,Weekend
2025-09-27 01:00:00,28.11,82.74,56.94,Night,Weekend
2025-09-27 02:00:00,20.82,47.21,47.5,Night,Weekend
2025-09-27 03:00:00,26.95,77.17,70.22,Night,Weekend
2025-09-27 04:00:00,25.3,33.03,63.86,Night,Weekend
2025-09-27 05:00:00,33.72,88.65,40.21,Night,Weekend
2025-09-27 06:00:00,38.98,41.87,88.79,Morning,Weekend
2025-09-27 07:00:00,25.36,78.82,57.48,Morning,Weekend
2025-09-27 08:00:00,36.23,45.71,52.91,Morning,Weekend
2025-09-27 09:00:00,21.11,34.79,51.12,Morning,Weekend
2025-09-27 10:00:00,30.76,63.7,47.94,Morning,Weekend
2025-09-27 11:00:00,21.41,41.85,89.96,Morning,Weekend
2025-09-27 12:00:00,38.68,81.06,54.76,Morning,Weekend
2025-09-27 13:00:00,35.33,46.63,60.28,Morning,Weekend
2025-09-27 14:00:00,33.16,53.97,83.57,Evening,Weekend
2025-09-27 15:00:00,36.48,69.72,72.09,Evening,Weekend
2025-09-27 16:00:00,32.95,49.95,58.43,Evening,Weekend
2025-09-27 17:00:00,39.38,56.46,84.92,Evening,Weekend
2025-09-27 18:00:00,34.28,87.09,77.49,Evening,Weekend
2025-09-27 19:00:00,38.49,42.54,51.4,Evening,Weekend
2025-09-27 20:00:00,30.34,35.75,72.19,Evening,Weekend
2025-09-27 21:00:00,22.34,52.99,86.12,Evening,Weekend
2025-09-27 22:00:00,30.56,59.71,64.82,Night,Weekend
2025-09-27 23:00:00,22.54,67.99,76.68,Night,Weekend
2025-09-28 00:00:00,31.85,56.07,88.56,Night,Weekend
2025-09-28 01:00:00,29.65,85.29,74.52,Night,Weekend
2025-09-28 02:00:00,32.45,32.75,45.12,Night,Weekend
2025-09-28 03:00:00,20.2,60.22,52.23,Night,Weekend
2025-09-28 04:00:00,23.9,56.76,69.75,Night,Weekend
2025-09-28 05:00:00,29.83,75.33,53.78,Night,Weekend
2025-09-28 06:00:00,39.01,97.64,87.88,Morning,Weekend
2025-09-28 07:00:00,27.67,65.73,60.27,Morning,Weekend
2025-09-28 08:00:00,28.49,99.08,62.86,Morning,Weekend
2025-09-28 09:00:00,34.29,51.16,75.08,Morning,Weekend
2025-09-28 10:00:00,32.08,32.16,66.21,Morning,Weekend
2025-09-28 11:00:00,25.98,41.6,59.11,Morning,Weekend
2025-09-28 12:00:00,28.22,57.66,43.83,Morning,Weekend
2025-09-28 13:00:00,24.35,52.14,69.82,Morning,Weekend
2025-09-28 14:00:00,39.32,36.79,83.38,Evening,Weekend
2025-09-28 15:00:00,22.61,60.29,74.29,Evening,Weekend
2025-09-28 16:00:00,27.44,53.67,59.07,Evening,Weekend
2025-09-28 17:00:00,20.52,38.58,46.39,Evening,Weekend
2025-09-28 18:00:00,24.44,50.73,80.82,Evening,Weekend
2025-09-28 19:00:00,35.61,92.05,87.09,Evening,Weekend
2025-09-28 20:00:00,24.02,51.14,59.41,Evening,Weekend
2025-09-28 21:00:00,21.6,79.98,76.43,Evening,Weekend
2025-09-28 22:00:00,29.49,72.84,60.54,Night,Weekend
2025-09-28 23:00:00,20.2,59.9,65.11,Night,Weekend
2025-09-29 00:00:00,21.7,46.73,81.82,Night,Weekday
2025-09-29 01:00:00,36.15,55.83,44.17,Night,Weekday
2025-09-29 02:00:00,35.43,71.45,66.52,Night,Weekday
2025-09-29 03:00:00,38.3,54.55,50.73,Night,Weekday
2025-09-29 04:00:00,37.09,45.04,56.99,Night,Weekday
2025-09-29 05:00:00,33.66,38.15,72.22,Night,Weekday
2025-09-29 06:00:00,21.05,91.58,41.36,Morning,Weekday
2025-09-29 07:00:00,35.66,60.82,69.69,Morning,Weekday
2025-09-29 08:00:00,36.91,73.76,54.17,Morning,Weekday
2025-09-29 09:00:00,35.98,64.33,73.47,Morning,Weekday
2025-09-29 10:00:00,30.17,91.08,47.08,Morning,Weekday
2025-09-29 11:00:00,24.66,68.29,76.79,Morning,Weekday
2025-09-29 12:00:00,36.91,63.65,72.28,Morning,Weekday
2025-09-29 13:00:00,34.54,94.72,88.56,Morning,Weekday
2025-09-29 14:00:00,39.62,80.38,85.56,Evening,Weekday
2025-09-29 15:00:00,23.11,37.81,54.17,Evening,Weekday
2025-09-29 16:00:00,24.51,42.44,41.37,Evening,Weekday
2025-09-29 17:00:00,24.24,85.1,72.77,Evening,Weekday
2025-09-29 18:00:00,35.85,88.51,70.14,Evening,Weekday
2025-09-29 19:00:00,23.74,68.16,41.37,Evening,Weekday
2025-09-29 20:00:00,21.33,68.81,46.13,Evening,Weekday
2025-09-29 21:00:00,39.97,74.24,69.24,Evening,Weekday
2025-09-29 22:00:00,20.5,60.74,85.59,Night,Weekday
2025-09-29 23:00:00,36.7,77.61,85.33,Night,Weekday
2025-09-30 00:00:00,27.31,37.59,47.57,Night,Weekday
2025-09-30 01:00:00,36.83,97.29,59.23,Night,Weekday
2025-09-30 02:00:00,31.09,82.51,42.16,Night,Weekday
2025-09-30 03:00:00,38.03,74.18,63.46,Night,Weekday
2025-09-30 04:00:00,38.52,52.14,77.65,Night,Weekday
2025-09-30 05:00:00,20.18,41.27,79.5,Night,Weekday
2025-09-30 06:00:00,21.51,58.65,64.95,Morning,Weekday
2025-09-30 07:00:00,25.01,76.31,44.79,Morning,Weekday
2025-09-30 08:00:00,33.39,74.36,59.07,Morning,Weekday
2025-09-30 09:00:00,37.77,56.78,86.61,Morning,Weekday
2025-09-30 10:00:00,29.2,72.93,51.48,Morning,Weekday
2025-09-30 11:00:00,32.14,86.96,55.99,Morning,Weekday
2025-09-30 12:00:00,23.77,31.84,77.34,Morning,Weekday
2025-09-30 13:00:00,36.1,61.54,76.68,Morning,Weekday
2025-09-30 14:00:00,39.35,83.1,85.61,Evening,Weekday
2025-09-30 15:00:00,25.37,68.23,59.41,Evening,Weekday
2025-09-30 16:00:00,29.9,75.6,65.73,Evening,Weekday
2025-09-30 17:00:00,21.72,66.17,63.37,Evening,Weekday
2025-09-30 18:00:00,31.18,99.43,86.39,Evening,Weekday
2025-09-30 19:00:00,30.06,33.82,78.47,Evening,Weekday
2025-09-30 20:00:00,22.89,64.37,81.57,Evening,Weekday
2025-09-30 21:00:00,28.84,36.4,46.65,Evening,Weekday
2025-09-30 22:00:00,26.68,41.18,79.59,Night,Weekday
2025-09-30 23:00:00,30.44,56.81,61.65,Night,Weekday
2025-10-01 00:00:00,31.71,40.89,41.17,Night,Weekday
2025-10-01 01:00:00,20.17,97.46,43.0,Night,Weekday
2025-10-01 02:00:00,35.22,96.28,73.9,Night,Weekday
2025-10-01 03:00:00,34.26,53.53,58.6,Night,Weekday
2025-10-01 04:00:00,27.33,74.78,83.41,Night,Weekday
2025-10-01 05:00:00,21.06,67.36,76.71,Night,Weekday
2025-10-01 06:00:00,35.1,87.09,41.08,Morning,Weekday
2025-10-01 07:00:00,39.1,73.92,74.34,Morning,Weekday
2025-10-01 08:00:00,24.8,30.02,49.62,Morning,Weekday
2025-10-01 09:00:00,26.47,83.42,61.13,Morning,Weekday
2025-10-01 10:00:00,23.68,82.28,71.24,Morning,Weekday
2025-10-01 11:00:00,31.54,65.68,83.64,Morning,Weekday
2025-10-01 12:00:00,23.1,93.2,62.8,Morning,Weekday
2025-10-01 13:00:00,27.12,93.59,80.42,Morning,Weekday
2025-10-01 14:00:00,33.94,66.67,79.15,Evening,Weekday
2025-10-01 15:00:00,31.2,72.56,60.73,Evening,Weekday
2025-10-01 16:00:00,27.73,99.76,65.05,Evening,Weekday
2025-10-01 17:00:00,28.4,50.92,75.02,Evening,Weekday
2025-10-01 18:00:00,31.24,52.72,41.56,Evening,Weekday
2025-10-01 19:00:00,20.12,42.79,84.54,Evening,Weekday
2025-10-01 20:00:00,21.57,92.71,78.49,Evening,Weekday
2025-10-01 21:00:00,37.63,82.11,52.47,Evening,Weekday
2025-10-01 22:00:00,21.56,37.39,89.06,Night,Weekday
2025-10-01 23:00:00,34.14,98.72,48.97,Night,Weekday
2025-10-02 00:00:00,38.4,81.17,85.7,Night,Weekday
2025-10-02 01:00:00,25.41,89.54,56.22,Night,Weekday
2025-10-02 02:00:00,27.41,33.37,78.16,Night,Weekday
2025-10-02 03:00:00,31.38,65.35,62.82,Night,Weekday
2025-10-02 04:00:00,37.63,78.9,76.82,Night,Weekday
2025-10-02 05:00:00,38.84,68.01,47.79,Night,Weekday
2025-10-02 06:00:00,34.79,76.67,53.48,Morning,Weekday
2025-10-02 07:00:00,21.73,87.25,44.99,Morning,Weekday
2025-10-02 08:00:00,33.38,56.2,83.26,Morning,Weekday
2025-10-02 09:00:00,28.21,89.41,54.81,Morning,Weekday
2025-10-02 10:00:00,29.41,41.4,74.72,Morning,Weekday
2025-10-02 11:00:00,20.98,48.96,81.01,Morning,Weekday
2025-10-02 12:00:00,23.82,33.03,85.07,Morning,Weekday
2025-10-02 13:00:00,35.81,55.51,45.31,Morning,Weekday
2025-10-02 14:00:00,29.08,56.59,84.65,Evening,Weekday
2025-10-02 15:00:00,26.03,86.37,49.86,Evening,Weekday
2025-10-02 16:00:00,27.68,75.72,76.85,Evening,Weekday
2025-10-02 17:00:00,37.09,60.57,76.44,Evening,Weekday
2025-10-02 18:00:00,34.98,75.65,40.43,Evening,Weekday
2025-10-02 19:00:00,25.45,33.69,51.03,Evening,Weekday
2025-10-02 20:00:00,22.35,42.62,64.6,Evening,Weekday
2025-10-02 21:00:00,25.04,73.89,61.0,Evening,Weekday
2025-10-02 22:00:00,38.42,74.9,85.93,Night,Weekday
2025-10-02 23:00:00,31.63,84.19,57.99,Night,Weekday
2025-10-03 00:00:00,30.67,58.21,86.85,Night,Weekday
2025-10-03 01:00:00,31.93,80.58,62.97,Night,Weekday
2025-10-03 02:00:00,27.32,77.88,88.22,Night,Weekday
2025-10-03 03:00:00,36.14,97.44,76.87,Night,Weekday
2025-10-03 04:00:00,30.47,45.06,81.47,Night,Weekday
2025-10-03 05:00:00,22.33,68.62,45.24,Night,Weekday
2025-10-03 06:00:00,22.58,72.12,69.31,Morning,Weekday
2025-10-03 07:00:00,30.74,99.91,47.14,Morning,Weekday
2025-10-03 08:00:00,38.73,44.08,54.88,Morning,Weekday
2025-10-03 09:00:00,26.17,66.63,71.18,Morning,Weekday
2025-10-03 10:00:00,37.39,54.23,76.31,Morning,Weekday
2025-10-03 11:00:00,35.28,66.81,41.96,Morning,Weekday
2025-10-03 12:00:00,24.96,46.25,66.55,Morning,Weekday
2025-10-03 13:00:00,20.73,33.33,68.27,Morning,Weekday
2025-10-03 14:00:00,22.04,70.08,43.94,Evening,Weekday
2025-10-03 15:00:00,34.57,53.51,65.03,Evening,Weekday
2025-10-03 16:00:00,23.99,42.74,75.69,Evening,Weekday
2025-10-03 17:00:00,27.43,52.68,42.66,Evening,Weekday
2025-10-03 18:00:00,30.03,33.45,78.01,Evening,Weekday
2025-10-03 19:00:00,34.51,96.53,68.82,Evening,Weekday
2025-10-03 20:00:00,22.26,70.68,81.66,Evening,Weekday
2025-10-03 21:00:00,28.13,87.03,50.9,Evening,Weekday
2025-10-03 22:00:00,29.7,59.62,81.66,Night,Weekday
2025-10-03 23:00:00,30.82,93.23,44.73,Night,Weekday
2025-10-04 00:00:00,36.37,63.83,60.19,Night,Weekend
2025-10-04 01:00:00,23.43,70.18,49.97,Night,Weekend
2025-10-04 02:00:00,36.16,64.43,83.8,Night,Weekend
2025-10-04 03:00:00,33.86,81.33,75.25,Night,Weekend
2025-10-04 04:00:00,31.12,69.67,41.27,Night,Weekend
2025-10-04 05:00:00,33.99,49.01,40.48,Night,Weekend
2025-10-04 06:00:00,28.24,40.19,54.56,Morning,Weekend
2025-10-04 07:00:00,22.77,72.43,47.16,Morning,Weekend
2025-10-04 08:00:00,33.32,64.24,71.52,Morning,Weekend
2025-10-04 09:00:00,30.49,36.72,73.19,Morning,Weekend
2025-10-04 10:00:00,32.79,57.69,87.1,Morning,Weekend
2025-10-04 11:00:00,26.76,66.03,87.6,Morning,Weekend
2025-10-04 12:00:00,38.14,87.88,72.94,Morning,Weekend
2025-10-04 13:00:00,31.75,35.33,40.28,Morning,Weekend
2025-10-04 14:00:00,21.71,54.39,57.95,Evening,Weekend
2025-10-04 15:00:00,29.0,87.59,65.66,Evening,Weekend
2025-10-04 16:00:00,35.13,75.39,64.96,Evening,Weekend
2025-10-04 17:00:00,35.88,50.3,70.17,Evening,Weekend
2025-10-04 18:00:00,29.89,89.17,88.03,Evening,Weekend
2025-10-04 19:00:00,37.89,64.53,84.26,Evening,Weekend
2025-10-04 20:00:00,25.35,64.88,45.45,Evening,Weekend
2025-10-04 21:00:00,28.21,98.36,53.3,Evening,Weekend
2025-10-04 22:00:00,37.97,96.3,81.66,Night,Weekend
2025-10-04 23:00:00,37.93,55.1,81.22,Night,Weekend
2025-10-05 00:00:00,33.71,39.84,53.77,Night,Weekend
2025-10-05 01:00:00,37.18,52.8,76.53,Night,Weekend
2025-10-05 02:00:00,21.78,32.13,73.6,Night,Weekend
2025-10-05 03:00:00,37.3,31.45,63.68,Night,Weekend
2025-10-05 04:00:00,26.41,57.69,50.07,Night,Weekend
2025-10-05 05:00:00,23.57,95.87,84.43,Night,Weekend
2025-10-05 06:00:00,24.79,91.0,73.89,Morning,Weekend
2025-10-05 07:00:00,28.36,65.8,48.45,Morning,Weekend
2025-10-05 08:00:00,25.02,69.57,75.24,Morning,Weekend
2025-10-05 09:00:00,26.41,30.42,77.07,Morning,Weekend
2025-10-05 10:00:00,22.7,45.09,84.34,Morning,Weekend
2025-10-05 11:00:00,25.92,31.73,51.14,Morning,Weekend
2025-10-05 12:00:00,31.45,82.82,89.44,Morning,Weekend
2025-10-05 13:00:00,28.84,40.2,47.67,Morning,Weekend
2025-10-05 14:00:00,26.93,90.83,70.03,Evening,Weekend
2025-10-05 15:00:00,34.93,75.03,72.86,Evening,Weekend
2025-10-05 16:00:00,37.87,46.06,60.95,Evening,Weekend
2025-10-05 17:00:00,35.14,41.04,63.75,Evening,Weekend
2025-10-05 18:00:00,26.64,73.93,84.55,Evening,Weekend
2025-10-05 19:00:00,34.89,93.06,72.26,Evening,Weekend
2025-10-05 20:00:00,23.04,80.29,64.85,Evening,Weekend
2025-10-05 21:00:00,22.61,54.4,46.42,Evening,Weekend
2025-10-05 22:00:00,26.91,71.12,40.37,Night,Weekend
2025-10-05 23:00:00,36.15,51.75,46.25,Night,Weekend
2025-10-06 00:00:00,24.93,99.94,87.81,Night,Weekday
2025-10-06 01:00:00,21.27,82.42,78.2,Night,Weekday
2025-10-06 02:00:00,22.63,73.01,88.36,Night,Weekday
2025-10-06 03:00:00,37.17,59.63,41.79,Night,Weekday
2025-10-06 04:00:00,32.68,73.27,74.01,Night,Weekday
2025-10-06 05:00:00,25.06,53.91,42.21,Night,Weekday
2025-10-06 06:00:00,31.11,32.02,79.1,Morning,Weekday
2025-10-06 07:00:00,30.55,57.66,59.05,Morning,Weekday
2025-10-06 08:00:00,33.11,95.13,44.79,Morning,Weekday
2025-10-06 09:00:00,24.66,73.84,68.4,Morning,Weekday
2025-10-06 10:00:00,37.29,35.88,54.01,Morning,Weekday
2025-10-06 11:00:00,26.19,91.95,72.98,Morning,Weekday
2025-10-06 12:00:00,33.88,48.82,72.91,Morning,Weekday
2025-10-06 13:00:00,20.32,47.06,75.25,Morning,Weekday
2025-10-06 14:00:00,27.45,50.8,89.62,Evening,Weekday
2025-10-06 15:00:00,27.03,70.4,59.33,Evening,Weekday
2025-10-06 16:00:00,30.87,68.13,63.27,Evening,Weekday
2025-10-06 17:00:00,21.45,64.4,80.23,Evening,Weekday
2025-10-06 18:00:00,35.8,80.23,68.92,Evening,Weekday
2025-10-06 19:00:00,24.36,52.16,41.86,Evening,Weekday
2025-10-06 20:00:00,33.54,84.74,82.15,Evening,Weekday
2025-10-06 21:00:00,36.06,42.27,42.57,Evening,Weekday
2025-10-06 22:00:00,31.24,84.78,48.54,Night,Weekday
2025-10-06 23:00:00,34.82,76.47,45.1,Night,Weekday
2025-10-07 00:00:00,33.24,77.82,43.9,Night,Weekday
2025-10-07 01:00:00,27.11,63.71,41.28,Night,Weekday
2025-10-07 02:00:00,36.18,76.69,42.75,Night,Weekday
2025-10-07 03:00:00,25.89,35.59,62.12,Night,Weekday
2025-10-07 04:00:00,31.42,89.61,52.64,Night,Weekday
2025-10-07 05:00:00,34.91,33.89,46.33,Night,Weekday
2025-10-07 06:00:00,27.58,40.41,72.94,Morning,Weekday
2025-10-07 07:00:00,26.06,70.38,51.31,Morning,Weekday
2025-10-07 08:00:00,29.19,81.76,40.95,Morning,Weekday
2025-10-07 09:00:00,36.36,35.34,60.92,Morning,Weekday
2025-10-07 10:00:00,38.6,94.45,55.52,Morning,Weekday
2025-10-07 11:00:00,30.9,98.15,55.93,Morning,Weekday
2025-10-07 12:00:00,33.23,72.42,62.26,Morning,Weekday
2025-10-07 13:00:00,38.07,63.69,73.45,Morning,Weekday
2025-10-07 14:00:00,21.97,81.9,70.82,Evening,Weekday
2025-10-07 15:00:00,24.64,52.99,86.86,Evening,Weekday
2025-10-07 16:00:00,34.18,64.53,65.89,Evening,Weekday
2025-10-07 17:00:00,36.47,94.13,63.63,Evening,Weekday
2025-10-07 18:00:00,37.14,96.9,50.67,Evening,Weekday
2025-10-07 19:00:00,28.3,94.89,77.77,Evening,Weekday
2025-10-07 20:00:00,21.79,48.37,47.04,Evening,Weekday
2025-10-07 21:00:00,28.76,46.27,64.56,Evening,Weekday
2025-10-07 22:00:00,24.61,50.84,61.07,Night,Weekday
2025-10-07 23:00:00,25.82,60.89,72.92,Night,Weekday
2025-10-08 00:00:00,35.45,51.99,85.88,Night,Weekday
2025-10-08 01:00:00,21.51,56.19,87.33,Night,Weekday
2025-10-08 02:00:00,36.55,73.44,48.39,Night,Weekday
2025-10-08 03:00:00,28.55,83.38,53.09,Night,Weekday
2025-10-08 04:00:00,31.92,81.49,80.58,Night,Weekday
2025-10-08 05:00:00,21.79,87.01,65.91,Night,Weekday
2025-10-08 06:00:00,26.75,32.25,62.65,Morning,Weekday
2025-10-08 07:00:00,21.79,33.34,75.53,Morning,Weekday
2025-10-08 08:00:00,39.23,85.26,70.1,Morning,Weekday
2025-10-08 09:00:00,36.15,67.32,88.54,Morning,Weekday
2025-10-08 10:00:00,29.19,70.47,69.2,Morning,Weekday
2025-10-08 11:00:00,24.47,33.68,63.3,Morning,Weekday
2025-10-08 12:00:00,38.67,47.87,67.14,Morning,Weekday
2025-10-08 13:00:00,26.89,74.68,80.43,Morning,Weekday
2025-10-08 14:00:00,23.22,90.14,70.63,Evening,Weekday
2025-10-08 15:00:00,31.26,94.19,72.35,Evening,Weekday
2025-10-08 16:00:00,38.88,65.03,88.57,Evening,Weekday
2025-10-08 17:00:00,20.08,68.18,70.92,Evening,Weekday
2025-10-08 18:00:00,24.76,88.31,59.01,Evening,Weekday
2025-10-08 19:00:00,38.77,67.63,74.57,Evening,Weekday
2025-10-08 20:00:00,23.42,66.18,72.97,Evening,Weekday
2025-10-08 21:00:00,22.26,93.36,40.69,Evening,Weekday
2025-10-08 22:00:00,31.4,85.3,63.37,Night,Weekday
2025-10-08 23:00:00,37.24,93.64,77.15,Night,Weekday
2025-10-09 00:00:00,29.54,45.28,64.95,Night,Weekday
2025-10-09 01:00:00,39.89,66.71,78.98,Night,Weekday
2025-10-09 02:00:00,33.58,88.97,62.54,Night,Weekday
2025-10-09 03:00:00,21.48,37.78,89.17,Night,Weekday
2025-10-09 04:00:00,39.86,85.63,54.64,Night,Weekday
2025-10-09 05:00:00,28.16,42.81,44.61,Night,Weekday
2025-10-09 06:00:00,25.75,86.57,61.5,Morning,Weekday
2025-10-09 07:00:00,31.16,72.84,67.09,Morning,Weekday
2025-10-09 08:00:00,26.09,43.53,57.45,Morning,Weekday
2025-10-09 09:00:00,21.73,63.13,52.11,Morning,Weekday
2025-10-09 10:00:00,20.03,77.73,73.6,Morning,Weekday
2025-10-09 11:00:00,28.99,74.37,58.86,Morning,Weekday
2025-10-09 12:00:00,36.74,59.91,71.57,Morning,Weekday
2025-10-09 13:00:00,31.45,92.96,78.95,Morning,Weekday
2025-10-09 14:00:00,39.98,66.35,78.05,Evening,Weekday
2025-10-09 15:00:00,25.74,65.41,58.77,Evening,Weekday
2025-10-09 16:00:00,25.61,34.36,68.39,Evening,Weekday
2025-10-09 17:00:00,23.19,94.55,62.48,Evening,Weekday
2025-10-09 18:00:00,23.28,42.4,83.54,Evening,Weekday
2025-10-09 19:00:00,25.7,66.98,83.94,Evening,Weekday
2025-10-09 20:00:00,35.86,86.25,57.19,Evening,Weekday
2025-10-09 21:00:00,38.12,45.08,44.59,Evening,Weekday
2025-10-09 22:00:00,39.5,66.92,48.38,Night,Weekday
2025-10-09 23:00:00,24.65,46.85,58.35,Night,Weekday
2025-10-10 00:00:00,37.63,83.18,68.21,Night,Weekday
2025-10-10 01:00:00,26.57,69.5,72.84,Night,Weekday
2025-10-10 02:00:00,22.26,89.92,56.57,Night,Weekday
2025-10-10 03:00:00,37.4,92.62,73.37,Night,Weekday
2025-10-10 04:00:00,32.72,75.41,86.89,Night,Weekday
2025-10-10 05:00:00,23.29,80.78,72.6,Night,Weekday
2025-10-10 06:00:00,28.6,68.45,47.93,Morning,Weekday
2025-10-10 07:00:00,25.75,56.91,68.98,Morning,Weekday
2025-10-10 08:00:00,34.74,75.37,67.09,Morning,Weekday
2025-10-10 09:00:00,29.07,93.58,83.54,Morning,Weekday
2025-10-10 10:00:00,39.79,59.17,57.52,Morning,Weekday
2025-10-10 11:00:00,21.09,52.01,61.15,Morning,Weekday
2025-10-10 12:00:00,27.1,57.19,69.93,Morning,Weekday
2025-10-10 13:00:00,29.64,60.48,66.22,Morning,Weekday
2025-10-10 14:00:00,30.06,35.15,75.95,Evening,Weekday
2025-10-10 15:00:00,26.32,64.89,42.02,Evening,Weekday
2025-10-10 16:00:00,34.58,64.6,68.18,Evening,Weekday
2025-10-10 17:00:00,37.49,71.19,46.08,Evening,Weekday
2025-10-10 18:00:00,38.77,55.4,55.76,Evening,Weekday
2025-10-10 19:00:00,36.1,72.92,73.08,Evening,Weekday
2025-10-10 20:00:00,37.01,91.48,47.87,Evening,Weekday
2025-10-10 21:00:00,31.01,96.88,55.44,Evening,Weekday
2025-10-10 22:00:00,36.52,70.85,75.15,Night,Weekday
2025-10-10 23:00:00,26.07,32.98,72.54,Night,Weekday
2025-10-11 00:00:00,27.97,97.85,44.55,Night,Weekend
2025-10-11 01:00:00,26.34,79.41,68.86,Night,Weekend
2025-10-11 02:00:00,29.35,53.52,47.36,Night,Weekend
2025-10-11 03:00:00,25.71,40.3,52.61,Night,Weekend
2025-10-11 04:00:00,39.23,40.04,62.96,Night,Weekend
2025-10-11 05:00:00,26.26,41.74,45.47,Night,Weekend
2025-10-11 06:00:00,21.96,33.19,89.68,Morning,Weekend
2025-10-11 07:00:00,30.54,93.15,48.27,Morning,Weekend
2025-10-11 08:00:00,21.14,67.85,79.07,Morning,Weekend
2025-10-11 09:00:00,22.21,79.0,81.49,Morning,Weekend
2025-10-11 10:00:00,24.39,87.97,89.72,Morning,Weekend
2025-10-11 11:00:00,29.29,85.41,61.43,Morning,Weekend
2025-10-11 12:00:00,28.67,91.78,83.7,Morning,Weekend
2025-10-11 13:00:00,35.99,97.71,87.88,Morning,Weekend
2025-10-11 14:00:00,34.79,60.73,48.64,Evening,Weekend
2025-10-11 15:00:00,28.53,96.52,63.97,Evening,Weekend
2025-10-11 16:00:00,26.67,80.63,43.0,Evening,Weekend
2025-10-11 17:00:00,26.33,34.95,71.04,Evening,Weekend
2025-10-11 18:00:00,35.48,77.72,69.07,Evening,Weekend
2025-10-11 19:00:00,21.04,78.07,50.21,Evening,Weekend
2025-10-11 20:00:00,20.26,93.41,79.9,Evening,Weekend
2025-10-11 21:00:00,35.91,56.11,41.86,Evening,Weekend
2025-10-11 22:00:00,29.54,70.94,80.31,Night,Weekend
2025-10-11 23:00:00,22.62,30.85,41.33,Night,Weekend
2025-10-12 00:00:00,24.71,53.25,72.84,Night,Weekend
2025-10-12 01:00:00,38.65,34.36,43.94,Night,Weekend
2025-10-12 02:00:00,37.19,66.53,52.56,Night,Weekend
2025-10-12 03:00:00,34.2,87.22,76.1,Night,Weekend
2025-10-12 04:00:00,29.64,44.45,54.02,Night,Weekend
2025-10-12 05:00:00,30.41,66.92,65.56,Night,Weekend
2025-10-12 06:00:00,39.5,44.28,85.76,Morning,Weekend
2025-10-12 07:00:00,39.32,38.45,42.48,Morning,Weekend
2025-10-12 08:00:00,24.31,65.77,80.55,Morning,Weekend
2025-10-12 09:00:00,36.22,35.54,43.26,Morning,Weekend
2025-10-12 10:00:00,23.94,71.11,46.34,Morning,Weekend
2025-10-12 11:00:00,24.27,32.19,45.97,Morning,Weekend
2025-10-12 12:00:00,33.52,37.47,89.71,Morning,Weekend
2025-10-12 13:00:00,28.1,68.5,49.01,Morning,Weekend
2025-10-12 14:00:00,38.63,71.4,84.84,Evening,Weekend
2025-10-12 15:00:00,21.78,32.03,89.55,Evening,Weekend
2025-10-12 16:00:00,30.23,70.14,59.19,Evening,Weekend
2025-10-12 17:00:00,38.37,88.7,71.55,Evening,Weekend
2025-10-12 18:00:00,38.08,80.56,78.95,Evening,Weekend
2025-10-12 19:00:00,23.13,39.18,59.63,Evening,Weekend
2025-10-12 20:00:00,27.33,71.47,48.09,Evening,Weekend
2025-10-12 21:00:00,32.38,77.06,61.69,Evening,Weekend
2025-10-12 22:00:00,23.19,32.61,78.59,Night,Weekend
2025-10-12 23:00:00,39.36,89.87,79.04,Night,Weekend
2025-10-13 00:00:00,38.29,93.44,51.53,Night,Weekday
2025-10-13 01:00:00,23.34,89.53,48.75,Night,Weekday
2025-10-13 02:00:00,22.42,87.72,86.03,Night,Weekday
2025-10-13 03:00:00,21.71,82.15,42.2,Night,Weekday
2025-10-13 04:00:00,38.19,74.34,76.74,Night,Weekday
2025-10-13 05:00:00,23.87,77.5,42.32,Night,Weekday
2025-10-13 06:00:00,28.33,86.45,81.9,Morning,Weekday
2025-10-13 07:00:00,28.98,76.37,85.27,Morning,Weekday
2025-10-13 08:00:00,31.98,52.94,54.87,Morning,Weekday
2025-10-13 09:00:00,21.43,56.32,43.7,Morning,Weekday
2025-10-13 10:00:00,24.54,92.79,64.03,Morning,Weekday
2025-10-13 11:00:00,38.63,31.2,54.92,Morning,Weekday
2025-10-13 12:00:00,38.17,78.92,60.86,Morning,Weekday
2025-10-13 13:00:00,35.63,96.83,73.25,Morning,Weekday
2025-10-13 14:00:00,20.39,79.44,50.49,Evening,Weekday
2025-10-13 15:00:00,26.54,99.57,57.85,Evening,Weekday
2025-10-13 16:00:00,32.56,78.13,79.13,Evening,Weekday
2025-10-13 17:00:00,25.5,32.41,72.19,Evening,Weekday
2025-10-13 18:00:00,38.19,87.89,56.31,Evening,Weekday
2025-10-13 19:00:00,32.68,49.92,73.22,Evening,Weekday
2025-10-13 20:00:00,21.44,61.22,78.27,Evening,Weekday
2025-10-13 21:00:00,38.18,51.85,69.62,Evening,Weekday
2025-10-13 22:00:00,39.16,48.8,51.97,Night,Weekday
2025-10-13 23:00:00,21.55,60.2,40.01,Night,Weekday
2025-10-14 00:00:00,30.65,56.51,80.14,Night,Weekday
2025-10-14 01:00:00,26.07,74.33,81.13,Night,Weekday
2025-10-14 02:00:00,27.86,86.92,74.88,Night,Weekday
2025-10-14 03:00:00,23.59,50.8,43.83,Night,Weekday
2025-10-14 04:00:00,31.56,44.96,69.26,Night,Weekday
2025-10-14 05:00:00,39.16,76.68,81.05,Night,Weekday
2025-10-14 06:00:00,30.06,76.92,59.48,Morning,Weekday
2025-10-14 07:00:00,21.66,93.08,49.9,Morning,Weekday
2025-10-14 08:00:00,32.4,31.12,69.38,Morning,Weekday
2025-10-14 09:00:00,26.8,89.71,81.32,Morning,Weekday
2025-10-14 10:00:00,37.12,66.47,42.44,Morning,Weekday
2025-10-14 11:00:00,28.69,73.49,69.85,Morning,Weekday
2025-10-14 12:00:00,23.86,36.4,72.16,Morning,Weekday
2025-10-14 13:00:00,23.82,60.28,70.12,Morning,Weekday
2025-10-14 14:00:00,35.38,45.91,72.5,Evening,Weekday
2025-10-14 15:00:00,25.31,47.8,71.57,Evening,Weekday
2025-10-14 16:00:00,35.34,65.29,46.52,Evening,Weekday
2025-10-14 17:00:00,24.12,86.87,51.75,Evening,Weekday
2025-10-14 18:00:00,26.43,82.06,70.95,Evening,Weekday
2025-10-14 19:00:00,29.31,71.37,40.88,Evening,Weekday
2025-10-14 20:00:00,38.86,67.76,71.74,Evening,Weekday
2025-10-14 21:00:00,38.63,59.91,73.27,Evening,Weekday
2025-10-14 22:00:00,24.14,98.09,51.96,Night,Weekday
2025-10-14 23:00:00,27.16,69.21,69.91,Night,Weekday
2025-10-15 00:00:00,22.99,47.78,66.7,Night,Weekday
2025-10-15 01:00:00,30.2,46.11,53.03,Night,Weekday
2025-10-15 02:00:00,29.21,72.79,63.15,Night,Weekday
2025-10-15 03:00:00,38.02,66.6,85.48,Night,Weekday
2025-10-15 04:00:00,38.6,30.54,61.33,Night,Weekday
2025-10-15 05:00:00,27.67,88.1,71.49,Night,Weekday
2025-10-15 06:00:00,29.83,79.29,41.77,Morning,Weekday
2025-10-15 07:00:00,37.92,76.33,43.89,Morning,Weekday
2025-10-15 08:00:00,36.13,34.81,44.07,Morning,Weekday
2025-10-15 09:00:00,20.07,55.34,78.91,Morning,Weekday
2025-10-15 10:00:00,26.4,95.48,57.51,Morning,Weekday
2025-10-15 11:00:00,28.44,90.38,51.38,Morning,Weekday
2025-10-15 12:00:00,24.59,49.99,77.37,Morning,Weekday
2025-10-15 13:00:00,23.99,40.99,48.5,Morning,Weekday
2025-10-15 14:00:00,20.76,61.44,52.32,Evening,Weekday
2025-10-15 15:00:00,32.87,54.91,61.55,Evening,Weekday
2025-10-15 16:00:00,25.25,77.76,56.57,Evening,Weekday
2025-10-15 17:00:00,21.05,97.65,69.27,Evening,Weekday
2025-10-15 18:00:00,24.62,55.41,56.89,Evening,Weekday
2025-10-15 19:00:00,36.04,34.36,59.65,Evening,Weekday
2025-10-15 20:00:00,37.03,92.83,83.14,Evening,Weekday
2025-10-15 21:00:00,29.66,32.66,84.23,Evening,Weekday
2025-10-15 22:00:00,28.32,96.69,81.39,Night,Weekday
2025-10-15 23:00:00,39.56,76.52,83.24,Night,Weekday
2025-10-16 00:00:00,24.01,95.92,68.49,Night,Weekday
2025-10-16 01:00:00,24.31,43.98,72.31,Night,Weekday
2025-10-16 02:00:00,25.84,32.85,67.86,Night,Weekday
2025-10-16 03:00:00,23.46,64.17,79.28,Night,Weekday
2025-10-16 04:00:00,27.59,61.54,67.55,Night,Weekday
2025-10-16 05:00:00,38.22,53.2,45.55,Night,Weekday
2025-10-16 06:00:00,32.31,97.04,80.48,Morning,Weekday
2025-10-16 07:00:00,28.24,87.58,78.03,Morning,Weekday
2025-10-16 08:00:00,38.69,76.31,81.02,Morning,Weekday
2025-10-16 09:00:00,20.97,41.4,49.52,Morning,Weekday
2025-10-16 10:00:00,24.21,81.4,53.58,Morning,Weekday
2025-10-16 11:00:00,31.32,80.89,54.79,Morning,Weekday
2025-10-16 12:00:00,32.31,59.75,65.4,Morning,Weekday
2025-10-16 13:00:00,20.79,94.74,46.69,Morning,Weekday
2025-10-16 14:00:00,28.06,41.69,59.27,Evening,Weekday
2025-10-16 15:00:00,32.98,48.71,49.11,Evening,Weekday
2025-10-16 16:00:00,33.96,34.43,53.24,Evening,Weekday
2025-10-16 17:00:00,32.76,85.68,75.32,Evening,Weekday
2025-10-16 18:00:00,26.41,73.52,82.74,Evening,Weekday
2025-10-16 19:00:00,21.87,52.05,41.15,Evening,Weekday
2025-10-16 20:00:00,28.54,41.47,68.29,Evening,Weekday
2025-10-16 21:00:00,22.58,32.81,41.8,Evening,Weekday
2025-10-16 22:00:00,38.95,41.67,44.26,Night,Weekday
2025-10-16 23:00:00,29.5,61.73,75.25,Night,Weekday
2025-10-17 00:00:00,26.35,47.3,76.78,Night,Weekday
2025-10-17 01:00:00,35.33,48.13,80.7,Night,Weekday
2025-10-17 02:00:00,29.96,91.29,63.71,Night,Weekday
2025-10-17 03:00:00,26.2,66.06,82.99,Night,Weekday
2025-10-17 04:00:00,36.24,81.05,48.34,Night,Weekday
2025-10-17 05:00:00,37.34,32.5,52.49,Night,Weekday
2025-10-17 06:00:00,33.46,55.56,46.73,Morning,Weekday
2025-10-17 07:00:00,20.94,63.54,79.88,Morning,Weekday
2025-10-17 08:00:00,31.33,43.05,51.43,Morning,Weekday
2025-10-17 09:00:00,35.27,38.41,47.78,Morning,Weekday
2025-10-17 10:00:00,22.73,90.92,71.16,Morning,Weekday
2025-10-17 11:00:00,24.57,95.76,43.85,Morning,Weekday
2025-10-17 12:00:00,37.65,35.52,42.25,Morning,Weekday
2025-10-17 13:00:00,20.4,54.43,45.34,Morning,Weekday
2025-10-17 14:00:00,35.05,97.08,40.01,Evening,Weekday
2025-10-17 15:00:00,29.48,35.82,74.85,Evening,Weekday
2025-10-17 16:00:00,28.94,75.05,68.11,Evening,Weekday
2025-10-17 17:00:00,20.14,98.06,50.49,Evening,Weekday
2025-10-17 18:00:00,36.39,98.48,51.65,Evening,Weekday
2025-10-17 19:00:00,27.2,62.99,80.55,Evening,Weekday
2025-10-17 20:00:00,30.82,41.39,65.09,Evening,Weekday
2025-10-17 21:00:00,33.55,44.15,74.93,Evening,Weekday
2025-10-17 22:00:00,34.05,92.27,62.64,Night,Weekday
2025-10-17 23:00:00,39.12,93.82,51.89,Night,Weekday
2025-10-18 00:00:00,30.63,72.55,88.52,Night,Weekend
2025-10-18 01:00:00,27.99,83.63,68.28,Night,Weekend
2025-10-18 02:00:00,39.07,81.8,46.55,Night,Weekend
2025-10-18 03:00:00,32.84,76.33,60.3,Night,Weekend
2025-10-18 04:00:00,25.96,87.91,56.47,Night,Weekend
2025-10-18 05:00:00,22.53,77.98,50.7,Night,Weekend
2025-10-18 06:00:00,36.85,67.38,86.67,Morning,Weekend
2025-10-18 07:00:00,27.24,46.59,84.05,Morning,Weekend
2025-10-18 08:00:00,33.21,82.07,49.96,Morning,Weekend
2025-10-18 09:00:00,29.42,63.14,57.61,Morning,Weekend
2025-10-18 10:00:00,23.98,50.64,78.12,Morning,Weekend
2025-10-18 11:00:00,32.03,86.14,50.43,Morning,Weekend
2025-10-18 12:00:00,21.21,78.77,69.58,Morning,Weekend
2025-10-18 13:00:00,28.27,95.61,74.99,Morning,Weekend
2025-10-18 14:00:00,30.93,41.58,72.7,Evening,Weekend
2025-10-18 15:00:00,28.72,75.44,75.32,Evening,Weekend
2025-10-18 16:00:00,34.97,47.1,75.33,Evening,Weekend
2025-10-18 17:00:00,36.56,93.25,88.24,Evening,Weekend
2025-10-18 18:00:00,35.42,36.96,57.32,Evening,Weekend
2025-10-18 19:00:00,20.78,75.93,83.93,Evening,Weekend
2025-10-18 20:00:00,23.88,85.38,41.09,Evening,Weekend
2025-10-18 21:00:00,30.73,54.84,54.41,Evening,Weekend
2025-10-18 22:00:00,38.7,96.79,42.43,Night,Weekend
2025-10-18 23:00:00,36.7,89.55,72.56,Night,Weekend
2025-10-19 00:00:00,36.85,50.62,45.04,Night,Weekend
2025-10-19 01:00:00,26.06,30.53,82.29,Night,Weekend
2025-10-19 02:00:00,28.59,50.77,72.33,Night,Weekend
2025-10-19 03:00:00,29.41,49.69,41.44,Night,Weekend
2025-10-19 04:00:00,23.15,92.3,75.74,Night,Weekend
2025-10-19 05:00:00,20.62,97.7,83.1,Night,Weekend
2025-10-19 06:00:00,38.94,34.93,73.06,Morning,Weekend
2025-10-19 07:00:00,24.81,62.99,41.53,Morning,Weekend
2025-10-19 08:00:00,24.8,68.38,82.9,Morning,Weekend
2025-10-19 09:00:00,21.67,36.5,76.62,Morning,Weekend
2025-10-19 10:00:00,38.57,56.42,58.92,Morning,Weekend
2025-10-19 11:00:00,31.59,52.2,56.43,Morning,Weekend
2025-10-19 12:00:00,33.34,67.52,63.99,Morning,Weekend
2025-10-19 13:00:00,38.23,76.28,83.36,Morning,Weekend
2025-10-19 14:00:00,26.91,79.24,52.6,Evening,Weekend
2025-10-19 15:00:00,32.43,39.57,45.05,Evening,Weekend
2025-10-19 16:00:00,20.78,86.91,83.23,Evening,Weekend
2025-10-19 17:00:00,23.74,77.5,41.31,Evening,Weekend
2025-10-19 18:00:00,36.62,92.24,85.55,Evening,Weekend
2025-10-19 19:00:00,35.34,61.45,55.29,Evening,Weekend
2025-10-19 20:00:00,27.01,92.57,65.41,Evening,Weekend
2025-10-19 21:00:00,27.54,90.6,46.61,Evening,Weekend
2025-10-19 22:00:00,30.67,60.69,85.11,Night,Weekend
2025-10-19 23:00:00,20.0,56.68,77.49,Night,Weekend
2025-10-20 00:00:00,24.82,95.3,86.21,Night,Weekday
2025-10-20 01:00:00,24.16,80.06,74.16,Night,Weekday
2025-10-20 02:00:00,25.01,94.98,49.23,Night,Weekday
2025-10-20 03:00:00,36.12,85.79,55.41,Night,Weekday
2025-10-20 04:00:00,25.59,72.65,64.34,Night,Weekday
2025-10-20 05:00:00,23.83,38.11,70.36,Night,Weekday
2025-10-20 06:00:00,30.09,50.4,86.32,Morning,Weekday
2025-10-20 07:00:00,37.31,97.82,59.2,Morning,Weekday
2025-10-20 08:00:00,24.83,52.36,75.15,Morning,Weekday
2025-10-20 09:00:00,21.57,36.53,88.05,Morning,Weekday
2025-10-20 10:00:00,27.13,79.53,47.62,Morning,Weekday
2025-10-20 11:00:00,34.95,81.38,83.14,Morning,Weekday
2025-10-20 12:00:00,31.01,49.98,61.04,Morning,Weekday
2025-10-20 13:00:00,36.34,50.84,76.62,Morning,Weekday
2025-10-20 14:00:00,39.19,62.82,54.68,Evening,Weekday
2025-10-20 15:00:00,35.85,31.53,56.7,Evening,Weekday
2025-10-20 16:00:00,32.08,85.25,41.36,Evening,Weekday
2025-10-20 17:00:00,29.87,52.2,88.57,Evening,Weekday
2025-10-20 18:00:00,20.8,89.76,80.67,Evening,Weekday
2025-10-20 19:00:00,39.69,86.18,44.7,Evening,Weekday
2025-10-20 20:00:00,27.67,76.3,89.98,Evening,Weekday
2025-10-20 21:00:00,23.04,52.74,70.25,Evening,Weekday
2025-10-20 22:00:00,33.33,66.14,82.69,Night,Weekday
2025-10-20 23:00:00,25.69,61.14,43.33,Night,Weekday
2025-10-21 00:00:00,31.72,53.72,59.47,Night,Weekday
2025-10-21 01:00:00,31.74,89.37,73.48,Night,Weekday
2025-10-21 02:00:00,28.91,63.85,45.32,Night,Weekday
2025-10-21 03:00:00,36.72,88.29,64.45,Night,Weekday
2025-10-21 04:00:00,25.3,37.37,62.13,Night,Weekday
2025-10-21 05:00:00,28.97,39.87,50.8,Night,Weekday
2025-10-21 06:00:00,30.75,98.41,55.01,Morning,Weekday
2025-10-21 07:00:00,33.27,71.14,88.36,Morning,Weekday
2025-10-21 08:00:00,35.68,65.68,54.43,Morning,Weekday
2025-10-21 09:00:00,27.9,66.62,50.67,Morning,Weekday
2025-10-21 10:00:00,32.92,45.07,66.81,Morning,Weekday
2025-10-21 11:00:00,23.01,80.31,73.55,Morning,Weekday
2025-10-21 12:00:00,38.65,35.93,76.25,Morning,Weekday
2025-10-21 13:00:00,27.66,70.13,77.71,Morning,Weekday
2025-10-21 14:00:00,34.59,69.95,41.84,Evening,Weekday
2025-10-21 15:00:00,20.41,93.99,59.69,Evening,Weekday
2025-10-21 16:00:00,24.1,66.83,78.7,Evening,Weekday
2025-10-21 17:00:00,29.74,39.59,85.24,Evening,Weekday
2025-10-21 18:00:00,37.57,70.09,70.11,Evening,Weekday
2025-10-21 19:00:00,30.55,36.39,42.62,Evening,Weekday
2025-10-21 20:00:00,38.6,44.27,59.83,Evening,Weekday
2025-10-21 21:00:00,29.68,32.18,43.71,Evening,Weekday
2025-10-21 22:00:00,29.81,65.93,77.43,Night,Weekday
2025-10-21 23:00:00,22.39,35.92,43.18,Night,Weekday
2025-10-22 00:00:00,36.05,62.86,49.29,Night,Weekday
2025-10-22 01:00:00,24.94,95.31,60.85,Night,Weekday
2025-10-22 02:00:00,37.99,80.38,63.13,Night,Weekday
2025-10-22 03:00:00,38.22,35.42,60.32,Night,Weekday
2025-10-22 04:00:00,38.87,45.69,63.17,Night,Weekday
2025-10-22 05:00:00,30.4,77.16,75.66,Night,Weekday
2025-10-22 06:00:00,33.54,92.63,58.46,Morning,Weekday
2025-10-22 07:00:00,35.57,32.3,67.39,Morning,Weekday
2025-10-22 08:00:00,22.62,86.87,55.17,Morning,Weekday
2025-10-22 09:00:00,32.02,69.33,57.68,Morning,Weekday
2025-10-22 10:00:00,20.69,68.23,70.69,Morning,Weekday
2025-10-22 11:00:00,29.95,97.05,64.52,Morning,Weekday
2025-10-22 12:00:00,23.1,82.34,76.15,Morning,Weekday
2025-10-22 13:00:00,23.66,89.51,68.03,Morning,Weekday
2025-10-22 14:00:00,27.3,54.78,80.18,Evening,Weekday
2025-10-22 15:00:00,28.65,68.81,62.17,Evening,Weekday
2025-10-22 16:00:00,32.46,73.08,64.55,Evening,Weekday
2025-10-22 17:00:00,21.49,52.51,73.5,Evening,Weekday
2025-10-22 18:00:00,30.07,69.92,51.06,Evening,Weekday
2025-10-22 19:00:00,23.65,46.57,59.3,Evening,Weekday
2025-10-22 20:00:00,31.48,40.04,71.24,Evening,Weekday
2025-10-22 21:00:00,32.75,56.18,41.44,Evening,Weekday
2025-10-22 22:00:00,31.13,81.75,61.85,Night,Weekday
2025-10-22 23:00:00,34.77,94.13,69.94,Night,Weekday
2025-10-23 00:00:00,26.71,62.04,88.37,Night,Weekday
2025-10-23 01:00:00,35.3,75.0,83.85,Night,Weekday
2025-10-23 02:00:00,28.66,37.21,54.04,Night,Weekday
2025-10-23 03:00:00,29.68,93.31,65.36,Night,Weekday
2025-10-23 04:00:00,32.96,69.8,42.82,Night,Weekday
2025-10-23 05:00:00,20.37,84.62,52.04,Night,Weekday
2025-10-23 06:00:00,33.08,85.61,78.74,Morning,Weekday
2025-10-23 07:00:00,32.37,47.95,46.17,Morning,Weekday
2025-10-23 08:00:00,26.2,67.04,52.88,Morning,Weekday
2025-10-23 09:00:00,21.72,97.23,87.2,Morning,Weekday
2025-10-23 10:00:00,21.82,36.27,81.19,Morning,Weekday
2025-10-23 11:00:00,38.46,77.81,79.09,Morning,Weekday
2025-10-23 12:00:00,33.79,97.36,83.23,Morning,Weekday
2025-10-23 13:00:00,22.54,51.04,77.48,Morning,Weekday
2025-10-23 14:00:00,27.13,90.3,46.03,Evening,Weekday
2025-10-23 15:00:00,31.85,95.36,65.83,Evening,Weekday
2025-10-23 16:00:00,36.71,82.3,62.21,Evening,Weekday
2025-10-23 17:00:00,20.87,46.19,55.56,Evening,Weekday
2025-10-23 18:00:00,24.73,53.38,81.7,Evening,Weekday
2025-10-23 19:00:00,37.79,32.51,63.21,Evening,Weekday
2025-10-23 20:00:00,20.18,88.2,43.01,Evening,Weekday
2025-10-23 21:00:00,24.03,89.47,53.75,Evening,Weekday
2025-10-23 22:00:00,39.18,74.29,51.43,Night,Weekday
2025-10-23 23:00:00,32.27,54.68,84.37,Night,Weekday
2025-10-24 00:00:00,25.23,35.38,72.37,Night,Weekday
2025-10-24 01:00:00,21.34,82.71,68.02,Night,Weekday
2025-10-24 02:00:00,20.56,80.86,65.33,Night,Weekday
2025-10-24 03:00:00,24.89,93.88,72.51,Night,Weekday
2025-10-24 04:00:00,37.63,81.14,77.74,Night,Weekday
2025-10-24 05:00:00,28.32,88.01,67.72,Night,Weekday
2025-10-24 06:00:00,34.41,82.22,86.91,Morning,Weekday
2025-10-24 07:00:00,38.37,74.15,88.84,Morning,Weekday
2025-10-24 08:00:00,28.16,59.89,89.77,Morning,Weekday
2025-10-24 09:00:00,23.83,93.15,73.47,Morning,Weekday
2025-10-24 10:00:00,30.34,75.57,86.63,Morning,Weekday
2025-10-24 11:00:00,38.16,57.88,60.22,Morning,Weekday
2025-10-24 12:00:00,36.09,35.84,82.98,Morning,Weekday
2025-10-24 13:00:00,21.32,50.35,85.46,Morning,Weekday
2025-10-24 14:00:00,33.85,68.06,85.21,Evening,Weekday
2025-10-24 15:00:00,31.44,49.29,81.54,Evening,Weekday
2025-10-24 16:00:00,38.15,45.49,60.33,Evening,Weekday
2025-10-24 17:00:00,22.45,66.92,47.95,Evening,Weekday
2025-10-24 18:00:00,30.68,41.89,56.7,Evening,Weekday
2025-10-24 19:00:00,37.59,86.03,78.36,Evening,Weekday
2025-10-24 20:00:00,28.2,63.91,51.64,Evening,Weekday
2025-10-24 21:00:00,29.64,70.17,63.91,Evening,Weekday
2025-10-24 22:00:00,21.41,40.32,68.27,Night,Weekday
2025-10-24 23:00:00,25.56,52.72,70.19,Night,Weekday
2025-10-25 00:00:00,26.49,58.71,86.79,Night,Weekend
2025-10-25 01:00:00,38.9,86.57,73.07,Night,Weekend
2025-10-25 02:00:00,25.65,83.91,79.31,Night,Weekend
2025-10-25 03:00:00,29.22,45.61,69.09,Night,Weekend
2025-10-25 04:00:00,33.43,73.13,81.68,Night,Weekend
2025-10-25 05:00:00,23.24,47.04,53.18,Night,Weekend
2025-10-25 06:00:00,29.73,99.18,50.49,Morning,Weekend
2025-10-25 07:00:00,34.77,96.65,86.32,Morning,Weekend
2025-10-25 08:00:00,37.34,69.43,74.67,Morning,Weekend
2025-10-25 09:00:00,32.53,78.92,73.58,Morning,Weekend
2025-10-25 10:00:00,33.38,86.1,63.36,Morning,Weekend
2025-10-25 11:00:00,22.53,80.47,58.83,Morning,Weekend
2025-10-25 12:00:00,38.92,78.99,67.78,Morning,Weekend
2025-10-25 13:00:00,22.65,97.1,46.03,Morning,Weekend
2025-10-25 14:00:00,35.49,71.75,62.74,Evening,Weekend
2025-10-25 15:00:00,25.3,74.54,62.77,Evening,Weekend
2025-10-25 16:00:00,38.67,89.45,66.92,Evening,Weekend
2025-10-25 17:00:00,34.4,76.89,71.73,Evening,Weekend
2025-10-25 18:00:00,35.08,81.31,87.87,Evening,Weekend
2025-10-25 19:00:00,24.38,46.39,72.61,Evening,Weekend
2025-10-25 20:00:00,28.86,55.99,84.19,Evening,Weekend
2025-10-25 21:00:00,32.36,40.31,67.82,Evening,Weekend
2025-10-25 22:00:00,35.4,65.4,71.35,Night,Weekend
2025-10-25 23:00:00,22.08,61.9,43.49,Night,Weekend
2025-10-26 00:00:00,39.25,99.8,46.66,Night,Weekend
2025-10-26 01:00:00,37.8,72.78,68.98,Night,Weekend
2025-10-26 02:00:00,25.41,85.05,59.79,Night,Weekend
2025-10-26 03:00:00,36.46,53.38,79.94,Night,Weekend
2025-10-26 04:00:00,30.37,88.21,67.16,Night,Weekend
2025-10-26 05:00:00,29.24,73.06,84.11,Night,Weekend
2025-10-26 06:00:00,26.29,78.79,88.62,Morning,Weekend
2025-10-26 07:00:00,31.62,50.61,47.38,Morning,Weekend
2025-10-26 08:00:00,34.6,68.4,59.74,Morning,Weekend
2025-10-26 09:00:00,28.22,74.38,73.25,Morning,Weekend
2025-10-26 10:00:00,32.58,71.24,55.27,Morning,Weekend
2025-10-26 11:00:00,33.99,94.06,53.35,Morning,Weekend
2025-10-26 12:00:00,34.22,92.88,80.69,Morning,Weekend
2025-10-26 13:00:00,21.04,97.97,89.02,Morning,Weekend
2025-10-26 14:00:00,37.19,76.72,78.69,Evening,Weekend
2025-10-26 15:00:00,29.17,98.03,66.18,Evening,Weekend
2025-10-26 16:00:00,25.25,88.27,62.13,Evening,Weekend
2025-10-26 17:00:00,24.84,48.96,66.98,Evening,Weekend
2025-10-26 18:00:00,29.66,59.92,63.14,Evening,Weekend
2025-10-26 19:00:00,37.74,46.69,65.14,Evening,Weekend
2025-10-26 20:00:00,27.57,30.29,50.17,Evening,Weekend
2025-10-26 21:00:00,34.99,43.16,85.19,Evening,Weekend
2025-10-26 22:00:00,21.94,30.28,77.73,Night,Weekend
2025-10-26 23:00:00,29.52,80.39,74.05,Night,Weekend
2025-10-27 00:00:00,39.83,59.79,87.5,Night,Weekday
2025-10-27 01:00:00,35.41,51.88,54.22,Night,Weekday
2025-10-27 02:00:00,24.21,83.32,44.06,Night,Weekday
2025-10-27 03:00:00,30.03,88.27,81.31,Night,Weekday
2025-10-27 04:00:00,24.67,98.27,89.92,Night,Weekday
2025-10-27 05:00:00,28.19,74.94,68.92,Night,Weekday
2025-10-27 06:00:00,35.6,62.31,42.94,Morning,Weekday
2025-10-27 07:00:00,35.42,51.37,79.02,Morning,Weekday
2025-10-27 08:00:00,24.56,45.56,43.69,Morning,Weekday
2025-10-27 09:00:00,38.44,44.9,67.0,Morning,Weekday
2025-10-27 10:00:00,31.85,58.64,53.88,Morning,Weekday
2025-10-27 11:00:00,27.6,99.43,85.75,Morning,Weekday
2025-10-27 12:00:00,30.04,30.06,62.57,Morning,Weekday
2025-10-27 13:00:00,32.1,43.8,84.92,Morning,Weekday
2025-10-27 14:00:00,31.2,43.19,54.95,Evening,Weekday
2025-10-27 15:00:00,29.73,80.2,59.37,Evening,Weekday
2025-10-27 16:00:00,30.1,54.67,87.36,Evening,Weekday
2025-10-27 17:00:00,23.53,62.01,50.07,Evening,Weekday
2025-10-27 18:00:00,36.25,40.4,68.93,Evening,Weekday
2025-10-27 19:00:00,30.84,58.35,59.43,Evening,Weekday
2025-10-27 20:00:00,22.62,37.22,78.71,Evening,Weekday
2025-10-27 21:00:00,35.32,67.31,46.46,Evening,Weekday
2025-10-27 22:00:00,38.65,36.86,61.86,Night,Weekday
2025-10-27 23:00:00,38.95,85.34,74.95,Night,Weekday
2025-10-28 00:00:00,27.38,69.66,60.35,Night,Weekday
2025-10-28 01:00:00,22.71,80.68,42.93,Night,Weekday
2025-10-28 02:00:00,30.37,59.3,75.26,Night,Weekday
2025-10-28 03:00:00,22.25,56.7,65.16,Night,Weekday
2025-10-28 04:00:00,38.68,36.87,40.57,Night,Weekday
2025-10-28 05:00:00,23.67,66.67,70.63,Night,Weekday
2025-10-28 06:00:00,25.06,66.02,85.99,Morning,Weekday
2025-10-28 07:00:00,28.13,62.77,45.55,Morning,Weekday
2025-10-28 08:00:00,27.66,81.84,69.53,Morning,Weekday
2025-10-28 09:00:00,35.89,88.28,76.43,Morning,Weekday
2025-10-28 10:00:00,29.13,82.56,43.54,Morning,Weekday
2025-10-28 11:00:00,23.42,40.07,41.13,Morning,Weekday
2025-10-28 12:00:00,25.34,73.54,63.21,Morning,Weekday
2025-10-28 13:00:00,30.18,35.62,79.56,Morning,Weekday
2025-10-28 14:00:00,22.95,78.62,48.04,Evening,Weekday
2025-10-28 15:00:00,32.23,56.73,81.83,Evening,Weekday
2025-10-28 16:00:00,31.31,39.27,72.83,Evening,Weekday
2025-10-28 17:00:00,34.29,90.34,56.61,Evening,Weekday
2025-10-28 18:00:00,38.75,72.98,65.79,Evening,Weekday
2025-10-28 19:00:00,38.25,54.83,88.28,Evening,Weekday
2025-10-28 20:00:00,38.92,32.15,50.82,Evening,Weekday
2025-10-28 21:00:00,24.89,67.61,64.98,Evening,Weekday
2025-10-28 22:00:00,22.63,94.63,71.22,Night,Weekday
2025-10-28 23:00:00,26.05,71.75,46.9,Night,Weekday
2025-10-29 00:00:00,37.9,98.02,42.18,Night,Weekday
2025-10-29 01:00:00,39.44,39.55,40.67,Night,Weekday
2025-10-29 02:00:00,37.19,69.78,56.23,Night,Weekday
2025-10-29 03:00:00,22.2,85.87,43.7,Night,Weekday
2025-10-29 04:00:00,38.95,66.79,80.19,Night,Weekday
2025-10-29 05:00:00,28.47,36.37,89.87,Night,Weekday
2025-10-29 06:00:00,20.19,70.8,43.07,Morning,Weekday
2025-10-29 07:00:00,28.85,72.82,61.64,Morning,Weekday
2025-10-29 08:00:00,20.92,81.01,41.29,Morning,Weekday
2025-10-29 09:00:00,30.88,83.28,46.7,Morning,Weekday
2025-10-29 10:00:00,26.77,83.95,56.15,Morning,Weekday
2025-10-29 11:00:00,29.47,76.44,59.68,Morning,Weekday
2025-10-29 12:00:00,32.26,45.11,86.99,Morning,Weekday
2025-10-29 13:00:00,37.38,58.3,59.79,Morning,Weekday
2025-10-29 14:00:00,33.24,84.33,64.81,Evening,Weekday
2025-10-29 15:00:00,28.68,96.74,52.28,Evening,Weekday
2025-10-29 16:00:00,36.39,35.53,40.01,Evening,Weekday
2025-10-29 17:00:00,38.11,67.49,84.97,Evening,Weekday
2025-10-29 18:00:00,22.4,51.88,44.09,Evening,Weekday
2025-10-29 19:00:00,30.64,45.78,88.21,Evening,Weekday
2025-10-29 20:00:00,25.69,65.41,46.54,Evening,Weekday
2025-10-29 21:00:00,20.94,72.43,70.24,Evening,Weekday
2025-10-29 22:00:00,33.37,30.68,89.97,Night,Weekday
2025-10-29 23:00:00,37.26,84.61,46.92,Night,Weekday
2025-10-30 00:00:00,23.26,87.39,61.2,Night,Weekday
2025-10-30 01:00:00,36.25,97.59,79.02,Night,Weekday
2025-10-30 02:00:00,37.07,42.65,41.61,Night,Weekday
2025-10-30 03:00:00,38.29,71.62,74.49,Night,Weekday
2025-10-30 04:00:00,25.31,59.86,44.02,Night,Weekday
2025-10-30 05:00:00,38.08,53.44,51.83,Night,Weekday
2025-10-30 06:00:00,26.41,69.59,48.0,Morning,Weekday
2025-10-30 07:00:00,31.05,84.77,85.37,Morning,Weekday
2025-10-30 08:00:00,21.01,31.61,49.02,Morning,Weekday
2025-10-30 09:00:00,20.88,97.86,42.02,Morning,Weekday
2025-10-30 10:00:00,34.41,86.69,69.38,Morning,Weekday
2025-10-30 11:00:00,28.89,82.58,57.31,Morning,Weekday
2025-10-30 12:00:00,25.13,83.23,60.29,Morning,Weekday
2025-10-30 13:00:00,23.81,57.23,45.95,Morning,Weekday
2025-10-30 14:00:00,33.4,82.61,77.41,Evening,Weekday
2025-10-30 15:00:00,20.01,57.07,70.08,Evening,Weekday
2025-10-30 16:00:00,36.12,92.91,58.21,Evening,Weekday
2025-10-30 17:00:00,21.58,42.41,48.58,Evening,Weekday
2025-10-30 18:00:00,23.83,50.46,69.67,Evening,Weekday
2025-10-30 19:00:00,27.72,68.59,78.93,Evening,Weekday
2025-10-30 20:00:00,29.7,52.34,55.62,Evening,Weekday
2025-10-30 21:00:00,27.1,59.7,41.29,Evening,Weekday
2025-10-30 22:00:00,26.41,64.47,50.72,Night,Weekday
2025-10-30 23:00:00,39.28,89.94,74.12,Night,Weekday
2025-10-31 00:00:00,32.83,66.62,89.45,Night,Weekday
2025-10-31 01:00:00,20.47,55.37,40.67,Night,Weekday
2025-10-31 02:00:00,28.6,47.34,55.31,Night,Weekday
2025-10-31 03:00:00,37.5,58.61,43.1,Night,Weekday
2025-10-31 04:00:00,26.03,66.1,55.82,Night,Weekday
2025-10-31 05:00:00,21.89,82.23,60.3,Night,Weekday
2025-10-31 06:00:00,35.17,38.47,86.04,Morning,Weekday
2025-10-31 07:00:00,32.12,45.51,44.03,Morning,Weekday
2025-10-31 08:00:00,31.41,56.58,78.86,Morning,Weekday
2025-10-31 09:00:00,21.07,55.23,59.78,Morning,Weekday
2025-10-31 10:00:00,22.81,57.42,80.56,Morning,Weekday
2025-10-31 11:00:00,32.45,85.55,65.67,Morning,Weekday
2025-10-31 12:00:00,24.16,52.69,41.96,Morning,Weekday
2025-10-31 13:00:00,30.08,65.13,87.31,Morning,Weekday
2025-10-31 14:00:00,30.9,73.67,44.14,Evening,Weekday
2025-10-31 15:00:00,25.67,46.25,69.88,Evening,Weekday
2025-10-31 16:00:00,38.97,80.31,83.88,Evening,Weekday
2025-10-31 17:00:00,36.85,68.3,43.99,Evening,Weekday
2025-10-31 18:00:00,34.45,61.27,67.69,Evening,Weekday
2025-10-31 19:00:00,21.56,86.68,81.21,Evening,Weekday
2025-10-31 20:00:00,22.12,47.04,89.32,Evening,Weekday
2025-10-31 21:00:00,29.86,91.82,76.22,Evening,Weekday
2025-10-31 22:00:00,23.21,69.27,53.92,Night,Weekday
2025-10-31 23:00:00,39.57,72.64,74.98,Night,Weekday
2025-11-01 00:00:00,23.17,91.25,75.29,Night,Weekend
2025-11-01 01:00:00,29.75,87.23,75.0,Night,Weekend
2025-11-01 02:00:00,27.28,72.11,82.71,Night,Weekend
2025-11-01 03:00:00,32.79,82.72,44.37,Night,Weekend
2025-11-01 04:00:00,22.58,60.33,45.42,Night,Weekend
2025-11-01 05:00:00,28.61,68.32,72.03,Night,Weekend
2025-11-01 06:00:00,25.49,34.34,87.69,Morning,Weekend
2025-11-01 07:00:00,37.76,36.29,63.29,Morning,Weekend
2025-11-01 08:00:00,20.81,88.06,88.03,Morning,Weekend
2025-11-01 09:00:00,38.27,34.18,86.9,Morning,Weekend
2025-11-01 10:00:00,36.66,41.86,85.15,Morning,Weekend
2025-11-01 11:00:00,25.95,85.71,85.49,Morning,Weekend
2025-11-01 12:00:00,35.79,30.08,84.92,Morning,Weekend
2025-11-01 13:00:00,20.62,49.77,80.99,Morning,Weekend
2025-11-01 14:00:00,39.34,70.88,74.75,Evening,Weekend
2025-11-01 15:00:00,30.53,71.68,41.22,Evening,Weekend
2025-11-01 16:00:00,26.07,84.4,46.61,Evening,Weekend
2025-11-01 17:00:00,27.25,65.41,46.71,Evening,Weekend
2025-11-01 18:00:00,21.33,65.66,41.18,Evening,Weekend
2025-11-01 19:00:00,39.79,80.77,45.84,Evening,Weekend
2025-11-01 20:00:00,20.79,64.9,85.99,Evening,Weekend
2025-11-01 21:00:00,33.1,72.59,73.19,Evening,Weekend
2025-11-01 22:00:00,28.85,92.84,55.6,Night,Weekend
2025-11-01 23:00:00,38.98,58.1,79.67,Night,Weekend
2025-11-02 00:00:00,24.92,56.96,64.42,Night,Weekend
2025-11-02 01:00:00,30.64,30.25,47.11,Night,Weekend
2025-11-02 02:00:00,29.65,72.94,84.23,Night,Weekend
2025-11-02 03:00:00,34.06,32.08,56.93,Night,Weekend
2025-11-02 04:00:00,21.36,65.29,74.94,Night,Weekend
2025-11-02 05:00:00,23.88,86.3,54.53,Night,Weekend
2025-11-02 06:00:00,24.29,68.49,65.0,Morning,Weekend
2025-11-02 07:00:00,34.76,48.87,80.81,Morning,Weekend
2025-11-02 08:00:00,23.78,85.03,47.84,Morning,Weekend
2025-11-02 09:00:00,31.47,48.88,88.86,Morning,Weekend
2025-11-02 10:00:00,24.3,81.31,43.51,Morning,Weekend
2025-11-02 11:00:00,37.23,72.72,66.7,Morning,Weekend
2025-11-02 12:00:00,38.84,41.9,85.8,Morning,Weekend
2025-11-02 13:00:00,30.37,93.36,87.28,Morning,Weekend
2025-11-02 14:00:00,27.05,44.05,51.61,Evening,Weekend
2025-11-02 15:00:00,24.68,99.27,47.2,Evening,Weekend
2025-11-02 16:00:00,21.0,30.51,76.22,Evening,Weekend
2025-11-02 17:00:00,25.37,48.44,42.1,Evening,Weekend
2025-11-02 18:00:00,33.08,43.99,64.26,Evening,Weekend
2025-11-02 19:00:00,30.67,30.98,79.82,Evening,Weekend
2025-11-02 20:00:00,38.88,81.27,68.01,Evening,Weekend
2025-11-02 21:00:00,27.93,78.54,49.4,Evening,Weekend
2025-11-02 22:00:00,33.88,85.46,64.35,Night,Weekend
2025-11-02 23:00:00,29.79,47.97,86.06,Night,Weekend
2025-11-03 00:00:00,30.25,61.1,70.86,Night,Weekday
2025-11-03 01:00:00,25.36,76.14,76.07,Night,Weekday
2025-11-03 02:00:00,29.1,60.78,56.81,Night,Weekday
2025-11-03 03:00:00,29.42,78.81,49.42,Night,Weekday
2025-11-03 04:00:00,34.13,74.38,52.78,Night,Weekday
2025-11-03 05:00:00,38.81,38.03,66.66,Night,Weekday
2025-11-03 06:00:00,26.59,84.67,54.01,Morning,Weekday
2025-11-03 07:00:00,20.84,80.45,67.1,Morning,Weekday
2025-11-03 08:00:00,29.93,75.91,75.39,Morning,Weekday
2025-11-03 09:00:00,30.89,40.86,76.72,Morning,Weekday
2025-11-03 10:00:00,23.37,48.76,48.23,Morning,Weekday
2025-11-03 11:00:00,35.21,57.52,77.52,Morning,Weekday
2025-11-03 12:00:00,39.7,49.6,73.63,Morning,Weekday
2025-11-03 13:00:00,38.92,45.95,40.6,Morning,Weekday
2025-11-03 14:00:00,23.94,86.38,42.94,Evening,Weekday
2025-11-03 15:00:00,37.51,74.68,72.31,Evening,Weekday
2025-11-03 16:00:00,34.09,69.58,59.19,Evening,Weekday
2025-11-03 17:00:00,29.08,45.82,47.31,Evening,Weekday
2025-11-03 18:00:00,30.81,94.27,42.22,Evening,Weekday
2025-11-03 19:00:00,36.99,43.38,47.97,Evening,Weekday
2025-11-03 20:00:00,29.6,85.65,87.88,Evening,Weekday
2025-11-03 21:00:00,27.46,97.67,76.38,Evening,Weekday
2025-11-03 22:00:00,29.86,80.9,66.39,Night,Weekday
2025-11-03 23:00:00,31.58,99.5,87.08,Night,Weekday
2025-11-04 00:00:00,23.78,75.57,70.96,Night,Weekday
2025-11-04 01:00:00,38.02,45.22,76.28,Night,Weekday
2025-11-04 02:00:00,33.48,44.27,54.13,Night,Weekday
2025-11-04 03:00:00,32.67,52.72,69.45,Night,Weekday
2025-11-04 04:00:00,21.99,30.5,47.17,Night,Weekday
2025-11-04 05:00:00,32.08,77.72,60.22,Night,Weekday
2025-11-04 06:00:00,22.42,48.81,41.66,Morning,Weekday
2025-11-04 07:00:00,21.57,87.06,50.83,Morning,Weekday
2025-11-04 08:00:00,30.55,55.14,43.74,Morning,Weekday
2025-11-04 09:00:00,28.06,63.6,59.39,Morning,Weekday
2025-11-04 10:00:00,31.78,97.6,82.15,Morning,Weekday
2025-11-04 11:00:00,21.78,46.95,58.9,Morning,Weekday
2025-11-04 12:00:00,28.62,80.49,81.58,Morning,Weekday
2025-11-04 13:00:00,23.5,82.86,72.82,Morning,Weekday
2025-11-04 14:00:00,39.74,45.47,65.48,Evening,Weekday
2025-11-04 15:00:00,31.22,65.07,51.84,Evening,Weekday
2025-11-04 16:00:00,33.75,54.51,86.11,Evening,Weekday
2025-11-04 17:00:00,26.51,84.03,42.71,Evening,Weekday
2025-11-04 18:00:00,21.89,73.57,74.45,Evening,Weekday
2025-11-04 19:00:00,39.52,63.32,71.06,Evening,Weekday
2025-11-04 20:00:00,25.73,84.56,62.05,Evening,Weekday
2025-11-04 21:00:00,28.48,46.46,52.02,Evening,Weekday
2025-11-04 22:00:00,33.0,82.75,61.53,Night,Weekday
2025-11-04 23:00:00,20.49,90.58,83.64,Night,Weekday
2025-11-05 00:00:00,36.21,91.5,81.84,Night,Weekday
2025-11-05 01:00:00,30.73,84.86,87.07,Night,Weekday
2025-11-05 02:00:00,25.56,58.56,55.39,Night,Weekday
2025-11-05 03:00:00,21.23,98.73,59.36,Night,Weekday
2025-11-05 04:00:00,23.25,56.57,40.94,Night,Weekday
2025-11-05 05:00:00,37.9,74.7,87.15,Night,Weekday
2025-11-05 06:00:00,33.72,41.28,56.47,Morning,Weekday
2025-11-05 07:00:00,25.0,98.63,60.21,Morning,Weekday
2025-11-05 08:00:00,21.31,79.28,85.39,Morning,Weekday
2025-11-05 09:00:00,33.81,82.74,66.33,Morning,Weekday
2025-11-05 10:00:00,31.45,34.6,68.31,Morning,Weekday
2025-11-05 11:00:00,28.09,83.44,48.81,Morning,Weekday
2025-11-05 12:00:00,27.27,84.23,64.93,Morning,Weekday
2025-11-05 13:00:00,24.34,77.02,85.91,Morning,Weekday
2025-11-05 14:00:00,33.39,50.43,67.94,Evening,Weekday
2025-11-05 15:00:00,39.41,64.28,52.76,Evening,Weekday
2025-11-05 16:00:00,23.51,37.73,41.56,Evening,Weekday
2025-11-05 17:00:00,31.94,63.01,56.82,Evening,Weekday
2025-11-05 18:00:00,28.48,47.07,68.63,Evening,Weekday
2025-11-05 19:00:00,28.93,54.44,42.13,Evening,Weekday
2025-11-05 20:00:00,25.08,41.38,70.49,Evening,Weekday
2025-11-05 21:00:00,36.5,46.1,66.17,Evening,Weekday
2025-11-05 22:00:00,29.71,35.36,79.17,Night,Weekday
2025-11-05 23:00:00,30.87,94.39,41.44,Night,Weekday
2025-11-06 00:00:00,26.1,67.13,79.04,Night,Weekday
2025-11-06 01:00:00,23.64,57.77,66.04,Night,Weekday
2025-11-06 02:00:00,21.72,67.45,58.53,Night,Weekday
2025-11-06 03:00:00,34.28,73.98,88.27,Night,Weekday
2025-11-06 04:00:00,23.92,94.53,48.01,Night,Weekday
2025-11-06 05:00:00,33.8,42.51,67.07,Night,Weekday
2025-11-06 06:00:00,27.81,50.69,56.05,Morning,Weekday
2025-11-06 07:00:00,28.32,98.31,66.37,Morning,Weekday
2025-11-06 08:00:00,29.38,55.98,67.61,Morning,Weekday
2025-11-06 09:00:00,27.35,31.58,44.47,Morning,Weekday
2025-11-06 10:00:00,22.01,40.34,73.06,Morning,Weekday
2025-11-06 11:00:00,26.19,31.84,71.72,Morning,Weekday
2025-11-06 12:00:00,33.27,99.29,78.47,Morning,Weekday
2025-11-06 13:00:00,33.32,49.52,44.53,Morning,Weekday
2025-11-06 14:00:00,25.72,94.65,54.86,Evening,Weekday
2025-11-06 15:00:00,29.2,99.71,72.51,Evening,Weekday
2025-11-06 16:00:00,23.87,71.99,46.84,Evening,Weekday
2025-11-06 17:00:00,24.21,32.32,73.88,Evening,Weekday
2025-11-06 18:00:00,20.46,35.71,42.95,Evening,Weekday
2025-11-06 19:00:00,37.93,63.71,56.75,Evening,Weekday
2025-11-06 20:00:00,24.21,58.43,82.34,Evening,Weekday
2025-11-06 21:00:00,24.55,72.43,78.71,Evening,Weekday
2025-11-06 22:00:00,25.59,60.72,72.24,Night,Weekday
2025-11-06 23:00:00,22.55,95.39,83.52,Night,Weekday
2025-11-07 00:00:00,32.79,67.43,75.46,Night,Weekday
2025-11-07 01:00:00,21.5,78.56,65.97,Night,Weekday
2025-11-07 02:00:00,22.68,92.75,88.99,Night,Weekday
2025-11-07 03:00:00,32.9,40.28,74.74,Night,Weekday
2025-11-07 04:00:00,26.79,46.08,70.07,Night,Weekday
2025-11-07 05:00:00,34.16,37.51,60.44,Night,Weekday
2025-11-07 06:00:00,31.15,39.77,85.12,Morning,Weekday
2025-11-07 07:00:00,25.12,65.88,54.79,Morning,Weekday
2025-11-07 08:00:00,33.02,52.48,40.46,Morning,Weekday
2025-11-07 09:00:00,22.33,59.62,49.84,Morning,Weekday
2025-11-07 10:00:00,30.73,98.77,45.48,Morning,Weekday
2025-11-07 11:00:00,28.74,40.97,55.95,Morning,Weekday
2025-11-07 12:00:00,25.36,67.86,81.29,Morning,Weekday
2025-11-07 13:00:00,32.08,36.92,72.58,Morning,Weekday
2025-11-07 14:00:00,37.43,52.29,48.45,Evening,Weekday
2025-11-07 15:00:00,39.98,66.93,79.44,Evening,Weekday
2025-11-07 16:00:00,32.16,96.26,65.21,Evening,Weekday
2025-11-07 17:00:00,28.09,57.39,65.64,Evening,Weekday
2025-11-07 18:00:00,24.5,34.54,58.11,Evening,Weekday
2025-11-07 19:00:00,25.14,57.17,83.23,Evening,Weekday
2025-11-07 20:00:00,29.59,40.2,55.92,Evening,Weekday
2025-11-07 21:00:00,27.35,46.1,44.71,Evening,Weekday
2025-11-07 22:00:00,38.28,73.27,55.14,Night,Weekday
2025-11-07 23:00:00,27.37,34.72,75.77,Night,Weekday
2025-11-08 00:00:00,27.47,62.53,72.88,Night,Weekend
2025-11-08 01:00:00,27.67,72.66,49.4,Night,Weekend
2025-11-08 02:00:00,36.73,59.53,45.59,Night,Weekend
2025-11-08 03:00:00,33.02,31.34,73.04,Night,Weekend
2025-11-08 04:00:00,32.28,98.99,73.82,Night,Weekend
2025-11-08 05:00:00,26.68,55.7,58.31,Night,Weekend
2025-11-08 06:00:00,36.36,84.5,82.14,Morning,Weekend
2025-11-08 07:00:00,20.77,52.8,88.91,Morning,Weekend
2025-11-08 08:00:00,37.42,63.25,50.28,Morning,Weekend
2025-11-08 09:00:00,30.25,57.19,68.85,Morning,Weekend
2025-11-08 10:00:00,27.97,53.98,40.27,Morning,Weekend
2025-11-08 11:00:00,29.94,31.53,75.65,Morning,Weekend
2025-11-08 12:00:00,33.35,55.2,60.71,Morning,Weekend
2025-11-08 13:00:00,20.26,92.26,49.66,Morning,Weekend
2025-11-08 14:00:00,37.43,78.33,77.61,Evening,Weekend
2025-11-08 15:00:00,28.93,40.18,80.53,Evening,Weekend
2025-11-08 16:00:00,26.86,71.38,45.56,Evening,Weekend
2025-11-08 17:00:00,22.76,92.46,42.05,Evening,Weekend
2025-11-08 18:00:00,28.79,79.0,56.7,Evening,Weekend
2025-11-08 19:00:00,29.93,40.41,71.3,Evening,Weekend
2025-11-08 20:00:00,28.07,90.75,79.67,Evening,Weekend
2025-11-08 21:00:00,33.57,51.11,67.3,Evening,Weekend
2025-11-08 22:00:00,28.42,61.79,69.04,Night,Weekend
2025-11-08 23:00:00,39.23,66.83,79.99,Night,Weekend
2025-11-09 00:00:00,31.99,89.54,66.44,Night,Weekend
2025-11-09 01:00:00,36.15,95.21,70.56,Night,Weekend
2025-11-09 02:00:00,22.19,95.08,65.81,Night,Weekend
2025-11-09 03:00:00,27.95,30.56,84.02,Night,Weekend
2025-11-09 04:00:00,26.74,94.53,51.78,Night,Weekend
2025-11-09 05:00:00,31.39,33.81,53.2,Night,Weekend
2025-11-09 06:00:00,37.22,48.6,46.4,Morning,Weekend
2025-11-09 07:00:00,21.57,66.05,80.97,Morning,Weekend
2025-11-09 08:00:00,21.45,63.59,60.59,Morning,Weekend
2025-11-09 09:00:00,37.01,72.33,57.39,Morning,Weekend
2025-11-09 10:00:00,24.26,63.56,89.07,Morning,Weekend
2025-11-09 11:00:00,33.38,95.41,86.34,Morning,Weekend
2025-11-09 12:00:00,30.86,46.84,88.6,Morning,Weekend
2025-11-09 13:00:00,36.66,49.18,47.11,Morning,Weekend
2025-11-09 14:00:00,22.5,94.45,84.56,Evening,Weekend
2025-11-09 15:00:00,22.6,35.37,56.44,Evening,Weekend
2025-11-09 16:00:00,31.14,72.67,40.63,Evening,Weekend
2025-11-09 17:00:00,38.93,77.72,59.56,Evening,Weekend
2025-11-09 18:00:00,28.3,65.39,65.46,Evening,Weekend
2025-11-09 19:00:00,26.54,78.6,45.41,Evening,Weekend
2025-11-09 20:00:00,32.13,42.09,66.88,Evening,Weekend
2025-11-09 21:00:00,38.61,89.68,80.97,Evening,Weekend
2025-11-09 22:00:00,36.74,39.8,58.88,Night,Weekend
2025-11-09 23:00:00,39.91,58.06,57.63,Night,Weekend
2025-11-10 00:00:00,20.45,35.27,56.94,Night,Weekday
2025-11-10 01:00:00,22.26,68.16,86.15,Night,Weekday
2025-11-10 02:00:00,32.19,76.88,42.44,Night,Weekday
2025-11-10 03:00:00,36.41,95.89,62.25,Night,Weekday
2025-11-10 04:00:00,25.7,81.75,53.23,Night,Weekday
2025-11-10 05:00:00,24.78,67.88,84.69,Night,Weekday
2025-11-10 06:00:00,35.74,95.28,44.8,Morning,Weekday
2025-11-10 07:00:00,21.13,63.49,60.57,Morning,Weekday
2025-11-10 08:00:00,27.39,69.28,60.34,Morning,Weekday
2025-11-10 09:00:00,30.12,71.73,84.42,Morning,Weekday
2025-11-10 10:00:00,31.21,58.7,50.77,Morning,Weekday
2025-11-10 11:00:00,34.57,88.69,72.24,Morning,Weekday
2025-11-10 12:00:00,27.1,42.96,46.72,Morning,Weekday
2025-11-10 13:00:00,32.25,68.84,87.7,Morning,Weekday
2025-11-10 14:00:00,31.71,80.56,69.65,Evening,Weekday
2025-11-10 15:00:00,30.95,93.28,71.31,Evening,Weekday
2025-11-10 16:00:00,32.81,91.87,61.69,Evening,Weekday
2025-11-10 17:00:00,25.19,65.61,57.11,Evening,Weekday
2025-11-10 18:00:00,21.69,75.02,50.63,Evening,Weekday
2025-11-10 19:00:00,22.39,57.6,70.2,Evening,Weekday
2025-11-10 20:00:00,24.49,62.77,87.73,Evening,Weekday
2025-11-10 21:00:00,30.0,93.44,57.99,Evening,Weekday
2025-11-10 22:00:00,36.81,95.15,84.16,Night,Weekday
2025-11-10 23:00:00,34.03,92.68,47.44,Night,Weekday
2025-11-11 00:00:00,35.78,39.69,86.81,Night,Weekday
2025-11-11 01:00:00,27.02,89.51,57.52,Night,Weekday
2025-11-11 02:00:00,28.09,96.39,58.99,Night,Weekday
2025-11-11 03:00:00,27.87,55.29,63.14,Night,Weekday
2025-11-11 04:00:00,23.84,66.31,75.91,Night,Weekday
2025-11-11 05:00:00,21.22,84.54,75.98,Night,Weekday
2025-11-11 06:00:00,31.82,69.35,63.98,Morning,Weekday
2025-11-11 07:00:00,39.78,99.54,66.16,Morning,Weekday
2025-11-11 08:00:00,23.34,61.9,41.5,Morning,Weekday
2025-11-11 09:00:00,20.93,79.98,55.21,Morning,Weekday
2025-11-11 10:00:00,35.59,85.48,57.3,Morning,Weekday
2025-11-11 11:00:00,25.05,64.59,67.94,Morning,Weekday
2025-11-11 12:00:00,36.59,89.99,67.91,Morning,Weekday
2025-11-11 13:00:00,34.08,68.23,75.49,Morning,Weekday
2025-11-11 14:00:00,38.91,58.82,75.85,Evening,Weekday
2025-11-11 15:00:00,28.18,37.55,51.76,Evening,Weekday
2025-11-11 16:00:00,33.24,57.54,78.51,Evening,Weekday
2025-11-11 17:00:00,29.3,81.38,40.98,Evening,Weekday
2025-11-11 18:00:00,32.61,94.49,75.81,Evening,Weekday
2025-11-11 19:00:00,28.99,47.62,45.1,Evening,Weekday
2025-11-11 20:00:00,23.77,54.87,76.48,Evening,Weekday
2025-11-11 21:00:00,30.16,40.78,66.36,Evening,Weekday
2025-11-11 22:00:00,30.57,78.35,61.86,Night,Weekday
2025-11-11 23:00:00,36.21,97.21,74.53,Night,Weekday
2025-11-12 00:00:00,34.71,74.87,41.82,Night,Weekday
2025-11-12 01:00:00,33.28,73.2,51.17,Night,Weekday
2025-11-12 02:00:00,22.27,68.74,70.82,Night,Weekday
2025-11-12 03:00:00,34.41,36.19,82.36,Night,Weekday
2025-11-12 04:00:00,30.01,81.07,59.06,Night,Weekday
2025-11-12 05:00:00,37.88,72.14,52.94,Night,Weekday
2025-11-12 06:00:00,38.4,76.3,65.94,Morning,Weekday
2025-11-12 07:00:00,21.1,92.92,71.12,Morning,Weekday
2025-11-12 08:00:00,36.41,84.88,61.01,Morning,Weekday
2025-11-12 09:00:00,20.75,84.66,83.84,Morning,Weekday
2025-11-12 10:00:00,27.34,94.9,66.17,Morning,Weekday
2025-11-12 11:00:00,30.85,99.3,41.79,Morning,Weekday
2025-11-12 12:00:00,22.96,70.69,51.15,Morning,Weekday
2025-11-12 13:00:00,34.93,37.62,62.53,Morning,Weekday
2025-11-12 14:00:00,20.17,62.14,74.89,Evening,Weekday
2025-11-12 15:00:00,23.37,85.13,50.99,Evening,Weekday
2025-11-12 16:00:00,31.62,31.94,88.81,Evening,Weekday
2025-11-12 17:00:00,34.29,33.98,55.93,Evening,Weekday
2025-11-12 18:00:00,38.33,34.7,66.62,Evening,Weekday
2025-11-12 19:00:00,34.11,81.17,40.95,Evening,Weekday
2025-11-12 20:00:00,33.44,65.08,84.24,Evening,Weekday
2025-11-12 21:00:00,27.89,55.82,79.44,Evening,Weekday
2025-11-12 22:00:00,20.03,37.39,49.77,Night,Weekday
2025-11-12 23:00:00,22.4,81.26,86.66,Night,Weekday
2025-11-13 00:00:00,30.69,52.47,55.79,Night,Weekday
2025-11-13 01:00:00,33.5,48.57,74.61,Night,Weekday
2025-11-13 02:00:00,28.35,75.66,80.95,Night,Weekday
2025-11-13 03:00:00,34.61,69.13,77.05,Night,Weekday
2025-11-13 04:00:00,30.44,55.37,85.88,Night,Weekday
2025-11-13 05:00:00,21.48,74.9,83.21,Night,Weekday
2025-11-13 06:00:00,23.84,48.99,89.73,Morning,Weekday
2025-11-13 07:00:00,36.8,85.64,49.13,Morning,Weekday
2025-11-13 08:00:00,34.5,46.05,55.24,Morning,Weekday
2025-11-13 09:00:00,37.9,41.12,71.81,Morning,Weekday
2025-11-13 10:00:00,22.35,84.77,76.65,Morning,Weekday
2025-11-13 11:00:00,39.8,79.55,66.73,Morning,Weekday
2025-11-13 12:00:00,24.19,42.78,43.7,Morning,Weekday
2025-11-13 13:00:00,20.24,38.14,82.08,Morning,Weekday
2025-11-13 14:00:00,39.95,88.69,88.04,Evening,Weekday
2025-11-13 15:00:00,25.62,84.36,60.28,Evening,Weekday
2025-11-13 16:00:00,33.36,52.91,51.24,Evening,Weekday
2025-11-13 17:00:00,23.53,76.07,40.97,Evening,Weekday
2025-11-13 18:00:00,31.6,38.69,51.86,Evening,Weekday
2025-11-13 19:00:00,38.08,65.49,75.0,Evening,Weekday
2025-11-13 20:00:00,26.4,31.31,85.58,Evening,Weekday
2025-11-13 21:00:00,33.41,57.41,44.68,Evening,Weekday
2025-11-13 22:00:00,23.76,35.24,67.66,Night,Weekday
2025-11-13 23:00:00,32.5,63.26,74.78,Night,Weekday
2025-11-14 00:00:00,26.73,59.52,53.82,Night,Weekday
2025-11-14 01:00:00,24.22,61.11,68.49,Night,Weekday
2025-11-14 02:00:00,26.26,33.17,75.76,Night,Weekday
2025-11-14 03:00:00,23.58,55.31,81.89,Night,Weekday
2025-11-14 04:00:00,38.04,82.95,62.62,Night,Weekday
2025-11-14 05:00:00,27.94,55.82,77.39,Night,Weekday
2025-11-14 06:00:00,24.91,80.06,55.09,Morning,Weekday
2025-11-14 07:00:00,28.97,55.86,50.65,Morning,Weekday
2025-11-14 08:00:00,26.41,59.63,49.37,Morning,Weekday
2025-11-14 09:00:00,34.89,69.47,57.94,Morning,Weekday
2025-11-14 10:00:00,39.42,96.55,41.79,Morning,Weekday
2025-11-14 11:00:00,28.76,37.62,54.15,Morning,Weekday
2025-11-14 12:00:00,37.22,32.3,72.61,Morning,Weekday
2025-11-14 13:00:00,31.32,72.56,72.4,Morning,Weekday
2025-11-14 14:00:00,23.14,96.44,43.68,Evening,Weekday
2025-11-14 15:00:00,33.81,99.28,54.37,Evening,Weekday
2025-11-14 16:00:00,30.27,63.89,68.48,Evening,Weekday
2025-11-14 17:00:00,33.01,62.77,55.93,Evening,Weekday
2025-11-14 18:00:00,37.79,75.15,60.9,Evening,Weekday
2025-11-14 19:00:00,28.81,68.89,75.64,Evening,Weekday
2025-11-14 20:00:00,38.02,74.39,40.46,Evening,Weekday
2025-11-14 21:00:00,35.01,91.18,53.82,Evening,Weekday
2025-11-14 22:00:00,29.77,82.24,47.12,Night,Weekday
2025-11-14 23:00:00,32.06,64.78,46.38,Night,Weekday
2025-11-15 00:00:00,26.51,62.33,87.95,Night,Weekend
2025-11-15 01:00:00,39.67,74.77,58.83,Night,Weekend
2025-11-15 02:00:00,33.35,61.9,66.35,Night,Weekend
2025-11-15 03:00:00,20.88,62.04,76.69,Night,Weekend
2025-11-15 04:00:00,26.53,31.14,42.37,Night,Weekend
2025-11-15 05:00:00,32.47,42.18,52.05,Night,Weekend
2025-11-15 06:00:00,21.13,64.2,81.61,Morning,Weekend
2025-11-15 07:00:00,20.48,87.59,83.1,Morning,Weekend
2025-11-15 08:00:00,29.0,49.51,58.65,Morning,Weekend
2025-11-15 09:00:00,26.65,66.59,58.74,Morning,Weekend
2025-11-15 10:00:00,28.77,54.15,77.84,Morning,Weekend
2025-11-15 11:00:00,25.25,37.34,54.75,Morning,Weekend
2025-11-15 12:00:00,23.29,97.08,45.85,Morning,Weekend
2025-11-15 13:00:00,33.78,89.83,52.88,Morning,Weekend
2025-11-15 14:00:00,30.29,35.49,59.37,Evening,Weekend
2025-11-15 15:00:00,24.0,80.39,42.61,Evening,Weekend
2025-11-15 16:00:00,26.39,54.33,63.93,Evening,Weekend
2025-11-15 17:00:00,31.84,99.64,77.0,Evening,Weekend
2025-11-15 18:00:00,21.44,51.17,65.69,Evening,Weekend
2025-11-15 19:00:00,22.95,46.71,43.59,Evening,Weekend
2025-11-15 20:00:00,21.46,69.75,62.01,Evening,Weekend
2025-11-15 21:00:00,36.25,88.46,75.45,Evening,Weekend
2025-11-15 22:00:00,35.05,43.48,42.9,Night,Weekend
2025-11-15 23:00:00,35.07,79.66,42.99,Night,Weekend
2025-11-16 00:00:00,34.33,34.3,58.53,Night,Weekend
2025-11-16 01:00:00,33.39,94.33,49.75,Night,Weekend
2025-11-16 02:00:00,29.54,35.68,86.74,Night,Weekend
2025-11-16 03:00:00,32.85,94.0,69.07,Night,Weekend
2025-11-16 04:00:00,20.77,64.36,54.37,Night,Weekend
2025-11-16 05:00:00,32.43,61.37,75.24,Night,Weekend
2025-11-16 06:00:00,35.56,98.13,58.75,Morning,Weekend
2025-11-16 07:00:00,30.01,99.33,46.61,Morning,Weekend
2025-11-16 08:00:00,27.15,75.51,51.86,Morning,Weekend
2025-11-16 09:00:00,25.55,38.9,72.14,Morning,Weekend
2025-11-16 10:00:00,32.86,65.43,42.59,Morning,Weekend
2025-11-16 11:00:00,33.86,67.04,53.63,Morning,Weekend
2025-11-16 12:00:00,37.42,66.01,50.42,Morning,Weekend
2025-11-16 13:00:00,26.85,69.86,50.06,Morning,Weekend
2025-11-16 14:00:00,35.4,31.31,74.14,Evening,Weekend
2025-11-16 15:00:00,31.23,79.79,81.29,Evening,Weekend
2025-11-16 16:00:00,37.66,79.87,75.79,Evening,Weekend
2025-11-16 17:00:00,30.56,38.08,72.29,Evening,Weekend
2025-11-16 18:00:00,30.35,69.92,85.82,Evening,Weekend
2025-11-16 19:00:00,31.56,69.79,42.92,Evening,Weekend
2025-11-16 20:00:00,34.99,77.77,48.37,Evening,Weekend
2025-11-16 21:00:00,39.29,35.98,60.72,Evening,Weekend
2025-11-16 22:00:00,21.47,73.86,58.62,Night,Weekend
2025-11-16 23:00:00,21.07,49.65,60.9,Night,Weekend
2025-11-17 00:00:00,38.75,65.49,50.32,Night,Weekday
2025-11-17 01:00:00,30.6,84.13,47.48,Night,Weekday
2025-11-17 02:00:00,32.3,79.4,65.46,Night,Weekday
2025-11-17 03:00:00,29.65,38.32,86.4,Night,Weekday
2025-11-17 04:00:00,21.87,71.38,59.6,Night,Weekday
2025-11-17 05:00:00,35.36,97.84,42.17,Night,Weekday
2025-11-17 06:00:00,34.94,40.97,75.31,Morning,Weekday
2025-11-17 07:00:00,26.23,89.7,54.56,Morning,Weekday
2025-11-17 08:00:00,26.12,79.18,52.25,Morning,Weekday
2025-11-17 09:00:00,36.76,84.18,56.21,Morning,Weekday
2025-11-17 10:00:00,21.45,49.74,76.19,Morning,Weekday
2025-11-17 11:00:00,37.62,50.15,80.94,Morning,Weekday
2025-11-17 12:00:00,25.13,93.42,69.4,Morning,Weekday
2025-11-17 13:00:00,31.86,55.19,56.12,Morning,Weekday
2025-11-17 14:00:00,38.72,34.41,55.52,Evening,Weekday
2025-11-17 15:00:00,33.56,72.04,46.22,Evening,Weekday
2025-11-17 16:00:00,28.29,38.74,86.67,Evening,Weekday
2025-11-17 17:00:00,33.79,85.76,71.91,Evening,Weekday
2025-11-17 18:00:00,26.88,74.92,41.35,Evening,Weekday
2025-11-17 19:00:00,25.55,91.23,73.12,Evening,Weekday
2025-11-17 20:00:00,39.93,84.94,62.36,Evening,Weekday
2025-11-17 21:00:00,35.02,37.85,88.63,Evening,Weekday
2025-11-17 22:00:00,32.89,56.67,80.95,Night,Weekday
2025-11-17 23:00:00,27.11,84.22,48.57,Night,Weekday
2025-11-18 00:00:00,20.98,59.21,76.01,Night,Weekday
2025-11-18 01:00:00,20.62,98.07,64.28,Night,Weekday
2025-11-18 02:00:00,31.08,81.5,49.35,Night,Weekday
2025-11-18 03:00:00,35.24,31.08,74.94,Night,Weekday
2025-11-18 04:00:00,30.75,91.6,67.37,Night,Weekday
2025-11-18 05:00:00,36.82,37.06,41.52,Night,Weekday
2025-11-18 06:00:00,20.67,39.84,72.33,Morning,Weekday
2025-11-18 07:00:00,27.34,81.41,71.75,Morning,Weekday
2025-11-18 08:00:00,24.74,90.55,47.2,Morning,Weekday
2025-11-18 09:00:00,28.95,67.54,57.45,Morning,Weekday
2025-11-18 10:00:00,21.45,50.23,69.29,Morning,Weekday
2025-11-18 11:00:00,39.08,54.59,46.94,Morning,Weekday
2025-11-18 12:00:00,24.47,54.0,82.64,Morning,Weekday
2025-11-18 13:00:00,38.45,52.87,41.37,Morning,Weekday
2025-11-18 14:00:00,28.52,47.0,45.14,Evening,Weekday
2025-11-18 15:00:00,39.71,72.62,45.81,Evening,Weekday
2025-11-18 16:00:00,31.08,93.03,66.41,Evening,Weekday
2025-11-18 17:00:00,38.62,51.5,71.01,Evening,Weekday
2025-11-18 18:00:00,20.11,43.07,60.19,Evening,Weekday
2025-11-18 19:00:00,34.96,88.7,54.43,Evening,Weekday
2025-11-18 20:00:00,38.06,81.92,80.47,Evening,Weekday
2025-11-18 21:00:00,22.79,95.16,43.41,Evening,Weekday
2025-11-18 22:00:00,21.92,41.59,54.01,Night,Weekday
2025-11-18 23:00:00,28.49,40.1,41.96,Night,Weekday
2025-11-19 00:00:00,38.67,67.9,40.69,Night,Weekday
2025-11-19 01:00:00,30.85,73.01,57.67,Night,Weekday
2025-11-19 02:00:00,30.55,63.61,49.74,Night,Weekday
2025-11-19 03:00:00,22.82,71.93,53.42,Night,Weekday
2025-11-19 04:00:00,20.02,42.63,81.05,Night,Weekday
2025-11-19 05:00:00,36.2,63.57,48.15,Night,Weekday
2025-11-19 06:00:00,21.75,76.07,79.01,Morning,Weekday
2025-11-19 07:00:00,32.68,60.29,73.75,Morning,Weekday
2025-11-19 08:00:00,38.29,77.56,56.32,Morning,Weekday
2025-11-19 09:00:00,24.17,61.58,67.33,Morning,Weekday
2025-11-19 10:00:00,33.31,53.35,62.22,Morning,Weekday
2025-11-19 11:00:00,21.57,51.25,46.42,Morning,Weekday
2025-11-19 12:00:00,32.08,58.76,85.36,Morning,Weekday
2025-11-19 13:00:00,23.28,31.62,68.48,Morning,Weekday
2025-11-19 14:00:00,34.72,76.8,84.01,Evening,Weekday
2025-11-19 15:00:00,26.02,89.16,81.19,Evening,Weekday
2025-11-19 16:00:00,29.27,54.82,43.99,Evening,Weekday
2025-11-19 17:00:00,31.99,33.22,50.36,Evening,Weekday
2025-11-19 18:00:00,23.43,99.07,47.26,Evening,Weekday
2025-11-19 19:00:00,34.83,48.46,81.54,Evening,Weekday
2025-11-19 20:00:00,26.05,38.86,83.12,Evening,Weekday
2025-11-19 21:00:00,33.25,55.88,66.4,Evening,Weekday
2025-11-19 22:00:00,23.17,81.7,45.21,Night,Weekday
2025-11-19 23:00:00,33.76,50.57,46.78,Night,Weekday
2025-11-20 00:00:00,22.56,70.23,80.68,Night,Weekday
2025-11-20 01:00:00,28.51,59.09,86.46,Night,Weekday
2025-11-20 02:00:00,24.94,38.24,49.97,Night,Weekday
2025-11-20 03:00:00,34.97,53.12,40.56,Night,Weekday
2025-11-20 04:00:00,25.24,80.74,56.55,Night,Weekday
2025-11-20 05:00:00,37.63,72.84,41.52,Night,Weekday
2025-11-20 06:00:00,37.84,38.38,81.4,Morning,Weekday
2025-11-20 07:00:00,23.93,41.43,64.58,Morning,Weekday
2025-11-20 08:00:00,32.28,74.85,72.09,Morning,Weekday
2025-11-20 09:00:00,21.75,86.94,60.57,Morning,Weekday
2025-11-20 10:00:00,27.83,54.46,57.28,Morning,Weekday
2025-11-20 11:00:00,34.27,71.67,51.11,Morning,Weekday
2025-11-20 12:00:00,33.19,41.95,78.53,Morning,Weekday
2025-11-20 13:00:00,32.49,51.8,74.78,Morning,Weekday
2025-11-20 14:00:00,25.65,31.42,58.04,Evening,Weekday
2025-11-20 15:00:00,27.56,83.78,56.06,Evening,Weekday
2025-11-20 16:00:00,22.06,58.07,40.06,Evening,Weekday
2025-11-20 17:00:00,34.38,87.13,43.18,Evening,Weekday
2025-11-20 18:00:00,30.08,79.59,71.16,Evening,Weekday
2025-11-20 19:00:00,34.18,88.01,65.73,Evening,Weekday
2025-11-20 20:00:00,24.98,50.0,61.74,Evening,Weekday
2025-11-20 21:00:00,26.49,42.96,81.38,Evening,Weekday
2025-11-20 22:00:00,26.68,98.03,65.19,Night,Weekday
2025-11-20 23:00:00,20.51,80.21,59.22,Night,Weekday
2025-11-21 00:00:00,26.82,88.38,48.06,Night,Weekday
2025-11-21 01:00:00,36.07,30.92,81.03,Night,Weekday
2025-11-21 02:00:00,37.95,54.81,68.81,Night,Weekday
2025-11-21 03:00:00,30.36,82.0,44.62,Night,Weekday
2025-11-21 04:00:00,29.11,35.46,72.44,Night,Weekday
2025-11-21 05:00:00,20.62,69.71,61.25,Night,Weekday
2025-11-21 06:00:00,37.58,60.04,80.57,Morning,Weekday
2025-11-21 07:00:00,20.26,31.23,85.95,Morning,Weekday
2025-11-21 08:00:00,38.9,46.52,70.02,Morning,Weekday
2025-11-21 09:00:00,29.78,49.94,76.58,Morning,Weekday
2025-11-21 10:00:00,26.84,37.83,42.83,Morning,Weekday
2025-11-21 11:00:00,38.48,74.21,68.01,Morning,Weekday
2025-11-21 12:00:00,20.49,46.97,77.77,Morning,Weekday
2025-11-21 13:00:00,31.63,49.43,64.84,Morning,Weekday
2025-11-21 14:00:00,30.98,92.88,69.68,Evening,Weekday
2025-11-21 15:00:00,24.39,62.7,84.95,Evening,Weekday
2025-11-21 16:00:00,28.58,57.45,49.9,Evening,Weekday
2025-11-21 17:00:00,33.05,80.67,44.91,Evening,Weekday
2025-11-21 18:00:00,34.54,93.67,74.53,Evening,Weekday
2025-11-21 19:00:00,20.01,31.75,81.14,Evening,Weekday
2025-11-21 20:00:00,38.74,61.38,82.52,Evening,Weekday
2025-11-21 21:00:00,23.29,72.75,72.08,Evening,Weekday
2025-11-21 22:00:00,24.67,52.3,81.66,Night,Weekday
2025-11-21 23:00:00,25.27,84.07,75.03,Night,Weekday
2025-11-22 00:00:00,20.76,98.0,44.37,Night,Weekend
2025-11-22 01:00:00,22.46,96.04,78.1,Night,Weekend
2025-11-22 02:00:00,39.73,48.62,48.97,Night,Weekend
2025-11-22 03:00:00,26.3,45.84,51.83,Night,Weekend
2025-11-22 04:00:00,22.31,97.02,59.73,Night,Weekend
2025-11-22 05:00:00,22.14,62.1,55.73,Night,Weekend
2025-11-22 06:00:00,34.39,44.58,56.08,Morning,Weekend
2025-11-22 07:00:00,37.09,79.49,48.46,Morning,Weekend
2025-11-22 08:00:00,25.14,49.91,54.69,Morning,Weekend
2025-11-22 09:00:00,20.42,48.71,40.98,Morning,Weekend
2025-11-22 10:00:00,24.46,91.55,63.65,Morning,Weekend
2025-11-22 11:00:00,21.13,41.37,78.43,Morning,Weekend
2025-11-22 12:00:00,22.07,34.51,83.11,Morning,Weekend
2025-11-22 13:00:00,28.63,48.84,81.02,Morning,Weekend
2025-11-22 14:00:00,24.6,72.49,60.82,Evening,Weekend
2025-11-22 15:00:00,30.32,38.62,76.52,Evening,Weekend
2025-11-22 16:00:00,25.07,63.01,54.39,Evening,Weekend
2025-11-22 17:00:00,38.81,73.91,42.78,Evening,Weekend
2025-11-22 18:00:00,38.12,89.41,73.8,Evening,Weekend
2025-11-22 19:00:00,31.34,46.09,72.44,Evening,Weekend
2025-11-22 20:00:00,27.09,87.21,80.08,Evening,Weekend
2025-11-22 21:00:00,27.62,46.44,70.81,Evening,Weekend
2025-11-22 22:00:00,28.24,77.37,47.84,Night,Weekend
2025-11-22 23:00:00,34.55,60.15,82.66,Night,Weekend
2025-11-23 00:00:00,29.03,38.03,71.36,Night,Weekend
2025-11-23 01:00:00,37.13,80.0,80.38,Night,Weekend
2025-11-23 02:00:00,38.88,45.24,78.71,Night,Weekend
2025-11-23 03:00:00,26.72,42.36,54.89,Night,Weekend
2025-11-23 04:00:00,31.21,55.08,43.73,Night,Weekend
2025-11-23 05:00:00,21.9,75.73,48.83,Night,Weekend
2025-11-23 06:00:00,24.01,46.38,44.64,Morning,Weekend
2025-11-23 07:00:00,28.27,42.86,52.17,Morning,Weekend
2025-11-23 08:00:00,24.12,30.7,62.98,Morning,Weekend
2025-11-23 09:00:00,37.53,63.02,85.34,Morning,Weekend
2025-11-23 10:00:00,23.17,60.01,83.6,Morning,Weekend
2025-11-23 11:00:00,29.11,46.37,75.93,Morning,Weekend
2025-11-23 12:00:00,32.11,33.76,41.21,Morning,Weekend
2025-11-23 13:00:00,33.84,60.05,57.07,Morning,Weekend
2025-11-23 14:00:00,27.66,85.17,74.12,Evening,Weekend
2025-11-23 15:00:00,37.38,80.07,46.45,Evening,Weekend
2025-11-23 16:00:00,31.37,90.26,80.05,Evening,Weekend
2025-11-23 17:00:00,28.79,30.67,85.73,Evening,Weekend
2025-11-23 18:00:00,21.34,97.65,57.71,Evening,Weekend
2025-11-23 19:00:00,29.29,53.9,75.29,Evening,Weekend
2025-11-23 20:00:00,36.41,99.33,47.41,Evening,Weekend
2025-11-23 21:00:00,32.29,47.68,74.54,Evening,Weekend
2025-11-23 22:00:00,36.64,63.01,41.07,Night,Weekend
2025-11-23 23:00:00,29.88,54.77,47.54,Night,Weekend
2025-11-24 00:00:00,22.37,54.9,75.49,Night,Weekday
2025-11-24 01:00:00,20.27,88.96,75.59,Night,Weekday
2025-11-24 02:00:00,26.06,82.25,72.06,Night,Weekday
2025-11-24 03:00:00,33.96,99.45,63.87,Night,Weekday
2025-11-24 04:00:00,35.81,72.95,73.75,Night,Weekday
2025-11-24 05:00:00,25.92,62.43,78.69,Night,Weekday
2025-11-24 06:00:00,29.91,36.31,88.32,Morning,Weekday
2025-11-24 07:00:00,28.42,99.76,84.43,Morning,Weekday
2025-11-24 08:00:00,28.21,68.61,79.73,Morning,Weekday
2025-11-24 09:00:00,24.63,79.03,74.74,Morning,Weekday
2025-11-24 10:00:00,22.73,58.47,68.71,Morning,Weekday
2025-11-24 11:00:00,23.93,68.34,46.03,Morning,Weekday
2025-11-24 12:00:00,21.11,95.98,48.28,Morning,Weekday
2025-11-24 13:00:00,23.96,41.65,81.01,Morning,Weekday
2025-11-24 14:00:00,20.18,50.47,80.17,Evening,Weekday
2025-11-24 15:00:00,32.55,40.64,70.72,Evening,Weekday
2025-11-24 16:00:00,26.33,85.46,61.94,Evening,Weekday
2025-11-24 17:00:00,39.46,34.34,41.3,Evening,Weekday
2025-11-24 18:00:00,23.87,35.71,56.36,Evening,Weekday
2025-11-24 19:00:00,26.92,50.89,61.03,Evening,Weekday
2025-11-24 20:00:00,27.16,65.99,64.29,Evening,Weekday
2025-11-24 21:00:00,20.17,58.44,86.47,Evening,Weekday
2025-11-24 22:00:00,36.78,33.14,45.44,Night,Weekday
2025-11-24 23:00:00,20.64,97.02,65.94,Night,Weekday
2025-11-25 00:00:00,38.8,96.7,58.4,Night,Weekday
2025-11-25 01:00:00,37.84,49.55,89.5,Night,Weekday
2025-11-25 02:00:00,30.71,81.21,83.09,Night,Weekday
2025-11-25 03:00:00,30.87,70.5,61.94,Night,Weekday
2025-11-25 04:00:00,33.08,46.62,89.98,Night,Weekday
2025-11-25 05:00:00,27.74,48.35,65.7,Night,Weekday
2025-11-25 06:00:00,32.94,64.38,48.36,Morning,Weekday
2025-11-25 07:00:00,20.9,59.35,67.79,Morning,Weekday
2025-11-25 08:00:00,21.08,50.39,51.31,Morning,Weekday
2025-11-25 09:00:00,29.14,86.53,71.82,Morning,Weekday
2025-11-25 10:00:00,30.99,63.7,86.87,Morning,Weekday
2025-11-25 11:00:00,37.76,75.84,79.31,Morning,Weekday
2025-11-25 12:00:00,22.09,43.25,53.66,Morning,Weekday
2025-11-25 13:00:00,36.45,67.35,54.84,Morning,Weekday
2025-11-25 14:00:00,24.2,52.26,43.46,Evening,Weekday
2025-11-25 15:00:00,27.88,66.85,54.29,Evening,Weekday
2025-11-25 16:00:00,26.33,84.66,44.63,Evening,Weekday
2025-11-25 17:00:00,28.0,83.82,64.97,Evening,Weekday
2025-11-25 18:00:00,23.01,54.8,75.42,Evening,Weekday
2025-11-25 19:00:00,30.07,78.6,77.56,Evening,Weekday
2025-11-25 20:00:00,36.03,95.89,42.98,Evening,Weekday
2025-11-25 21:00:00,28.83,73.8,57.0,Evening,Weekday
2025-11-25 22:00:00,29.81,40.39,54.41,Night,Weekday
2025-11-25 23:00:00,36.98,77.58,45.22,Night,Weekday
2025-11-26 00:00:00,34.12,37.34,58.12,Night,Weekday
2025-11-26 01:00:00,29.81,91.05,54.97,Night,Weekday
2025-11-26 02:00:00,25.15,66.17,71.72,Night,Weekday
2025-11-26 03:00:00,37.7,56.96,84.17,Night,Weekday
2025-11-26 04:00:00,31.54,33.99,62.74,Night,Weekday
2025-11-26 05:00:00,24.42,56.65,77.33,Night,Weekday
2025-11-26 06:00:00,25.38,93.22,47.3,Morning,Weekday
2025-11-26 07:00:00,36.06,31.47,84.75,Morning,Weekday
2025-11-26 08:00:00,20.88,63.23,47.63,Morning,Weekday
2025-11-26 09:00:00,39.84,95.18,49.61,Morning,Weekday
2025-11-26 10:00:00,22.61,57.64,45.32,Morning,Weekday
2025-11-26 11:00:00,35.92,59.97,55.48,Morning,Weekday
2025-11-26 12:00:00,27.9,70.5,67.62,Morning,Weekday
2025-11-26 13:00:00,29.84,62.41,89.4,Morning,Weekday
2025-11-26 14:00:00,37.61,41.8,79.67,Evening,Weekday
2025-11-26 15:00:00,28.26,31.3,59.02,Evening,Weekday
2025-11-26 16:00:00,30.75,72.69,68.79,Evening,Weekday
2025-11-26 17:00:00,20.99,94.46,71.17,Evening,Weekday
2025-11-26 18:00:00,20.05,37.45,81.14,Evening,Weekday
2025-11-26 19:00:00,24.9,44.77,76.82,Evening,Weekday
2025-11-26 20:00:00,33.61,55.92,68.46,Evening,Weekday
2025-11-26 21:00:00,22.43,86.61,73.46,Evening,Weekday
2025-11-26 22:00:00,22.28,48.85,77.3,Night,Weekday
2025-11-26 23:00:00,28.22,91.74,46.66,Night,Weekday
2025-11-27 00:00:00,32.96,33.85,50.02,Night,Weekday
2025-11-27 01:00:00,34.24,95.87,74.43,Night,Weekday
2025-11-27 02:00:00,23.57,69.25,82.52,Night,Weekday
2025-11-27 03:00:00,21.59,76.11,60.46,Night,Weekday
2025-11-27 04:00:00,38.81,55.74,88.99,Night,Weekday
2025-11-27 05:00:00,25.21,84.74,50.8,Night,Weekday
2025-11-27 06:00:00,37.07,41.66,60.83,Morning,Weekday
2025-11-27 07:00:00,37.27,33.42,58.93,Morning,Weekday
2025-11-27 08:00:00,35.45,57.69,86.51,Morning,Weekday
2025-11-27 09:00:00,23.38,89.76,54.27,Morning,Weekday
2025-11-27 10:00:00,36.44,82.84,63.54,Morning,Weekday
2025-11-27 11:00:00,35.39,66.2,49.36,Morning,Weekday
2025-11-27 12:00:00,31.93,70.05,66.06,Morning,Weekday
2025-11-27 13:00:00,26.74,39.09,82.87,Morning,Weekday
2025-11-27 14:00:00,25.25,88.85,55.2,Evening,Weekday
2025-11-27 15:00:00,22.44,85.09,80.54,Evening,Weekday
2025-11-27 16:00:00,30.2,75.95,85.57,Evening,Weekday
2025-11-27 17:00:00,31.71,62.63,43.65,Evening,Weekday
2025-11-27 18:00:00,27.19,97.51,77.82,Evening,Weekday
2025-11-27 19:00:00,29.51,91.53,52.77,Evening,Weekday
2025-11-27 20:00:00,27.27,75.11,48.77,Evening,Weekday
2025-11-27 21:00:00,32.82,56.03,70.06,Evening,Weekday
2025-11-27 22:00:00,38.03,73.26,75.28,Night,Weekday
2025-11-27 23:00:00,23.28,70.28,59.74,Night,Weekday
2025-11-28 00:00:00,27.63,57.6,41.96,Night,Weekday
2025-11-28 01:00:00,22.82,51.47,85.44,Night,Weekday
2025-11-28 02:00:00,32.5,58.49,76.54,Night,Weekday
2025-11-28 03:00:00,34.58,70.17,53.58,Night,Weekday
2025-11-28 04:00:00,38.64,59.97,64.84,Night,Weekday
2025-11-28 05:00:00,25.58,48.45,41.39,Night,Weekday
2025-11-28 06:00:00,39.0,83.27,56.96,Morning,Weekday
2025-11-28 07:00:00,21.27,67.2,66.13,Morning,Weekday
2025-11-28 08:00:00,32.06,34.74,65.86,Morning,Weekday
2025-11-28 09:00:00,21.14,55.78,50.41,Morning,Weekday
2025-11-28 10:00:00,37.88,91.94,78.84,Morning,Weekday
2025-11-28 11:00:00,30.6,82.87,54.94,Morning,Weekday
2025-11-28 12:00:00,33.39,52.63,69.02,Morning,Weekday
2025-11-28 13:00:00,36.63,95.67,53.58,Morning,Weekday
2025-11-28 14:00:00,23.01,35.36,61.26,Evening,Weekday
2025-11-28 15:00:00,20.77,97.29,50.38,Evening,Weekday
2025-11-28 16:00:00,37.58,47.2,71.65,Evening,Weekday
2025-11-28 17:00:00,26.3,30.64,61.28,Evening,Weekday
2025-11-28 18:00:00,22.58,60.37,40.81,Evening,Weekday
2025-11-28 19:00:00,29.37,55.13,41.41,Evening,Weekday
2025-11-28 20:00:00,31.97,67.74,63.56,Evening,Weekday
2025-11-28 21:00:00,20.62,85.77,49.16,Evening,Weekday
2025-11-28 22:00:00,25.5,88.97,69.25,Night,Weekday
2025-11-28 23:00:00,20.66,58.09,60.41,Night,Weekday
2025-11-29 00:00:00,28.41,60.09,72.72,Night,Weekend
2025-11-29 01:00:00,37.9,40.37,87.62,Night,Weekend
2025-11-29 02:00:00,39.65,33.33,66.44,Night,Weekend
2025-11-29 03:00:00,32.74,74.89,79.37,Night,Weekend
2025-11-29 04:00:00,23.23,34.51,77.65,Night,Weekend
2025-11-29 05:00:00,38.12,81.37,86.09,Night,Weekend
2025-11-29 06:00:00,30.32,67.74,50.7,Morning,Weekend
2025-11-29 07:00:00,23.07,43.9,81.37,Morning,Weekend
2025-11-29 08:00:00,38.43,67.77,85.28,Morning,Weekend
2025-11-29 09:00:00,35.15,42.81,59.64,Morning,Weekend
2025-11-29 10:00:00,34.63,60.71,55.69,Morning,Weekend
2025-11-29 11:00:00,34.18,85.97,87.6,Morning,Weekend
2025-11-29 12:00:00,24.01,62.33,71.38,Morning,Weekend
2025-11-29 13:00:00,24.22,40.41,59.03,Morning,Weekend
2025-11-29 14:00:00,33.77,80.67,79.59,Evening,Weekend
2025-11-29 15:00:00,24.39,43.07,55.22,Evening,Weekend
2025-11-29 16:00:00,28.77,81.7,48.82,Evening,Weekend
2025-11-29 17:00:00,35.64,63.55,67.2,Evening,Weekend
2025-11-29 18:00:00,35.68,61.76,68.31,Evening,Weekend
2025-11-29 19:00:00,29.07,89.6,81.29,Evening,Weekend
2025-11-29 20:00:00,35.84,79.6,62.85,Evening,Weekend
2025-11-29 21:00:00,36.77,32.3,80.73,Evening,Weekend
2025-11-29 22:00:00,33.1,50.73,55.57,Night,Weekend
2025-11-29 23:00:00,24.57,90.96,68.77,Night,Weekend
2025-11-30 00:00:00,25.48,31.28,50.42,Night,Weekend
2025-11-30 01:00:00,26.3,68.17,59.27,Night,Weekend
2025-11-30 02:00:00,22.34,80.95,82.88,Night,Weekend
2025-11-30 03:00:00,25.46,73.53,50.8,Night,Weekend
2025-11-30 04:00:00,24.19,83.24,80.51,Night,Weekend
2025-11-30 05:00:00,29.11,80.8,54.14,Night,Weekend
2025-11-30 06:00:00,38.17,78.44,41.72,Morning,Weekend
2025-11-30 07:00:00,22.09,87.51,45.5,Morning,Weekend
2025-11-30 08:00:00,34.41,75.2,77.29,Morning,Weekend
2025-11-30 09:00:00,33.75,58.17,53.1,Morning,Weekend
2025-11-30 10:00:00,21.92,63.03,72.71,Morning,Weekend
2025-11-30 11:00:00,38.45,80.17,74.96,Morning,Weekend
2025-11-30 12:00:00,31.37,91.34,57.26,Morning,Weekend
2025-11-30 13:00:00,27.27,49.06,63.75,Morning,Weekend
2025-11-30 14:00:00,35.13,53.95,60.19,Evening,Weekend
2025-11-30 15:00:00,25.15,95.15,87.37,Evening,Weekend
2025-11-30 16:00:00,33.87,70.5,56.0,Evening,Weekend
2025-11-30 17:00:00,20.79,42.53,49.17,Evening,Weekend
2025-11-30 18:00:00,36.79,76.46,58.28,Evening,Weekend
2025-11-30 19:00:00,28.96,99.35,73.48,Evening,Weekend
2025-11-30 20:00:00,32.73,87.64,74.87,Evening,Weekend
2025-11-30 21:00:00,24.42,82.2,86.2,Evening,Weekend
2025-11-30 22:00:00,33.54,44.56,84.09,Night,Weekend
2025-11-30 23:00:00,35.44,91.33,54.42,Night,Weekend
2025-12-01 00:00:00,29.46,66.81,62.76,Night,Weekday
2025-12-01 01:00:00,32.35,92.25,77.36,Night,Weekday
2025-12-01 02:00:00,29.13,53.09,85.83,Night,Weekday
2025-12-01 03:00:00,37.88,34.34,56.86,Night,Weekday
2025-12-01 04:00:00,29.96,63.32,62.22,Night,Weekday
2025-12-01 05:00:00,36.84,48.89,84.97,Night,Weekday
2025-12-01 06:00:00,36.03,80.07,57.92,Morning,Weekday
2025-12-01 07:00:00,28.21,97.0,64.03,Morning,Weekday
2025-12-01 08:00:00,24.6,78.37,85.23,Morning,Weekday
2025-12-01 09:00:00,28.12,92.09,80.11,Morning,Weekday
2025-12-01 10:00:00,36.52,61.71,52.17,Morning,Weekday
2025-12-01 11:00:00,24.55,84.01,56.24,Morning,Weekday
2025-12-01 12:00:00,30.49,89.01,57.65,Morning,Weekday
2025-12-01 13:00:00,36.12,79.76,85.64,Morning,Weekday
2025-12-01 14:00:00,27.07,65.54,89.95,Evening,Weekday
2025-12-01 15:00:00,32.84,73.81,78.7,Evening,Weekday
2025-12-01 16:00:00,24.91,79.04,64.22,Evening,Weekday
2025-12-01 17:00:00,22.19,47.72,40.51,Evening,Weekday
2025-12-01 18:00:00,35.89,86.67,74.87,Evening,Weekday
2025-12-01 19:00:00,21.98,96.52,59.47,Evening,Weekday
2025-12-01 20:00:00,25.43,62.57,71.65,Evening,Weekday
2025-12-01 21:00:00,37.1,79.07,70.33,Evening,Weekday
2025-12-01 22:00:00,26.93,81.59,64.04,Night,Weekday
2025-12-01 23:00:00,39.46,76.36,87.22,Night,Weekday
2025-12-02 00:00:00,39.59,68.3,41.16,Night,Weekday
2025-12-02 01:00:00,25.37,91.72,75.61,Night,Weekday
2025-12-02 02:00:00,20.82,61.42,60.49,Night,Weekday
2025-12-02 03:00:00,34.1,34.28,75.69,Night,Weekday
2025-12-02 04:00:00,29.02,89.12,73.76,Night,Weekday
2025-12-02 05:00:00,22.02,77.18,40.51,Night,Weekday
2025-12-02 06:00:00,34.15,89.45,54.27,Morning,Weekday
2025-12-02 07:00:00,20.62,39.7,49.45,Morning,Weekday
2025-12-02 08:00:00,37.4,32.15,48.35,Morning,Weekday
2025-12-02 09:00:00,22.77,95.41,76.42,Morning,Weekday
2025-12-02 10:00:00,22.55,40.34,51.98,Morning,Weekday
2025-12-02 11:00:00,23.51,86.68,63.74,Morning,Weekday
2025-12-02 12:00:00,39.21,87.62,52.35,Morning,Weekday
2025-12-02 13:00:00,33.86,79.61,69.01,Morning,Weekday
2025-12-02 14:00:00,36.03,39.19,76.03,Evening,Weekday
2025-12-02 15:00:00,27.95,76.72,56.55,Evening,Weekday
2025-12-02 16:00:00,26.73,92.24,70.15,Evening,Weekday
2025-12-02 17:00:00,24.69,59.79,81.24,Evening,Weekday
2025-12-02 18:00:00,29.61,58.95,44.71,Evening,Weekday
2025-12-02 19:00:00,31.04,61.0,75.53,Evening,Weekday
2025-12-02 20:00:00,32.64,35.76,56.16,Evening,Weekday
2025-12-02 21:00:00,25.14,92.44,46.13,Evening,Weekday
2025-12-02 22:00:00,38.97,90.84,67.28,Night,Weekday
2025-12-02 23:00:00,23.4,99.85,51.31,Night,Weekday
2025-12-03 00:00:00,39.31,70.96,81.07,Night,Weekday
2025-12-03 01:00:00,20.3,82.58,42.14,Night,Weekday
2025-12-03 02:00:00,29.62,44.19,44.93,Night,Weekday
2025-12-03 03:00:00,26.67,76.73,66.05,Night,Weekday
2025-12-03 04:00:00,28.98,75.48,69.45,Night,Weekday
2025-12-03 05:00:00,31.41,93.08,76.49,Night,Weekday
2025-12-03 06:00:00,28.71,88.16,52.96,Morning,Weekday
2025-12-03 07:00:00,28.3,95.69,82.09,Morning,Weekday
2025-12-03 08:00:00,34.65,90.82,87.66,Morning,Weekday
2025-12-03 09:00:00,33.72,90.81,64.95,Morning,Weekday
2025-12-03 10:00:00,36.67,34.46,78.03,Morning,Weekday
2025-12-03 11:00:00,25.0,89.22,66.24,Morning,Weekday
2025-12-03 12:00:00,32.19,72.52,43.47,Morning,Weekday
2025-12-03 13:00:00,31.7,56.63,56.31,Morning,Weekday
2025-12-03 14:00:00,27.39,33.96,44.37,Evening,Weekday
2025-12-03 15:00:00,29.72,77.44,89.44,Evening,Weekday
2025-12-03 16:00:00,26.28,52.97,51.45,Evening,Weekday
2025-12-03 17:00:00,22.84,62.74,71.8,Evening,Weekday
2025-12-03 18:00:00,24.28,77.72,54.22,Evening,Weekday
2025-12-03 19:00:00,22.11,93.82,72.66,Evening,Weekday
2025-12-03 20:00:00,33.66,87.78,50.52,Evening,Weekday
2025-12-03 21:00:00,33.21,61.54,79.26,Evening,Weekday
2025-12-03 22:00:00,39.01,57.14,45.54,Night,Weekday
2025-12-03 23:00:00,34.59,46.78,84.76,Night,Weekday
2025-12-04 00:00:00,21.04,56.07,82.02,Night,Weekday
2025-12-04 01:00:00,37.68,37.77,73.94,Night,Weekday
2025-12-04 02:00:00,37.25,97.98,43.37,Night,Weekday
2025-12-04 03:00:00,28.87,70.17,50.43,Night,Weekday
2025-12-04 04:00:00,31.72,38.95,82.97,Night,Weekday
2025-12-04 05:00:00,39.52,54.7,46.1,Night,Weekday
2025-12-04 06:00:00,30.65,68.29,47.8,Morning,Weekday
2025-12-04 07:00:00,38.11,67.3,67.2,Morning,Weekday
2025-12-04 08:00:00,21.66,32.49,53.71,Morning,Weekday
2025-12-04 09:00:00,23.82,96.56,51.1,Morning,Weekday
2025-12-04 10:00:00,28.82,49.28,68.79,Morning,Weekday
2025-12-04 11:00:00,31.7,31.13,58.63,Morning,Weekday
2025-12-04 12:00:00,36.32,35.35,47.03,Morning,Weekday
2025-12-04 13:00:00,39.77,70.61,66.74,Morning,Weekday
2025-12-04 14:00:00,27.78,39.64,59.35,Evening,Weekday
2025-12-04 15:00:00,20.95,32.92,76.73,Evening,Weekday
2025-12-04 16:00:00,36.02,56.57,45.14,Evening,Weekday
2025-12-04 17:00:00,32.09,73.59,71.03,Evening,Weekday
2025-12-04 18:00:00,23.97,37.83,61.82,Evening,Weekday
2025-12-04 19:00:00,29.9,51.93,60.3,Evening,Weekday
2025-12-04 20:00:00,34.85,59.24,51.61,Evening,Weekday
2025-12-04 21:00:00,35.41,41.16,41.52,Evening,Weekday
2025-12-04 22:00:00,29.99,65.43,82.38,Night,Weekday
2025-12-04 23:00:00,26.1,35.96,56.32,Night,Weekday
2025-12-05 00:00:00,39.47,33.26,74.05,Night,Weekday
2025-12-05 01:00:00,33.27,66.39,87.38,Night,Weekday
2025-12-05 02:00:00,28.16,47.35,68.25,Night,Weekday
2025-12-05 03:00:00,25.61,36.68,59.86,Night,Weekday
2025-12-05 04:00:00,34.62,59.67,53.41,Night,Weekday
2025-12-05 05:00:00,24.84,94.06,86.7,Night,Weekday
2025-12-05 06:00:00,23.43,80.69,74.1,Morning,Weekday
2025-12-05 07:00:00,30.6,87.09,73.26,Morning,Weekday
2025-12-05 08:00:00,25.8,91.03,61.31,Morning,Weekday
2025-12-05 09:00:00,32.58,98.08,82.25,Morning,Weekday
2025-12-05 10:00:00,22.36,83.43,75.68,Morning,Weekday
2025-12-05 11:00:00,33.1,72.59,54.16,Morning,Weekday
2025-12-05 12:00:00,25.67,55.58,69.98,Morning,Weekday
2025-12-05 13:00:00,20.0,42.72,61.51,Morning,Weekday
2025-12-05 14:00:00,22.54,78.07,40.33,Evening,Weekday
2025-12-05 15:00:00,38.67,99.65,80.38,Evening,Weekday
2025-12-05 16:00:00,37.35,62.72,46.14,Evening,Weekday
2025-12-05 17:00:00,24.67,80.66,65.5,Evening,Weekday
2025-12-05 18:00:00,35.57,64.66,56.81,Evening,Weekday
2025-12-05 19:00:00,32.17,60.24,57.1,Evening,Weekday
2025-12-05 20:00:00,39.42,58.72,63.87,Evening,Weekday
2025-12-05 21:00:00,27.47,65.32,89.85,Evening,Weekday
2025-12-05 22:00:00,33.63,55.68,60.42,Night,Weekday
2025-12-05 23:00:00,21.27,82.41,49.12,Night,Weekday
2025-12-06 00:00:00,27.92,91.2,70.68,Night,Weekend
2025-12-06 01:00:00,39.28,91.8,51.81,Night,Weekend
2025-12-06 02:00:00,30.78,45.94,45.28,Night,Weekend
2025-12-06 03:00:00,25.76,92.71,42.51,Night,Weekend
2025-12-06 04:00:00,22.41,53.91,41.14,Night,Weekend
2025-12-06 05:00:00,34.07,51.65,61.56,Night,Weekend
2025-12-06 06:00:00,32.9,80.87,61.34,Morning,Weekend
2025-12-06 07:00:00,27.48,51.33,49.28,Morning,Weekend
2025-12-06 08:00:00,39.02,33.71,79.2,Morning,Weekend
2025-12-06 09:00:00,20.44,56.15,46.46,Morning,Weekend
2025-12-06 10:00:00,26.07,80.5,85.77,Morning,Weekend
2025-12-06 11:00:00,38.42,52.89,69.38,Morning,Weekend
2025-12-06 12:00:00,26.42,74.07,41.38,Morning,Weekend
2025-12-06 13:00:00,25.05,76.21,88.15,Morning,Weekend
2025-12-06 14:00:00,30.68,81.36,55.4,Evening,Weekend
2025-12-06 15:00:00,36.48,92.8,62.5,Evening,Weekend
2025-12-06 16:00:00,22.06,60.28,54.21,Evening,Weekend
2025-12-06 17:00:00,38.86,41.65,76.42,Evening,Weekend
2025-12-06 18:00:00,35.9,52.32,64.28,Evening,Weekend
2025-12-06 19:00:00,23.63,60.25,46.62,Evening,Weekend
2025-12-06 20:00:00,34.24,79.97,45.21,Evening,Weekend
2025-12-06 21:00:00,27.7,30.92,76.27,Evening,Weekend
2025-12-06 22:00:00,28.05,52.1,51.85,Night,Weekend
2025-12-06 23:00:00,35.67,84.59,46.89,Night,Weekend
2025-12-07 00:00:00,39.26,76.96,64.97,Night,Weekend
2025-12-07 01:00:00,22.53,81.22,80.14,Night,Weekend
2025-12-07 02:00:00,28.41,86.83,53.94,Night,Weekend
2025-12-07 03:00:00,29.62,84.83,53.82,Night,Weekend
2025-12-07 04:00:00,27.53,77.75,81.69,Night,Weekend
2025-12-07 05:00:00,27.26,60.78,47.39,Night,Weekend
2025-12-07 06:00:00,21.05,98.85,70.84,Morning,Weekend
2025-12-07 07:00:00,33.71,69.84,87.75,Morning,Weekend
2025-12-07 08:00:00,28.72,44.19,82.07,Morning,Weekend
2025-12-07 09:00:00,23.9,50.5,43.09,Morning,Weekend
2025-12-07 10:00:00,36.32,78.55,56.0,Morning,Weekend
2025-12-07 11:00:00,36.05,94.73,47.12,Morning,Weekend
2025-12-07 12:00:00,29.73,42.51,87.46,Morning,Weekend
2025-12-07 13:00:00,25.97,35.76,89.3,Morning,Weekend
2025-12-07 14:00:00,32.76,91.71,51.75,Evening,Weekend
2025-12-07 15:00:00,25.76,94.07,73.48,Evening,Weekend
2025-12-07 16:00:00,24.72,49.35,82.08,Evening,Weekend
2025-12-07 17:00:00,34.61,56.41,51.68,Evening,Weekend
2025-12-07 18:00:00,20.81,76.21,49.38,Evening,Weekend
2025-12-07 19:00:00,21.9,53.1,40.56,Evening,Weekend
2025-12-07 20:00:00,20.14,91.4,60.6,Evening,Weekend
2025-12-07 21:00:00,23.06,37.53,84.97,Evening,Weekend
2025-12-07 22:00:00,21.38,32.66,85.15,Night,Weekend
2025-12-07 23:00:00,39.92,44.59,46.39,Night,Weekend
2025-12-08 00:00:00,25.78,50.03,50.22,Night,Weekday
2025-12-08 01:00:00,22.99,37.9,60.4,Night,Weekday
2025-12-08 02:00:00,24.82,34.6,79.03,Night,Weekday
2025-12-08 03:00:00,38.72,82.89,70.59,Night,Weekday
2025-12-08 04:00:00,30.4,41.5,65.69,Night,Weekday
2025-12-08 05:00:00,27.3,93.97,69.6,Night,Weekday
2025-12-08 06:00:00,37.47,55.76,44.81,Morning,Weekday
2025-12-08 07:00:00,27.9,76.94,63.88,Morning,Weekday
2025-12-08 08:00:00,26.7,45.78,89.6,Morning,Weekday
2025-12-08 09:00:00,24.15,46.82,44.42,Morning,Weekday
2025-12-08 10:00:00,27.56,70.23,65.96,Morning,Weekday
2025-12-08 11:00:00,26.33,69.25,54.78,Morning,Weekday
2025-12-08 12:00:00,33.55,83.81,67.0,Morning,Weekday
2025-12-08 13:00:00,25.79,83.05,68.69,Morning,Weekday
2025-12-08 14:00:00,31.54,76.95,68.87,Evening,Weekday
2025-12-08 15:00:00,21.32,61.44,82.61,Evening,Weekday
2025-12-08 16:00:00,23.83,92.34,59.49,Evening,Weekday
2025-12-08 17:00:00,28.15,73.58,65.82,Evening,Weekday
2025-12-08 18:00:00,38.74,99.31,40.55,Evening,Weekday
2025-12-08 19:00:00,27.55,87.36,79.48,Evening,Weekday
2025-12-08 20:00:00,33.28,33.1,52.97,Evening,Weekday
2025-12-08 21:00:00,25.1,52.44,80.83,Evening,Weekday
2025-12-08 22:00:00,22.54,70.03,53.28,Night,Weekday
2025-12-08 23:00:00,21.17,80.5,40.54,Night,Weekday
2025-12-09 00:00:00,26.11,68.52,47.74,Night,Weekday
2025-12-09 01:00:00,23.15,85.03,89.28,Night,Weekday
2025-12-09 02:00:00,23.48,49.79,55.99,Night,Weekday
2025-12-09 03:00:00,35.22,42.87,45.44,Night,Weekday
2025-12-09 04:00:00,20.32,33.77,45.94,Night,Weekday
2025-12-09 05:00:00,31.16,70.13,55.52,Night,Weekday
2025-12-09 06:00:00,27.59,78.2,41.88,Morning,Weekday
2025-12-09 07:00:00,30.13,52.83,65.57,Morning,Weekday
2025-12-09 08:00:00,31.26,72.95,50.69,Morning,Weekday
2025-12-09 09:00:00,26.27,33.65,65.97,Morning,Weekday
2025-12-09 10:00:00,25.9,36.95,47.04,Morning,Weekday
2025-12-09 11:00:00,34.67,79.12,61.49,Morning,Weekday
2025-12-09 12:00:00,37.43,55.76,69.9,Morning,Weekday
2025-12-09 13:00:00,23.85,76.99,43.1,Morning,Weekday
2025-12-09 14:00:00,21.95,88.22,59.94,Evening,Weekday
2025-12-09 15:00:00,37.96,89.68,55.13,Evening,Weekday
2025-12-09 16:00:00,27.0,42.05,52.02,Evening,Weekday
2025-12-09 17:00:00,31.03,64.04,70.23,Evening,Weekday
2025-12-09 18:00:00,27.19,81.37,69.43,Evening,Weekday
2025-12-09 19:00:00,22.52,84.18,71.53,Evening,Weekday
2025-12-09 20:00:00,31.79,84.93,47.94,Evening,Weekday
2025-12-09 21:00:00,30.5,45.97,54.29,Evening,Weekday
2025-12-09 22:00:00,24.06,43.48,50.48,Night,Weekday
2025-12-09 23:00:00,29.04,71.3,67.03,Night,Weekday
2025-12-10 00:00:00,35.94,81.88,63.05,Night,Weekday
2025-12-10 01:00:00,31.81,52.34,56.51,Night,Weekday
2025-12-10 02:00:00,21.94,37.33,79.3,Night,Weekday
2025-12-10 03:00:00,30.96,80.17,44.7,Night,Weekday
2025-12-10 04:00:00,34.05,50.98,88.74,Night,Weekday
2025-12-10 05:00:00,35.85,41.65,45.83,Night,Weekday
2025-12-10 06:00:00,32.58,40.34,78.65,Morning,Weekday
2025-12-10 07:00:00,23.05,52.04,58.41,Morning,Weekday
2025-12-10 08:00:00,34.2,71.49,83.26,Morning,Weekday
2025-12-10 09:00:00,33.55,55.09,43.71,Morning,Weekday
2025-12-10 10:00:00,20.49,31.45,58.74,Morning,Weekday
2025-12-10 11:00:00,28.23,36.78,56.77,Morning,Weekday
2025-12-10 12:00:00,26.66,50.34,89.66,Morning,Weekday
2025-12-10 13:00:00,33.39,76.18,89.28,Morning,Weekday
2025-12-10 14:00:00,24.32,36.9,49.49,Evening,Weekday
2025-12-10 15:00:00,31.82,69.25,71.5,Evening,Weekday
2025-12-10 16:00:00,38.26,38.39,66.78,Evening,Weekday
2025-12-10 17:00:00,35.96,44.81,47.72,Evening,Weekday
2025-12-10 18:00:00,38.43,42.05,48.39,Evening,Weekday
2025-12-10 19:00:00,39.57,34.71,89.46,Evening,Weekday
2025-12-10 20:00:00,20.21,76.99,62.64,Evening,Weekday
2025-12-10 21:00:00,32.45,62.44,46.29,Evening,Weekday
2025-12-10 22:00:00,28.26,88.17,50.74,Night,Weekday
2025-12-10 23:00:00,37.2,36.92,53.42,Night,Weekday
2025-12-11 00:00:00,25.04,40.13,65.55,Night,Weekday
2025-12-11 01:00:00,39.62,51.45,56.78,Night,Weekday
2025-12-11 02:00:00,32.27,83.61,62.75,Night,Weekday
2025-12-11 03:00:00,35.87,51.4,48.32,Night,Weekday
2025-12-11 04:00:00,21.71,58.59,56.34,Night,Weekday
2025-12-11 05:00:00,23.67,51.11,43.52,Night,Weekday
2025-12-11 06:00:00,35.17,35.62,84.49,Morning,Weekday
2025-12-11 07:00:00,20.44,95.76,49.94,Morning,Weekday
2025-12-11 08:00:00,36.34,68.4,77.85,Morning,Weekday
2025-12-11 09:00:00,20.28,85.15,57.48,Morning,Weekday
2025-12-11 10:00:00,33.14,76.08,63.72,Morning,Weekday
2025-12-11 11:00:00,27.3,66.0,54.56,Morning,Weekday
2025-12-11 12:00:00,32.23,36.28,74.82,Morning,Weekday
2025-12-11 13:00:00,33.92,74.99,82.23,Morning,Weekday
2025-12-11 14:00:00,26.85,40.88,54.31,Evening,Weekday
2025-12-11 15:00:00,22.16,59.01,52.11,Evening,Weekday
2025-12-11 16:00:00,21.39,74.04,74.07,Evening,Weekday
2025-12-11 17:00:00,31.78,84.76,49.76,Evening,Weekday
2025-12-11 18:00:00,30.41,77.95,71.99,Evening,Weekday
2025-12-11 19:00:00,34.84,77.01,44.72,Evening,Weekday
2025-12-11 20:00:00,30.19,40.43,71.01,Evening,Weekday
2025-12-11 21:00:00,28.45,54.23,65.67,Evening,Weekday
2025-12-11 22:00:00,27.96,33.0,45.7,Night,Weekday
2025-12-11 23:00:00,20.53,80.36,72.46,Night,Weekday
2025-12-12 00:00:00,26.71,96.68,62.33,Night,Weekday
2025-12-12 01:00:00,39.52,48.49,50.86,Night,Weekday
2025-12-12 02:00:00,37.47,36.14,57.67,Night,Weekday
2025-12-12 03:00:00,26.59,63.29,64.61,Night,Weekday
2025-12-12 04:00:00,31.76,89.97,44.58,Night,Weekday
2025-12-12 05:00:00,36.95,68.64,87.88,Night,Weekday
2025-12-12 06:00:00,28.83,33.27,73.28,Morning,Weekday
2025-12-12 07:00:00,20.36,98.2,45.13,Morning,Weekday
2025-12-12 08:00:00,21.49,88.01,81.14,Morning,Weekday
2025-12-12 09:00:00,30.21,39.21,56.13,Morning,Weekday
2025-12-12 10:00:00,39.39,94.53,69.84,Morning,Weekday
2025-12-12 11:00:00,33.86,61.55,53.86,Morning,Weekday
2025-12-12 12:00:00,21.42,56.03,76.67,Morning,Weekday
2025-12-12 13:00:00,23.79,62.27,76.15,Morning,Weekday
2025-12-12 14:00:00,35.43,88.42,67.6,Evening,Weekday
2025-12-12 15:00:00,36.83,76.16,52.05,Evening,Weekday
2025-12-12 16:00:00,32.35,34.15,52.69,Evening,Weekday
2025-12-12 17:00:00,32.89,97.03,59.14,Evening,Weekday
2025-12-12 18:00:00,20.57,40.34,47.25,Evening,Weekday
2025-12-12 19:00:00,36.57,82.19,56.88,Evening,Weekday
2025-12-12 20:00:00,35.77,74.53,74.22,Evening,Weekday
2025-12-12 21:00:00,25.18,43.13,81.54,Evening,Weekday
2025-12-12 22:00:00,34.17,41.95,56.63,Night,Weekday
2025-12-12 23:00:00,24.3,90.92,51.68,Night,Weekday
2025-12-13 00:00:00,20.81,59.38,81.63,Night,Weekend
2025-12-13 01:00:00,24.02,75.82,84.54,Night,Weekend
2025-12-13 02:00:00,23.57,65.28,60.5,Night,Weekend
2025-12-13 03:00:00,26.75,80.91,41.35,Night,Weekend
2025-12-13 04:00:00,28.37,63.55,74.75,Night,Weekend
2025-12-13 05:00:00,30.17,50.12,79.2,Night,Weekend
2025-12-13 06:00:00,29.54,55.44,40.9,Morning,Weekend
2025-12-13 07:00:00,25.41,90.14,69.75,Morning,Weekend
2025-12-13 08:00:00,20.58,62.76,69.42,Morning,Weekend
2025-12-13 09:00:00,32.1,44.94,58.94,Morning,Weekend
2025-12-13 10:00:00,27.91,95.42,77.49,Morning,Weekend
2025-12-13 11:00:00,25.97,85.76,61.41,Morning,Weekend
2025-12-13 12:00:00,37.34,33.9,73.84,Morning,Weekend
2025-12-13 13:00:00,34.93,99.93,65.86,Morning,Weekend
2025-12-13 14:00:00,37.16,78.64,52.42,Evening,Weekend
2025-12-13 15:00:00,29.9,41.22,70.33,Evening,Weekend
2025-12-13 16:00:00,22.62,46.6,76.85,Evening,Weekend
2025-12-13 17:00:00,33.92,78.47,88.7,Evening,Weekend
2025-12-13 18:00:00,24.12,84.58,59.01,Evening,Weekend
2025-12-13 19:00:00,28.82,46.73,43.22,Evening,Weekend
2025-12-13 20:00:00,21.3,47.99,89.4,Evening,Weekend
2025-12-13 21:00:00,36.51,51.5,71.19,Evening,Weekend
2025-12-13 22:00:00,22.52,71.86,87.32,Night,Weekend
2025-12-13 23:00:00,38.06,42.03,45.19,Night,Weekend
2025-12-14 00:00:00,37.28,37.3,57.1,Night,Weekend
2025-12-14 01:00:00,29.29,77.52,46.7,Night,Weekend
2025-12-14 02:00:00,34.89,84.54,81.78,Night,Weekend
2025-12-14 03:00:00,32.39,65.07,84.02,Night,Weekend
2025-12-14 04:00:00,36.06,55.47,65.07,Night,Weekend
2025-12-14 05:00:00,28.64,60.24,49.33,Night,Weekend
2025-12-14 06:00:00,35.72,57.19,46.36,Morning,Weekend
2025-12-14 07:00:00,29.25,97.2,69.41,Morning,Weekend
2025-12-14 08:00:00,38.82,83.77,65.32,Morning,Weekend
2025-12-14 09:00:00,29.73,44.57,74.74,Morning,Weekend
2025-12-14 10:00:00,29.25,56.89,55.26,Morning,Weekend
2025-12-14 11:00:00,35.7,68.08,60.12,Morning,Weekend
2025-12-14 12:00:00,36.43,72.91,41.07,Morning,Weekend
2025-12-14 13:00:00,31.09,62.77,70.51,Morning,Weekend
2025-12-14 14:00:00,23.6,86.71,61.16,Evening,Weekend
2025-12-14 15:00:00,29.36,83.73,85.99,Evening,Weekend
2025-12-14 16:00:00,39.36,65.36,72.09,Evening,Weekend
2025-12-14 17:00:00,35.06,89.81,59.93,Evening,Weekend
2025-12-14 18:00:00,36.22,82.58,53.18,Evening,Weekend
2025-12-14 19:00:00,20.66,84.5,85.26,Evening,Weekend
2025-12-14 20:00:00,29.36,96.95,40.81,Evening,Weekend
2025-12-14 21:00:00,32.93,48.65,56.35,Evening,Weekend
2025-12-14 22:00:00,36.6,48.74,87.18,Night,Weekend
2025-12-14 23:00:00,20.99,92.23,72.7,Night,Weekend
2025-12-15 00:00:00,37.05,84.06,66.64,Night,Weekday
2025-12-15 01:00:00,30.97,94.86,50.18,Night,Weekday
2025-12-15 02:00:00,23.95,34.42,81.67,Night,Weekday
2025-12-15 03:00:00,26.35,73.94,50.21,Night,Weekday
2025-12-15 04:00:00,25.64,40.12,52.41,Night,Weekday
2025-12-15 05:00:00,30.62,65.27,49.59,Night,Weekday
2025-12-15 06:00:00,21.03,40.9,47.91,Morning,Weekday
2025-12-15 07:00:00,23.17,38.97,87.67,Morning,Weekday
2025-12-15 08:00:00,36.25,30.85,70.1,Morning,Weekday
2025-12-15 09:00:00,22.65,74.12,71.89,Morning,Weekday
2025-12-15 10:00:00,24.67,55.13,87.72,Morning,Weekday
2025-12-15 11:00:00,29.07,37.36,51.53,Morning,Weekday
2025-12-15 12:00:00,30.34,52.6,40.3,Morning,Weekday
2025-12-15 13:00:00,35.27,41.83,69.94,Morning,Weekday
2025-12-15 14:00:00,28.95,95.92,65.39,Evening,Weekday
2025-12-15 15:00:00,35.8,52.4,63.88,Evening,Weekday
2025-12-15 16:00:00,32.37,53.38,43.09,Evening,Weekday
2025-12-15 17:00:00,22.26,88.79,62.72,Evening,Weekday
2025-12-15 18:00:00,23.13,75.34,54.38,Evening,Weekday
2025-12-15 19:00:00,28.74,79.71,53.73,Evening,Weekday
2025-12-15 20:00:00,27.94,74.52,51.12,Evening,Weekday
2025-12-15 21:00:00,34.87,96.23,56.63,Evening,Weekday
2025-12-15 22:00:00,31.61,44.49,57.66,Night,Weekday
2025-12-15 23:00:00,27.76,99.23,55.44,Night,Weekday
2025-12-16 00:00:00,23.42,88.17,88.94,Night,Weekday
2025-12-16 01:00:00,24.54,71.23,86.64,Night,Weekday
2025-12-16 02:00:00,31.51,76.37,68.73,Night,Weekday
2025-12-16 03:00:00,28.47,75.42,89.05,Night,Weekday
2025-12-16 04:00:00,30.3,34.09,89.56,Night,Weekday
2025-12-16 05:00:00,23.41,45.26,57.8,Night,Weekday
2025-12-16 06:00:00,33.26,97.3,62.26,Morning,Weekday
2025-12-16 07:00:00,37.05,67.41,87.95,Morning,Weekday
2025-12-16 08:00:00,25.16,56.48,70.43,Morning,Weekday
2025-12-16 09:00:00,29.83,83.34,50.65,Morning,Weekday
2025-12-16 10:00:00,39.51,66.72,74.47,Morning,Weekday
2025-12-16 11:00:00,26.66,30.92,50.29,Morning,Weekday
2025-12-16 12:00:00,31.9,81.54,56.97,Morning,Weekday
2025-12-16 13:00:00,21.8,81.26,51.38,Morning,Weekday
2025-12-16 14:00:00,32.12,41.56,52.25,Evening,Weekday
2025-12-16 15:00:00,21.79,96.97,40.23,Evening,Weekday
2025-12-16 16:00:00,39.18,45.67,84.04,Evening,Weekday
2025-12-16 17:00:00,34.31,62.04,54.8,Evening,Weekday
2025-12-16 18:00:00,35.76,38.03,44.32,Evening,Weekday
2025-12-16 19:00:00,34.08,72.23,44.35,Evening,Weekday
2025-12-16 20:00:00,31.79,56.28,67.8,Evening,Weekday
2025-12-16 21:00:00,29.0,54.72,89.65,Evening,Weekday
2025-12-16 22:00:00,37.17,87.89,47.25,Night,Weekday
2025-12-16 23:00:00,39.14,30.67,44.98,Night,Weekday
2025-12-17 00:00:00,29.98,85.86,61.92,Night,Weekday
2025-12-17 01:00:00,38.63,70.0,68.17,Night,Weekday
2025-12-17 02:00:00,31.67,99.03,54.72,Night,Weekday
2025-12-17 03:00:00,30.77,71.26,55.13,Night,Weekday
2025-12-17 04:00:00,29.09,33.88,61.22,Night,Weekday
2025-12-17 05:00:00,24.19,33.55,55.71,Night,Weekday
2025-12-17 06:00:00,20.07,91.82,85.77,Morning,Weekday
2025-12-17 07:00:00,24.83,88.88,42.1,Morning,Weekday
2025-12-17 08:00:00,30.19,54.21,51.73,Morning,Weekday
2025-12-17 09:00:00,27.6,73.26,80.43,Morning,Weekday
2025-12-17 10:00:00,28.97,64.27,81.7,Morning,Weekday
2025-12-17 11:00:00,39.61,97.7,45.58,Morning,Weekday
2025-12-17 12:00:00,27.01,96.5,88.69,Morning,Weekday
2025-12-17 13:00:00,29.04,98.87,74.67,Morning,Weekday
2025-12-17 14:00:00,22.67,90.65,53.63,Evening,Weekday
2025-12-17 15:00:00,20.96,93.67,62.8,Evening,Weekday
2025-12-17 16:00:00,35.51,45.21,54.86,Evening,Weekday
2025-12-17 17:00:00,31.41,88.17,47.5,Evening,Weekday
2025-12-17 18:00:00,35.21,79.62,54.56,Evening,Weekday
2025-12-17 19:00:00,23.0,97.4,69.0,Evening,Weekday
2025-12-17 20:00:00,31.44,69.99,81.3,Evening,Weekday
2025-12-17 21:00:00,25.07,35.96,58.18,Evening,Weekday
2025-12-17 22:00:00,24.56,71.82,57.4,Night,Weekday
2025-12-17 23:00:00,20.23,78.06,63.4,Night,Weekday
2025-12-18 00:00:00,22.61,45.42,72.23,Night,Weekday
2025-12-18 01:00:00,26.19,57.59,77.58,Night,Weekday
2025-12-18 02:00:00,22.34,71.9,56.34,Night,Weekday
2025-12-18 03:00:00,39.72,56.19,69.32,Night,Weekday
2025-12-18 04:00:00,26.17,56.25,59.47,Night,Weekday
2025-12-18 05:00:00,22.61,39.32,75.82,Night,Weekday
2025-12-18 06:00:00,23.98,95.85,48.23,Morning,Weekday
2025-12-18 07:00:00,31.75,82.53,52.85,Morning,Weekday
2025-12-18 08:00:00,21.28,30.09,61.3,Morning,Weekday
2025-12-18 09:00:00,37.25,83.59,84.47,Morning,Weekday
2025-12-18 10:00:00,39.23,81.79,68.67,Morning,Weekday
2025-12-18 11:00:00,24.93,30.68,88.27,Morning,Weekday
2025-12-18 12:00:00,29.0,55.87,45.16,Morning,Weekday
2025-12-18 13:00:00,20.44,72.47,63.01,Morning,Weekday
2025-12-18 14:00:00,32.81,61.69,60.95,Evening,Weekday
2025-12-18 15:00:00,28.28,84.46,70.01,Evening,Weekday
2025-12-18 16:00:00,25.4,59.78,80.6,Evening,Weekday
2025-12-18 17:00:00,24.14,40.77,82.07,Evening,Weekday
2025-12-18 18:00:00,33.08,98.35,73.51,Evening,Weekday
2025-12-18 19:00:00,28.32,46.94,72.08,Evening,Weekday
2025-12-18 20:00:00,23.59,80.24,87.45,Evening,Weekday
2025-12-18 21:00:00,33.78,40.02,59.18,Evening,Weekday
2025-12-18 22:00:00,31.3,53.03,81.64,Night,Weekday
2025-12-18 23:00:00,37.17,60.94,86.08,Night,Weekday
2025-12-19 00:00:00,22.35,43.46,64.58,Night,Weekday
2025-12-19 01:00:00,35.71,61.5,76.46,Night,Weekday
2025-12-19 02:00:00,33.47,41.0,58.85,Night,Weekday
2025-12-19 03:00:00,22.3,69.13,47.94,Night,Weekday
2025-12-19 04:00:00,33.9,76.46,69.33,Night,Weekday
2025-12-19 05:00:00,28.83,34.37,49.82,Night,Weekday
2025-12-19 06:00:00,38.9,90.98,62.88,Morning,Weekday
2025-12-19 07:00:00,22.83,42.96,83.64,Morning,Weekday
2025-12-19 08:00:00,32.86,45.78,44.3,Morning,Weekday
2025-12-19 09:00:00,27.64,76.29,41.52,Morning,Weekday
2025-12-19 10:00:00,39.14,62.81,70.32,Morning,Weekday
2025-12-19 11:00:00,26.6,64.96,56.55,Morning,Weekday
2025-12-19 12:00:00,39.24,38.97,60.9,Morning,Weekday
2025-12-19 13:00:00,38.03,86.4,60.29,Morning,Weekday
2025-12-19 14:00:00,25.41,73.19,44.33,Evening,Weekday
2025-12-19 15:00:00,36.07,39.48,40.18,Evening,Weekday
2025-12-19 16:00:00,39.91,56.18,84.92,Evening,Weekday
2025-12-19 17:00:00,25.05,86.73,50.89,Evening,Weekday
2025-12-19 18:00:00,28.74,69.78,61.3,Evening,Weekday
2025-12-19 19:00:00,30.4,37.61,88.6,Evening,Weekday
2025-12-19 20:00:00,25.9,56.09,81.34,Evening,Weekday
2025-12-19 21:00:00,20.31,46.99,45.4,Evening,Weekday
2025-12-19 22:00:00,24.4,66.22,65.43,Night,Weekday
2025-12-19 23:00:00,25.64,89.04,76.5,Night,Weekday
2025-12-20 00:00:00,28.87,60.54,74.92,Night,Weekend
2025-12-20 01:00:00,23.42,60.33,78.04,Night,Weekend
2025-12-20 02:00:00,37.47,93.37,62.87,Night,Weekend
2025-12-20 03:00:00,34.1,70.33,48.8,Night,Weekend
2025-12-20 04:00:00,21.7,69.63,63.24,Night,Weekend
2025-12-20 05:00:00,33.0,48.33,72.39,Night,Weekend
2025-12-20 06:00:00,33.07,72.54,70.43,Morning,Weekend
2025-12-20 07:00:00,39.12,70.31,43.53,Morning,Weekend
2025-12-20 08:00:00,20.06,57.78,43.25,Morning,Weekend
2025-12-20 09:00:00,24.96,99.35,88.26,Morning,Weekend
2025-12-20 10:00:00,38.56,91.73,47.59,Morning,Weekend
2025-12-20 11:00:00,38.64,82.47,54.72,Morning,Weekend
2025-12-20 12:00:00,34.41,67.61,78.38,Morning,Weekend
2025-12-20 13:00:00,35.32,62.34,60.48,Morning,Weekend
2025-12-20 14:00:00,21.83,42.94,49.07,Evening,Weekend
2025-12-20 15:00:00,30.28,51.4,63.36,Evening,Weekend
2025-12-20 16:00:00,24.63,84.18,68.45,Evening,Weekend
2025-12-20 17:00:00,23.62,61.76,62.64,Evening,Weekend
2025-12-20 18:00:00,36.21,91.76,85.95,Evening,Weekend
2025-12-20 19:00:00,22.7,40.35,54.23,Evening,Weekend
2025-12-20 20:00:00,29.37,65.58,73.07,Evening,Weekend
2025-12-20 21:00:00,38.77,75.29,45.61,Evening,Weekend
2025-12-20 22:00:00,23.72,66.18,59.61,Night,Weekend
2025-12-20 23:00:00,39.56,92.25,77.05,Night,Weekend
2025-12-21 00:00:00,39.89,99.27,51.24,Night,Weekend
2025-12-21 01:00:00,31.11,38.11,69.49,Night,Weekend
2025-12-21 02:00:00,23.4,39.1,47.67,Night,Weekend
2025-12-21 03:00:00,26.32,39.12,45.14,Night,Weekend
2025-12-21 04:00:00,28.49,77.68,66.16,Night,Weekend
2025-12-21 05:00:00,26.19,56.09,73.75,Night,Weekend
2025-12-21 06:00:00,25.61,81.33,45.67,Morning,Weekend
2025-12-21 07:00:00,39.44,58.38,85.89,Morning,Weekend
2025-12-21 08:00:00,23.07,73.93,51.29,Morning,Weekend
2025-12-21 09:00:00,34.67,83.89,46.0,Morning,Weekend
2025-12-21 10:00:00,20.01,68.38,50.13,Morning,Weekend
2025-12-21 11:00:00,31.92,67.77,48.48,Morning,Weekend
2025-12-21 12:00:00,38.32,36.18,44.53,Morning,Weekend
2025-12-21 13:00:00,25.76,58.75,79.89,Morning,Weekend
2025-12-21 14:00:00,23.71,68.2,64.78,Evening,Weekend
2025-12-21 15:00:00,33.03,62.34,59.43,Evening,Weekend
2025-12-21 16:00:00,34.25,93.05,87.53,Evening,Weekend
2025-12-21 17:00:00,33.76,93.46,58.55,Evening,Weekend
2025-12-21 18:00:00,26.39,87.53,48.35,Evening,Weekend
2025-12-21 19:00:00,25.04,56.27,53.7,Evening,Weekend
2025-12-21 20:00:00,39.12,80.21,51.95,Evening,Weekend
2025-12-21 21:00:00,38.47,57.67,64.94,Evening,Weekend
2025-12-21 22:00:00,29.15,46.28,54.58,Night,Weekend
2025-12-21 23:00:00,36.92,54.0,65.8,Night,Weekend
2025-12-22 00:00:00,29.05,34.97,73.46,Night,Weekday
2025-12-22 01:00:00,28.49,53.22,78.86,Night,Weekday
2025-12-22 02:00:00,23.14,62.25,75.51,Night,Weekday
2025-12-22 03:00:00,28.53,96.88,50.28,Night,Weekday
2025-12-22 04:00:00,30.75,51.94,45.79,Night,Weekday
2025-12-22 05:00:00,20.45,93.17,67.12,Night,Weekday
2025-12-22 06:00:00,28.88,46.02,49.95,Morning,Weekday
2025-12-22 07:00:00,35.63,43.37,44.25,Morning,Weekday
2025-12-22 08:00:00,33.6,66.33,66.35,Morning,Weekday
2025-12-22 09:00:00,32.7,77.08,56.34,Morning,Weekday
2025-12-22 10:00:00,38.19,33.1,77.81,Morning,Weekday
2025-12-22 11:00:00,20.36,45.47,55.71,Morning,Weekday
2025-12-22 12:00:00,31.14,61.9,88.94,Morning,Weekday
2025-12-22 13:00:00,35.75,53.17,77.93,Morning,Weekday
2025-12-22 14:00:00,30.83,79.88,42.88,Evening,Weekday
2025-12-22 15:00:00,26.48,65.78,65.44,Evening,Weekday
2025-12-22 16:00:00,22.73,41.23,68.13,Evening,Weekday
2025-12-22 17:00:00,37.75,92.61,74.77,Evening,Weekday
2025-12-22 18:00:00,29.42,50.5,64.89,Evening,Weekday
2025-12-22 19:00:00,37.56,81.18,64.17,Evening,Weekday
2025-12-22 20:00:00,31.72,84.59,58.4,Evening,Weekday
2025-12-22 21:00:00,33.48,97.42,53.57,Evening,Weekday
2025-12-22 22:00:00,36.09,64.9,87.31,Night,Weekday
2025-12-22 23:00:00,33.18,73.11,55.88,Night,Weekday
2025-12-23 00:00:00,27.96,53.44,43.17,Night,Weekday
2025-12-23 01:00:00,30.27,77.47,48.36,Night,Weekday
2025-12-23 02:00:00,36.06,62.44,82.86,Night,Weekday
2025-12-23 03:00:00,27.47,60.64,69.33,Night,Weekday
2025-12-23 04:00:00,27.76,89.88,78.94,Night,Weekday
2025-12-23 05:00:00,21.91,33.51,80.44,Night,Weekday
2025-12-23 06:00:00,38.29,91.74,81.16,Morning,Weekday
2025-12-23 07:00:00,21.82,89.64,67.53,Morning,Weekday
2025-12-23 08:00:00,32.96,65.45,48.86,Morning,Weekday
2025-12-23 09:00:00,28.26,64.31,47.41,Morning,Weekday
2025-12-23 10:00:00,28.11,55.33,68.7,Morning,Weekday
2025-12-23 11:00:00,33.59,99.59,58.33,Morning,Weekday
2025-12-23 12:00:00,21.34,37.78,67.9,Morning,Weekday
2025-12-23 13:00:00,31.87,71.32,64.92,Morning,Weekday
2025-12-23 14:00:00,35.44,77.72,70.11,Evening,Weekday
2025-12-23 15:00:00,36.56,95.4,41.61,Evening,Weekday
2025-12-23 16:00:00,23.41,84.61,41.64,Evening,Weekday
2025-12-23 17:00:00,37.95,75.07,76.08,Evening,Weekday
2025-12-23 18:00:00,33.12,38.18,49.66,Evening,Weekday
2025-12-23 19:00:00,37.64,56.16,72.61,Evening,Weekday
2025-12-23 20:00:00,29.71,39.72,67.33,Evening,Weekday
2025-12-23 21:00:00,30.84,91.68,89.09,Evening,Weekday
2025-12-23 22:00:00,38.38,82.47,81.77,Night,Weekday
2025-12-23 23:00:00,38.0,83.03,60.66,Night,Weekday
2025-12-24 00:00:00,28.96,75.66,70.82,Night,Weekday
2025-12-24 01:00:00,25.49,65.49,45.86,Night,Weekday
2025-12-24 02:00:00,27.86,40.5,59.32,Night,Weekday
2025-12-24 03:00:00,27.76,53.08,76.69,Night,Weekday
2025-12-24 04:00:00,25.74,39.58,71.13,Night,Weekday
2025-12-24 05:00:00,25.37,80.74,64.22,Night,Weekday
2025-12-24 06:00:00,37.22,41.22,48.83,Morning,Weekday
2025-12-24 07:00:00,21.4,79.15,80.16,Morning,Weekday
2025-12-24 08:00:00,33.55,78.46,53.66,Morning,Weekday
2025-12-24 09:00:00,23.46,62.15,81.02,Morning,Weekday
2025-12-24 10:00:00,26.89,39.47,70.58,Morning,Weekday
2025-12-24 11:00:00,21.23,52.04,58.64,Morning,Weekday
2025-12-24 12:00:00,25.4,52.41,42.03,Morning,Weekday
2025-12-24 13:00:00,35.37,79.03,51.62,Morning,Weekday
2025-12-24 14:00:00,37.7,37.96,84.45,Evening,Weekday
2025-12-24 15:00:00,24.43,88.03,80.9,Evening,Weekday
2025-12-24 16:00:00,29.27,83.27,68.74,Evening,Weekday
2025-12-24 17:00:00,29.41,43.04,63.32,Evening,Weekday
2025-12-24 18:00:00,37.47,80.34,72.36,Evening,Weekday
2025-12-24 19:00:00,35.26,76.8,63.31,Evening,Weekday
2025-12-24 20:00:00,30.26,82.37,72.22,Evening,Weekday
2025-12-24 21:00:00,33.41,43.22,55.37,Evening,Weekday
2025-12-24 22:00:00,36.95,41.03,81.92,Night,Weekday
2025-12-24 23:00:00,20.19,46.55,75.1,Night,Weekday
2025-12-25 00:00:00,28.06,55.61,56.5,Night,Weekday
2025-12-25 01:00:00,38.14,85.56,81.53,Night,Weekday
2025-12-25 02:00:00,34.81,81.65,64.37,Night,Weekday
2025-12-25 03:00:00,30.86,94.78,48.73,Night,Weekday
2025-12-25 04:00:00,30.59,34.1,43.89,Night,Weekday
2025-12-25 05:00:00,26.96,30.81,74.98,Night,Weekday
2025-12-25 06:00:00,30.41,78.94,83.26,Morning,Weekday
2025-12-25 07:00:00,33.11,49.55,80.37,Morning,Weekday
2025-12-25 08:00:00,28.37,53.39,72.78,Morning,Weekday
2025-12-25 09:00:00,34.28,68.28,47.07,Morning,Weekday
2025-12-25 10:00:00,37.22,37.17,44.7,Morning,Weekday
2025-12-25 11:00:00,23.09,74.99,57.25,Morning,Weekday
2025-12-25 12:00:00,29.03,52.76,82.75,Morning,Weekday
2025-12-25 13:00:00,28.16,74.29,88.09,Morning,Weekday
2025-12-25 14:00:00,33.75,88.38,52.07,Evening,Weekday
2025-12-25 15:00:00,25.0,41.98,78.1,Evening,Weekday
2025-12-25 16:00:00,32.81,95.16,68.69,Evening,Weekday
2025-12-25 17:00:00,37.55,67.15,41.59,Evening,Weekday
2025-12-25 18:00:00,28.36,94.6,67.15,Evening,Weekday
2025-12-25 19:00:00,38.22,44.54,80.3,Evening,Weekday
2025-12-25 20:00:00,39.86,72.32,53.81,Evening,Weekday
2025-12-25 21:00:00,22.12,58.27,84.87,Evening,Weekday
2025-12-25 22:00:00,24.66,84.2,51.81,Night,Weekday
2025-12-25 23:00:00,39.01,72.41,43.82,Night,Weekday
2025-12-26 00:00:00,39.17,64.62,48.0,Night,Weekday
2025-12-26 01:00:00,21.95,93.91,81.85,Night,Weekday
2025-12-26 02:00:00,20.3,56.4,60.87,Night,Weekday
2025-12-26 03:00:00,23.22,45.4,79.85,Night,Weekday
2025-12-26 04:00:00,39.92,72.57,66.56,Night,Weekday
2025-12-26 05:00:00,23.6,73.68,64.03,Night,Weekday
2025-12-26 06:00:00,30.05,60.74,80.35,Morning,Weekday
2025-12-26 07:00:00,36.97,64.06,61.17,Morning,Weekday
2025-12-26 08:00:00,20.41,97.17,80.1,Morning,Weekday
2025-12-26 09:00:00,32.09,81.29,45.03,Morning,Weekday
2025-12-26 10:00:00,25.54,37.74,71.82,Morning,Weekday
2025-12-26 11:00:00,37.25,44.85,75.13,Morning,Weekday
2025-12-26 12:00:00,25.67,98.29,84.95,Morning,Weekday
2025-12-26 13:00:00,33.74,80.85,51.22,Morning,Weekday
2025-12-26 14:00:00,33.48,94.05,70.21,Evening,Weekday
2025-12-26 15:00:00,24.43,51.27,61.66,Evening,Weekday
2025-12-26 16:00:00,20.7,81.93,59.14,Evening,Weekday
2025-12-26 17:00:00,28.18,79.98,45.34,Evening,Weekday
2025-12-26 18:00:00,25.78,50.63,46.71,Evening,Weekday
2025-12-26 19:00:00,36.18,68.56,81.85,Evening,Weekday
2025-12-26 20:00:00,36.01,73.92,77.49,Evening,Weekday
2025-12-26 21:00:00,29.14,63.68,59.12,Evening,Weekday
2025-12-26 22:00:00,32.13,87.9,81.42,Night,Weekday
2025-12-26 23:00:00,32.09,88.3,44.04,Night,Weekday
2025-12-27 00:00:00,36.54,89.54,71.24,Night,Weekend
2025-12-27 01:00:00,28.5,86.24,83.41,Night,Weekend
2025-12-27 02:00:00,25.51,64.17,81.94,Night,Weekend
2025-12-27 03:00:00,25.3,56.7,58.64,Night,Weekend
2025-12-27 04:00:00,30.72,88.2,77.26,Night,Weekend
2025-12-27 05:00:00,28.98,64.31,61.37,Night,Weekend
2025-12-27 06:00:00,28.8,47.25,82.01,Morning,Weekend
2025-12-27 07:00:00,21.82,65.51,66.54,Morning,Weekend
2025-12-27 08:00:00,34.37,39.93,78.24,Morning,Weekend
2025-12-27 09:00:00,24.27,78.41,43.93,Morning,Weekend
2025-12-27 10:00:00,23.94,53.51,69.5,Morning,Weekend
2025-12-27 11:00:00,28.26,48.25,67.51,Morning,Weekend
2025-12-27 12:00:00,24.56,96.96,70.5,Morning,Weekend
2025-12-27 13:00:00,31.68,84.38,74.78,Morning,Weekend
2025-12-27 14:00:00,27.43,85.09,85.91,Evening,Weekend
2025-12-27 15:00:00,28.98,73.66,79.28,Evening,Weekend
2025-12-27 16:00:00,30.74,88.74,50.98,Evening,Weekend
2025-12-27 17:00:00,24.07,83.14,81.29,Evening,Weekend
2025-12-27 18:00:00,23.12,71.91,46.1,Evening,Weekend
2025-12-27 19:00:00,37.61,97.28,71.11,Evening,Weekend
2025-12-27 20:00:00,28.67,43.41,84.14,Evening,Weekend
2025-12-27 21:00:00,28.24,96.04,45.06,Evening,Weekend
2025-12-27 22:00:00,20.71,58.1,82.48,Night,Weekend
2025-12-27 23:00:00,29.96,66.99,79.93,Night,Weekend
2025-12-28 00:00:00,31.08,38.59,65.19,Night,Weekend
2025-12-28 01:00:00,31.18,67.81,55.44,Night,Weekend
2025-12-28 02:00:00,34.14,72.78,60.27,Night,Weekend
2025-12-28 03:00:00,23.55,99.84,88.43,Night,Weekend
2025-12-28 04:00:00,25.04,98.26,50.08,Night,Weekend
2025-12-28 05:00:00,36.21,97.65,68.98,Night,Weekend
2025-12-28 06:00:00,38.94,54.39,44.16,Morning,Weekend
2025-12-28 07:00:00,22.72,99.39,50.89,Morning,Weekend
2025-12-28 08:00:00,29.95,61.88,78.17,Morning,Weekend
2025-12-28 09:00:00,24.28,89.63,55.13,Morning,Weekend
2025-12-28 10:00:00,21.2,45.14,89.29,Morning,Weekend
2025-12-28 11:00:00,26.51,65.41,65.04,Morning,Weekend
2025-12-28 12:00:00,22.87,97.62,65.83,Morning,Weekend
2025-12-28 13:00:00,34.2,96.29,41.82,Morning,Weekend
2025-12-28 14:00:00,30.67,77.86,87.83,Evening,Weekend
2025-12-28 15:00:00,22.88,85.85,48.71,Evening,Weekend
2025-12-28 16:00:00,20.18,42.35,66.92,Evening,Weekend
2025-12-28 17:00:00,36.16,80.52,59.78,Evening,Weekend
2025-12-28 18:00:00,23.52,73.26,60.78,Evening,Weekend
2025-12-28 19:00:00,32.12,36.41,72.17,Evening,Weekend
2025-12-28 20:00:00,26.74,37.92,73.1,Evening,Weekend
2025-12-28 21:00:00,31.71,37.59,47.71,Evening,Weekend
2025-12-28 22:00:00,26.31,80.7,64.98,Night,Weekend
2025-12-28 23:00:00,21.74,39.92,79.52,Night,Weekend
2025-12-29 00:00:00,24.46,62.74,62.16,Night,Weekday
2025-12-29 01:00:00,23.76,54.99,48.29,Night,Weekday
2025-12-29 02:00:00,28.56,68.54,55.66,Night,Weekday
2025-12-29 03:00:00,33.17,79.45,50.62,Night,Weekday
2025-12-29 04:00:00,25.28,77.93,46.29,Night,Weekday
2025-12-29 05:00:00,20.24,66.09,58.88,Night,Weekday
2025-12-29 06:00:00,30.38,62.5,67.05,Morning,Weekday
2025-12-29 07:00:00,32.12,57.85,43.64,Morning,Weekday
2025-12-29 08:00:00,39.26,90.33,70.19,Morning,Weekday
2025-12-29 09:00:00,31.79,53.16,89.65,Morning,Weekday
2025-12-29 10:00:00,29.42,48.16,88.21,Morning,Weekday
2025-12-29 11:00:00,31.47,82.03,81.46,Morning,Weekday
2025-12-29 12:00:00,38.56,55.18,53.32,Morning,Weekday
2025-12-29 13:00:00,36.57,89.29,41.12,Morning,Weekday
2025-12-29 14:00:00,26.46,52.95,81.68,Evening,Weekday
2025-12-29 15:00:00,24.75,79.14,42.79,Evening,Weekday
2025-12-29 16:00:00,25.25,33.16,50.28,Evening,Weekday
2025-12-29 17:00:00,30.09,56.99,67.22,Evening,Weekday
2025-12-29 18:00:00,34.88,54.03,48.92,Evening,Weekday
2025-12-29 19:00:00,30.06,87.17,81.69,Evening,Weekday
2025-12-29 20:00:00,21.36,97.69,78.86,Evening,Weekday
2025-12-29 21:00:00,34.47,62.26,77.79,Evening,Weekday
2025-12-29 22:00:00,36.12,87.74,80.81,Night,Weekday
2025-12-29 23:00:00,25.79,78.98,50.99,Night,Weekday
2025-12-30 00:00:00,33.28,97.72,76.44,Night,Weekday
2025-12-30 01:00:00,28.53,86.78,57.76,Night,Weekday
2025-12-30 02:00:00,37.78,35.42,73.34,Night,Weekday
2025-12-30 03:00:00,36.9,79.93,46.1,Night,Weekday
2025-12-30 04:00:00,30.51,67.48,75.28,Night,Weekday
2025-12-30 05:00:00,33.83,31.15,88.61,Night,Weekday
2025-12-30 06:00:00,37.67,47.59,42.18,Morning,Weekday
2025-12-30 07:00:00,29.91,94.52,44.69,Morning,Weekday
2025-12-30 08:00:00,26.27,94.82,46.18,Morning,Weekday
2025-12-30 09:00:00,35.07,85.92,61.53,Morning,Weekday
2025-12-30 10:00:00,24.4,98.72,54.54,Morning,Weekday
2025-12-30 11:00:00,27.77,86.46,80.35,Morning,Weekday
2025-12-30 12:00:00,37.31,30.71,63.69,Morning,Weekday
2025-12-30 13:00:00,34.49,50.15,64.23,Morning,Weekday
2025-12-30 14:00:00,28.08,32.14,75.85,Evening,Weekday
2025-12-30 15:00:00,24.29,36.59,58.1,Evening,Weekday
2025-12-30 16:00:00,27.12,45.32,57.66,Evening,Weekday
2025-12-30 17:00:00,25.68,65.25,77.85,Evening,Weekday
2025-12-30 18:00:00,23.52,89.33,79.0,Evening,Weekday
2025-12-30 19:00:00,34.87,90.34,40.72,Evening,Weekday
2025-12-30 20:00:00,25.04,73.13,47.19,Evening,Weekday
2025-12-30 21:00:00,29.08,94.97,50.65,Evening,Weekday
2025-12-30 22:00:00,27.72,65.0,57.58,Night,Weekday
2025-12-30 23:00:00,39.64,92.23,54.57,Night,Weekday
2025-12-31 00:00:00,27.82,61.78,73.43,Night,Weekday
2025-12-31 01:00:00,21.6,49.41,81.41,Night,Weekday
2025-12-31 02:00:00,21.8,94.15,49.6,Night,Weekday
2025-12-31 03:00:00,31.82,57.16,68.15,Night,Weekday
2025-12-31 04:00:00,31.99,65.24,58.39,Night,Weekday
2025-12-31 05:00:00,28.38,53.02,65.29,Night,Weekday
2025-12-31 06:00:00,28.64,76.4,71.04,Morning,Weekday
2025-12-31 07:00:00,21.08,99.65,84.68,Morning,Weekday
2025-12-31 08:00:00,30.33,31.79,49.61,Morning,Weekday
2025-12-31 09:00:00,30.09,92.99,44.35,Morning,Weekday
2025-12-31 10:00:00,22.99,30.27,71.36,Morning,Weekday
2025-12-31 11:00:00,22.08,55.5,59.71,Morning,Weekday
2025-12-31 12:00:00,22.47,41.8,48.15,Morning,Weekday
2025-12-31 13:00:00,22.02,83.01,45.85,Morning,Weekday
2025-12-31 14:00:00,32.19,33.54,67.95,Evening,Weekday
2025-12-31 15:00:00,23.93,68.74,55.02,Evening,Weekday
2025-12-31 16:00:00,25.03,50.64,89.87,Evening,Weekday
2025-12-31 17:00:00,23.47,39.36,60.3,Evening,Weekday
2025-12-31 18:00:00,39.16,84.03,50.61,Evening,Weekday
2025-12-31 19:00:00,37.09,45.22,71.44,Evening,Weekday
2025-12-31 20:00:00,24.61,45.66,52.21,Evening,Weekday
2025-12-31 21:00:00,26.55,49.26,64.7,Evening,Weekday
2025-12-31 22:00:00,24.2,71.07,64.13,Night,Weekday
2025-12-31 23:00:00,29.84,76.18,62.68,Night,Weekday
2026-01-01 00:00:00,20.39,31.23,79.8,Night,Weekday
2026-01-01 01:00:00,33.43,46.93,50.83,Night,Weekday
2026-01-01 02:00:00,30.46,60.17,85.22,Night,Weekday
2026-01-01 03:00:00,37.97,53.24,79.57,Night,Weekday
2026-01-01 04:00:00,23.29,91.89,56.66,Night,Weekday
2026-01-01 05:00:00,36.08,85.14,49.03,Night,Weekday
2026-01-01 06:00:00,35.84,73.81,53.98,Morning,Weekday
2026-01-01 07:00:00,22.54,53.66,56.63,Morning,Weekday
2026-01-01 08:00:00,27.97,79.05,67.85,Morning,Weekday
2026-01-01 09:00:00,23.4,89.05,42.32,Morning,Weekday
2026-01-01 10:00:00,25.09,71.64,85.72,Morning,Weekday
2026-01-01 11:00:00,25.26,84.91,44.93,Morning,Weekday
2026-01-01 12:00:00,31.12,82.44,53.96,Morning,Weekday
2026-01-01 13:00:00,28.23,70.02,45.46,Morning,Weekday
2026-01-01 14:00:00,38.95,51.85,52.83,Evening,Weekday
2026-01-01 15:00:00,22.53,82.2,81.88,Evening,Weekday
2026-01-01 16:00:00,39.47,44.48,70.76,Evening,Weekday
2026-01-01 17:00:00,24.61,84.56,51.37,Evening,Weekday
2026-01-01 18:00:00,35.46,86.32,83.59,Evening,Weekday
2026-01-01 19:00:00,26.78,87.55,80.04,Evening,Weekday
2026-01-01 20:00:00,22.86,63.1,77.68,Evening,Weekday
2026-01-01 21:00:00,37.16,43.47,82.38,Evening,Weekday
2026-01-01 22:00:00,26.18,36.98,70.98,Night,Weekday
2026-01-01 23:00:00,33.18,82.04,65.07,Night,Weekday
2026-01-02 00:00:00,31.33,92.04,58.7,Night,Weekday
2026-01-02 01:00:00,29.44,75.56,51.19,Night,Weekday
2026-01-02 02:00:00,29.92,40.09,67.87,Night,Weekday
2026-01-02 03:00:00,34.64,95.44,84.47,Night,Weekday
2026-01-02 04:00:00,21.76,99.24,69.7,Night,Weekday
2026-01-02 05:00:00,33.36,60.34,85.98,Night,Weekday
2026-01-02 06:00:00,37.92,71.64,57.85,Morning,Weekday
2026-01-02 07:00:00,21.16,84.41,74.76,Morning,Weekday
2026-01-02 08:00:00,22.81,81.55,72.43,Morning,Weekday
2026-01-02 09:00:00,34.33,97.75,73.52,Morning,Weekday
2026-01-02 10:00:00,28.75,38.04,72.25,Morning,Weekday
2026-01-02 11:00:00,28.07,70.65,51.08,Morning,Weekday
2026-01-02 12:00:00,22.74,78.44,47.18,Morning,Weekday
2026-01-02 13:00:00,30.14,92.31,88.93,Morning,Weekday
2026-01-02 14:00:00,22.53,91.19,42.26,Evening,Weekday
2026-01-02 15:00:00,29.53,98.46,63.39,Evening,Weekday
2026-01-02 16:00:00,35.27,65.85,61.25,Evening,Weekday
2026-01-02 17:00:00,25.17,88.15,58.0,Evening,Weekday
2026-01-02 18:00:00,29.62,59.91,79.1,Evening,Weekday
2026-01-02 19:00:00,39.84,59.56,77.27,Evening,Weekday
2026-01-02 20:00:00,33.73,47.73,85.26,Evening,Weekday
2026-01-02 21:00:00,36.83,87.28,59.77,Evening,Weekday
2026-01-02 22:00:00,28.3,99.01,68.21,Night,Weekday
2026-01-02 23:00:00,35.36,47.94,84.62,Night,Weekday
2026-01-03 00:00:00,20.81,33.93,89.69,Night,Weekend
2026-01-03 01:00:00,22.46,87.09,88.46,Night,Weekend
2026-01-03 02:00:00,24.06,73.42,75.89,Night,Weekend
2026-01-03 03:00:00,28.04,97.18,47.16,Night,Weekend
2026-01-03 04:00:00,36.91,47.66,41.16,Night,Weekend
2026-01-03 05:00:00,26.93,34.97,81.26,Night,Weekend
2026-01-03 06:00:00,33.09,64.47,82.05,Morning,Weekend
2026-01-03 07:00:00,34.19,35.98,77.32,Morning,Weekend
2026-01-03 08:00:00,31.72,48.33,54.0,Morning,Weekend
2026-01-03 09:00:00,27.14,38.82,71.99,Morning,Weekend
2026-01-03 10:00:00,31.54,45.69,55.81,Morning,Weekend
2026-01-03 11:00:00,26.85,37.43,62.53,Morning,Weekend
2026-01-03 12:00:00,21.68,96.77,59.12,Morning,Weekend
2026-01-03 13:00:00,39.86,49.5,85.68,Morning,Weekend
2026-01-03 14:00:00,22.54,61.07,51.71,Evening,Weekend
2026-01-03 15:00:00,21.45,92.9,68.88,Evening,Weekend
2026-01-03 16:00:00,37.57,77.41,58.05,Evening,Weekend
2026-01-03 17:00:00,26.04,73.26,73.15,Evening,Weekend
2026-01-03 18:00:00,33.01,79.39,68.23,Evening,Weekend
2026-01-03 19:00:00,26.58,88.02,86.2,Evening,Weekend
2026-01-03 20:00:00,27.83,91.44,45.08,Evening,Weekend
2026-01-03 21:00:00,25.24,74.98,51.03,Evening,Weekend
2026-01-03 22:00:00,26.86,92.3,78.32,Night,Weekend
2026-01-03 23:00:00,28.21,67.48,58.44,Night,Weekend
2026-01-04 00:00:00,34.41,49.41,48.29,Night,Weekend
2026-01-04 01:00:00,30.23,91.61,65.17,Night,Weekend
2026-01-04 02:00:00,38.87,67.9,72.61,Night,Weekend
2026-01-04 03:00:00,20.84,93.43,42.24,Night,Weekend
2026-01-04 04:00:00,30.06,32.81,54.58,Night,Weekend
2026-01-04 05:00:00,31.68,57.83,80.47,Night,Weekend
2026-01-04 06:00:00,38.4,96.35,66.01,Morning,Weekend
2026-01-04 07:00:00,20.98,47.48,41.77,Morning,Weekend
2026-01-04 08:00:00,31.47,95.91,54.1,Morning,Weekend
2026-01-04 09:00:00,37.07,96.77,71.96,Morning,Weekend
2026-01-04 10:00:00,24.84,91.75,49.97,Morning,Weekend
2026-01-04 11:00:00,37.53,69.46,81.37,Morning,Weekend
2026-01-04 12:00:00,20.38,75.29,73.83,Morning,Weekend
2026-01-04 13:00:00,34.65,90.87,63.57,Morning,Weekend
2026-01-04 14:00:00,38.66,84.31,85.78,Evening,Weekend
2026-01-04 15:00:00,33.14,74.11,59.59,Evening,Weekend
2026-01-04 16:00:00,28.78,98.76,51.75,Evening,Weekend
2026-01-04 17:00:00,20.9,78.0,73.07,Evening,Weekend
2026-01-04 18:00:00,38.4,98.28,68.66,Evening,Weekend
2026-01-04 19:00:00,29.41,34.02,56.76,Evening,Weekend
2026-01-04 20:00:00,20.58,39.73,57.18,Evening,Weekend
2026-01-04 21:00:00,33.8,61.6,59.91,Evening,Weekend
2026-01-04 22:00:00,29.64,56.94,54.56,Night,Weekend
2026-01-04 23:00:00,22.49,84.79,75.51,Night,Weekend
2026-01-05 00:00:00,24.29,41.24,72.57,Night,Weekday
2026-01-05 01:00:00,21.29,98.33,62.04,Night,Weekday
2026-01-05 02:00:00,31.49,52.05,59.89,Night,Weekday
2026-01-05 03:00:00,32.44,60.02,58.25,Night,Weekday
2026-01-05 04:00:00,30.11,49.23,54.17,Night,Weekday
2026-01-05 05:00:00,36.34,70.56,44.28,Night,Weekday
2026-01-05 06:00:00,37.22,34.1,53.41,Morning,Weekday
2026-01-05 07:00:00,32.31,40.48,56.06,Morning,Weekday
2026-01-05 08:00:00,20.26,82.21,67.38,Morning,Weekday
2026-01-05 09:00:00,33.9,43.06,78.69,Morning,Weekday
2026-01-05 10:00:00,28.36,46.49,59.79,Morning,Weekday
2026-01-05 11:00:00,31.31,85.51,87.24,Morning,Weekday
2026-01-05 12:00:00,32.98,36.53,81.37,Morning,Weekday
2026-01-05 13:00:00,27.0,60.62,89.24,Morning,Weekday
2026-01-05 14:00:00,38.34,31.61,83.81,Evening,Weekday
2026-01-05 15:00:00,22.68,54.28,70.84,Evening,Weekday
2026-01-05 16:00:00,33.43,78.93,69.92,Evening,Weekday
2026-01-05 17:00:00,20.09,36.31,46.48,Evening,Weekday
2026-01-05 18:00:00,38.49,92.18,76.12,Evening,Weekday
2026-01-05 19:00:00,22.25,93.66,70.01,Evening,Weekday
2026-01-05 20:00:00,21.9,37.35,65.35,Evening,Weekday
2026-01-05 21:00:00,26.66,99.35,74.66,Evening,Weekday
2026-01-05 22:00:00,27.47,50.83,62.2,Night,Weekday
2026-01-05 23:00:00,24.29,35.89,66.19,Night,Weekday
2026-01-06 00:00:00,31.7,30.35,59.92,Night,Weekday
2026-01-06 01:00:00,28.86,58.6,75.87,Night,Weekday
2026-01-06 02:00:00,20.68,74.09,83.83,Night,Weekday
2026-01-06 03:00:00,26.39,53.25,82.04,Night,Weekday
2026-01-06 04:00:00,36.21,88.57,79.3,Night,Weekday
2026-01-06 05:00:00,33.79,80.16,40.69,Night,Weekday
2026-01-06 06:00:00,34.5,54.51,85.59,Morning,Weekday
2026-01-06 07:00:00,33.96,81.4,53.74,Morning,Weekday
2026-01-06 08:00:00,26.22,95.83,84.4,Morning,Weekday
2026-01-06 09:00:00,21.99,36.52,49.85,Morning,Weekday
2026-01-06 10:00:00,25.45,51.43,61.98,Morning,Weekday
2026-01-06 11:00:00,36.64,62.43,77.47,Morning,Weekday
2026-01-06 12:00:00,39.61,64.86,72.01,Morning,Weekday
2026-01-06 13:00:00,29.88,67.95,60.8,Morning,Weekday
2026-01-06 14:00:00,20.19,51.04,73.93,Evening,Weekday
2026-01-06 15:00:00,22.8,76.71,67.45,Evening,Weekday
2026-01-06 16:00:00,26.44,75.16,53.79,Evening,Weekday
2026-01-06 17:00:00,31.57,70.45,72.32,Evening,Weekday
2026-01-06 18:00:00,21.5,37.96,50.21,Evening,Weekday
2026-01-06 19:00:00,38.87,63.39,74.7,Evening,Weekday
2026-01-06 20:00:00,27.3,54.94,40.16,Evening,Weekday
2026-01-06 21:00:00,38.25,64.37,67.44,Evening,Weekday
2026-01-06 22:00:00,35.61,94.53,60.05,Night,Weekday
2026-01-06 23:00:00,35.11,63.64,55.16,Night,Weekday
2026-01-07 00:00:00,32.13,30.98,65.79,Night,Weekday
2026-01-07 01:00:00,32.54,60.72,72.27,Night,Weekday
2026-01-07 02:00:00,32.76,87.45,88.27,Night,Weekday
2026-01-07 03:00:00,32.57,84.6,81.65,Night,Weekday
2026-01-07 04:00:00,31.07,65.94,75.86,Night,Weekday
2026-01-07 05:00:00,39.73,47.48,63.95,Night,Weekday
2026-01-07 06:00:00,34.65,62.56,59.61,Morning,Weekday
2026-01-07 07:00:00,35.54,69.46,41.63,Morning,Weekday
2026-01-07 08:00:00,37.45,99.99,57.95,Morning,Weekday
2026-01-07 09:00:00,24.31,75.09,82.42,Morning,Weekday
2026-01-07 10:00:00,21.68,78.6,59.2,Morning,Weekday
2026-01-07 11:00:00,29.66,64.4,63.08,Morning,Weekday
2026-01-07 12:00:00,30.28,54.81,53.59,Morning,Weekday
2026-01-07 13:00:00,36.58,86.91,53.71,Morning,Weekday
2026-01-07 14:00:00,28.88,64.65,43.09,Evening,Weekday
2026-01-07 15:00:00,31.42,99.63,70.69,Evening,Weekday
2026-01-07 16:00:00,30.54,62.0,62.4,Evening,Weekday
2026-01-07 17:00:00,20.76,34.76,70.3,Evening,Weekday
2026-01-07 18:00:00,32.3,77.78,67.34,Evening,Weekday
2026-01-07 19:00:00,36.56,33.26,79.94,Evening,Weekday
2026-01-07 20:00:00,23.15,47.54,77.55,Evening,Weekday
2026-01-07 21:00:00,31.89,54.76,78.57,Evening,Weekday
2026-01-07 22:00:00,31.87,81.76,64.96,Night,Weekday
2026-01-07 23:00:00,23.28,64.6,57.69,Night,Weekday
2026-01-08 00:00:00,22.47,32.01,86.67,Night,Weekday
2026-01-08 01:00:00,39.6,73.18,42.71,Night,Weekday
2026-01-08 02:00:00,27.87,58.8,47.63,Night,Weekday
2026-01-08 03:00:00,24.55,94.53,60.98,Night,Weekday
2026-01-08 04:00:00,23.43,64.97,70.7,Night,Weekday
2026-01-08 05:00:00,33.35,79.63,40.41,Night,Weekday
2026-01-08 06:00:00,32.19,45.32,75.97,Morning,Weekday
2026-01-08 07:00:00,32.87,83.27,67.94,Morning,Weekday
2026-01-08 08:00:00,21.76,80.47,64.24,Morning,Weekday
2026-01-08 09:00:00,37.87,93.29,61.17,Morning,Weekday
2026-01-08 10:00:00,27.79,32.37,65.97,Morning,Weekday
2026-01-08 11:00:00,26.27,61.33,48.09,Morning,Weekday
2026-01-08 12:00:00,29.25,77.54,45.44,Morning,Weekday
2026-01-08 13:00:00,27.8,36.66,54.48,Morning,Weekday
2026-01-08 14:00:00,37.27,58.74,75.48,Evening,Weekday
2026-01-08 15:00:00,38.59,95.95,69.41,Evening,Weekday
2026-01-08 16:00:00,26.07,60.52,64.01,Evening,Weekday
2026-01-08 17:00:00,37.28,98.98,68.58,Evening,Weekday
2026-01-08 18:00:00,35.63,33.98,67.96,Evening,Weekday
2026-01-08 19:00:00,38.62,80.25,55.35,Evening,Weekday
2026-01-08 20:00:00,24.92,70.67,44.87,Evening,Weekday
2026-01-08 21:00:00,31.54,65.04,84.84,Evening,Weekday
2026-01-08 22:00:00,25.49,97.96,70.0,Night,Weekday
2026-01-08 23:00:00,36.48,39.08,74.89,Night,Weekday
2026-01-09 00:00:00,20.11,92.72,63.2,Night,Weekday
2026-01-09 01:00:00,31.3,78.39,77.82,Night,Weekday
2026-01-09 02:00:00,26.78,48.13,69.22,Night,Weekday
2026-01-09 03:00:00,26.45,93.12,42.69,Night,Weekday
2026-01-09 04:00:00,32.9,60.05,84.5,Night,Weekday
2026-01-09 05:00:00,37.03,87.0,55.28,Night,Weekday
2026-01-09 06:00:00,32.18,57.22,46.89,Morning,Weekday
2026-01-09 07:00:00,37.06,89.57,44.4,Morning,Weekday
2026-01-09 08:00:00,25.29,74.56,76.02,Morning,Weekday
2026-01-09 09:00:00,30.39,39.87,75.2,Morning,Weekday
2026-01-09 10:00:00,29.01,75.48,75.01,Morning,Weekday
2026-01-09 11:00:00,20.23,43.39,85.79,Morning,Weekday
2026-01-09 12:00:00,31.14,58.83,57.45,Morning,Weekday
2026-01-09 13:00:00,33.23,41.92,68.06,Morning,Weekday
2026-01-09 14:00:00,31.84,31.54,70.97,Evening,Weekday
2026-01-09 15:00:00,34.73,44.83,88.97,Evening,Weekday
2026-01-09 16:00:00,31.43,67.55,55.62,Evening,Weekday
2026-01-09 17:00:00,21.34,63.71,87.82,Evening,Weekday
2026-01-09 18:00:00,22.33,65.1,47.44,Evening,Weekday
2026-01-09 19:00:00,31.93,47.34,78.2,Evening,Weekday
2026-01-09 20:00:00,25.5,77.96,71.64,Evening,Weekday
2026-01-09 21:00:00,21.59,79.3,80.84,Evening,Weekday
2026-01-09 22:00:00,28.59,55.06,41.43,Night,Weekday
2026-01-09 23:00:00,31.09,91.68,43.91,Night,Weekday
2026-01-10 00:00:00,26.57,75.08,43.48,Night,Weekend
2026-01-10 01:00:00,34.41,79.91,69.65,Night,Weekend
2026-01-10 02:00:00,32.88,49.41,70.15,Night,Weekend
2026-01-10 03:00:00,26.66,30.04,85.31,Night,Weekend
2026-01-10 04:00:00,35.1,90.58,63.38,Night,Weekend
2026-01-10 05:00:00,32.97,87.57,43.4,Night,Weekend
2026-01-10 06:00:00,32.75,38.62,50.48,Morning,Weekend
2026-01-10 07:00:00,31.07,56.19,40.4,Morning,Weekend
2026-01-10 08:00:00,20.23,76.29,78.84,Morning,Weekend
2026-01-10 09:00:00,33.93,75.65,80.78,Morning,Weekend
2026-01-10 10:00:00,27.52,90.22,89.9,Morning,Weekend
2026-01-10 11:00:00,38.85,39.82,60.61,Morning,Weekend
2026-01-10 12:00:00,36.36,60.1,40.96,Morning,Weekend
2026-01-10 13:00:00,31.75,36.81,51.74,Morning,Weekend
2026-01-10 14:00:00,25.04,57.27,69.39,Evening,Weekend
2026-01-10 15:00:00,24.07,31.06,88.1,Evening,Weekend
2026-01-10 16:00:00,26.81,92.88,45.18,Evening,Weekend
2026-01-10 17:00:00,29.53,66.89,46.08,Evening,Weekend
2026-01-10 18:00:00,25.92,89.49,75.09,Evening,Weekend
2026-01-10 19:00:00,30.3,34.19,73.36,Evening,Weekend
2026-01-10 20:00:00,23.31,45.92,52.53,Evening,Weekend
2026-01-10 21:00:00,39.55,48.16,80.66,Evening,Weekend
2026-01-10 22:00:00,22.16,57.07,46.44,Night,Weekend
2026-01-10 23:00:00,38.64,86.2,86.29,Night,Weekend
2026-01-11 00:00:00,38.27,57.06,50.05,Night,Weekend
2026-01-11 01:00:00,30.51,44.33,44.07,Night,Weekend
2026-01-11 02:00:00,34.5,34.55,56.98,Night,Weekend
2026-01-11 03:00:00,28.72,35.56,49.39,Night,Weekend
2026-01-11 04:00:00,32.6,83.2,66.35,Night,Weekend
2026-01-11 05:00:00,26.81,61.14,74.34,Night,Weekend
2026-01-11 06:00:00,26.02,80.83,64.55,Morning,Weekend
2026-01-11 07:00:00,31.56,77.76,73.03,Morning,Weekend
2026-01-11 08:00:00,29.96,39.48,58.25,Morning,Weekend
2026-01-11 09:00:00,31.59,40.0,41.4,Morning,Weekend
2026-01-11 10:00:00,25.73,82.87,88.7,Morning,Weekend
2026-01-11 11:00:00,27.34,80.49,80.97,Morning,Weekend
2026-01-11 12:00:00,21.68,56.46,43.67,Morning,Weekend
2026-01-11 13:00:00,21.05,35.42,62.46,Morning,Weekend
2026-01-11 14:00:00,25.07,30.85,71.75,Evening,Weekend
2026-01-11 15:00:00,21.48,50.17,49.53,Evening,Weekend
2026-01-11 16:00:00,22.08,30.65,68.9,Evening,Weekend
2026-01-11 17:00:00,36.26,46.11,66.68,Evening,Weekend
2026-01-11 18:00:00,20.78,59.37,50.41,Evening,Weekend
2026-01-11 19:00:00,33.18,38.5,47.06,Evening,Weekend
2026-01-11 20:00:00,25.45,37.3,77.95,Evening,Weekend
2026-01-11 21:00:00,37.43,92.75,56.13,Evening,Weekend
2026-01-11 22:00:00,29.7,70.98,52.2,Night,Weekend
2026-01-11 23:00:00,26.11,95.41,76.89,Night,Weekend
2026-01-12 00:00:00,30.35,54.21,76.8,Night,Weekday
2026-01-12 01:00:00,27.64,77.4,53.82,Night,Weekday
2026-01-12 02:00:00,31.29,44.33,83.63,Night,Weekday
2026-01-12 03:00:00,22.29,73.28,74.41,Night,Weekday
2026-01-12 04:00:00,39.94,39.07,57.29,Night,Weekday
2026-01-12 05:00:00,28.51,30.15,61.37,Night,Weekday
2026-01-12 06:00:00,26.96,95.21,76.34,Morning,Weekday
2026-01-12 07:00:00,34.2,68.84,50.58,Morning,Weekday
2026-01-12 08:00:00,27.28,94.89,63.44,Morning,Weekday
2026-01-12 09:00:00,36.67,53.37,72.68,Morning,Weekday
2026-01-12 10:00:00,29.09,52.95,66.97,Morning,Weekday
2026-01-12 11:00:00,34.39,58.05,70.42,Morning,Weekday
2026-01-12 12:00:00,22.15,79.42,67.31,Morning,Weekday
2026-01-12 13:00:00,36.92,69.61,49.96,Morning,Weekday
2026-01-12 14:00:00,34.71,94.77,60.51,Evening,Weekday
2026-01-12 15:00:00,24.23,31.78,66.6,Evening,Weekday
2026-01-12 16:00:00,22.91,79.57,79.0,Evening,Weekday
2026-01-12 17:00:00,26.33,53.12,72.7,Evening,Weekday
2026-01-12 18:00:00,39.52,42.62,61.33,Evening,Weekday
2026-01-12 19:00:00,25.14,65.73,88.72,Evening,Weekday
2026-01-12 20:00:00,29.12,65.35,45.39,Evening,Weekday
2026-01-12 21:00:00,20.6,39.59,50.34,Evening,Weekday
2026-01-12 22:00:00,27.94,44.13,57.07,Night,Weekday
2026-01-12 23:00:00,31.43,58.57,51.43,Night,Weekday
2026-01-13 00:00:00,39.06,58.62,71.27,Night,Weekday
2026-01-13 01:00:00,30.33,52.23,41.98,Night,Weekday
2026-01-13 02:00:00,36.38,40.4,48.87,Night,Weekday
2026-01-13 03:00:00,30.94,30.31,54.67,Night,Weekday
2026-01-13 04:00:00,20.82,97.92,74.17,Night,Weekday
2026-01-13 05:00:00,26.3,96.04,83.79,Night,Weekday
2026-01-13 06:00:00,31.51,63.86,79.92,Morning,Weekday
2026-01-13 07:00:00,39.01,99.65,49.1,Morning,Weekday
2026-01-13 08:00:00,37.18,77.16,68.27,Morning,Weekday
2026-01-13 09:00:00,24.57,34.82,41.5,Morning,Weekday
2026-01-13 10:00:00,24.4,38.24,55.53,Morning,Weekday
2026-01-13 11:00:00,24.02,94.13,80.3,Morning,Weekday
2026-01-13 12:00:00,38.45,74.1,62.83,Morning,Weekday
2026-01-13 13:00:00,37.05,89.02,47.5,Morning,Weekday
2026-01-13 14:00:00,35.5,92.88,61.93,Evening,Weekday
2026-01-13 15:00:00,27.85,61.36,49.9,Evening,Weekday
2026-01-13 16:00:00,30.09,33.4,59.66,Evening,Weekday
2026-01-13 17:00:00,29.29,43.18,64.39,Evening,Weekday
2026-01-13 18:00:00,25.07,34.66,57.48,Evening,Weekday
2026-01-13 19:00:00,30.1,43.21,86.85,Evening,Weekday
2026-01-13 20:00:00,20.61,58.74,68.13,Evening,Weekday
2026-01-13 21:00:00,22.64,38.27,82.14,Evening,Weekday
2026-01-13 22:00:00,37.73,41.67,78.04,Night,Weekday
2026-01-13 23:00:00,35.03,61.21,73.06,Night,Weekday
2026-01-14 00:00:00,28.46,53.81,64.84,Night,Weekday
2026-01-14 01:00:00,30.34,62.74,40.11,Night,Weekday
2026-01-14 02:00:00,27.4,60.04,70.67,Night,Weekday
2026-01-14 03:00:00,34.82,75.11,57.8,Night,Weekday
2026-01-14 04:00:00,35.68,95.6,45.89,Night,Weekday
2026-01-14 05:00:00,35.27,37.55,62.23,Night,Weekday
2026-01-14 06:00:00,34.45,36.95,76.78,Morning,Weekday
2026-01-14 07:00:00,24.09,89.7,88.08,Morning,Weekday
2026-01-14 08:00:00,26.76,65.45,58.71,Morning,Weekday
2026-01-14 09:00:00,29.4,83.65,67.14,Morning,Weekday
2026-01-14 10:00:00,26.62,45.08,82.56,Morning,Weekday
2026-01-14 11:00:00,35.1,88.02,56.7,Morning,Weekday
2026-01-14 12:00:00,26.59,94.67,47.11,Morning,Weekday
2026-01-14 13:00:00,22.76,74.48,54.09,Morning,Weekday
2026-01-14 14:00:00,27.98,37.41,84.96,Evening,Weekday
2026-01-14 15:00:00,39.6,92.67,47.97,Evening,Weekday
2026-01-14 16:00:00,24.52,85.47,56.46,Evening,Weekday
2026-01-14 17:00:00,32.24,82.56,63.23,Evening,Weekday
2026-01-14 18:00:00,28.66,32.57,82.36,Evening,Weekday
2026-01-14 19:00:00,21.42,85.93,86.89,Evening,Weekday
2026-01-14 20:00:00,29.76,39.66,61.29,Evening,Weekday
2026-01-14 21:00:00,34.04,45.57,86.6,Evening,Weekday
2026-01-14 22:00:00,30.26,70.4,48.07,Night,Weekday
2026-01-14 23:00:00,37.44,48.55,47.84,Night,Weekday
2026-01-15 00:00:00,25.78,76.29,87.46,Night,Weekday
2026-01-15 01:00:00,21.72,72.56,65.48,Night,Weekday
2026-01-15 02:00:00,38.73,37.57,49.3,Night,Weekday
2026-01-15 03:00:00,27.56,75.92,64.4,Night,Weekday
2026-01-15 04:00:00,31.53,94.68,79.16,Night,Weekday
2026-01-15 05:00:00,35.84,41.28,81.35,Night,Weekday
2026-01-15 06:00:00,26.49,71.79,83.2,Morning,Weekday
2026-01-15 07:00:00,34.32,53.93,68.48,Morning,Weekday
2026-01-15 08:00:00,22.71,62.17,83.35,Morning,Weekday
2026-01-15 09:00:00,25.83,50.09,65.5,Morning,Weekday
2026-01-15 10:00:00,22.89,54.79,70.35,Morning,Weekday
2026-01-15 11:00:00,36.22,32.02,77.94,Morning,Weekday
2026-01-15 12:00:00,24.45,98.71,61.27,Morning,Weekday
2026-01-15 13:00:00,34.35,73.74,43.68,Morning,Weekday
2026-01-15 14:00:00,38.87,65.05,57.51,Evening,Weekday
2026-01-15 15:00:00,30.56,56.86,71.2,Evening,Weekday
2026-01-15 16:00:00,30.8,67.76,49.62,Evening,Weekday
2026-01-15 17:00:00,29.22,56.61,47.42,Evening,Weekday
2026-01-15 18:00:00,26.52,55.19,54.65,Evening,Weekday
2026-01-15 19:00:00,29.51,62.48,41.61,Evening,Weekday
2026-01-15 20:00:00,32.06,49.32,77.17,Evening,Weekday
2026-01-15 21:00:00,39.72,42.6,52.94,Evening,Weekday
2026-01-15 22:00:00,38.76,68.96,46.21,Night,Weekday
2026-01-15 23:00:00,37.24,88.99,74.96,Night,Weekday
2026-01-16 00:00:00,37.78,40.7,82.15,Night,Weekday
2026-01-16 01:00:00,29.36,32.29,40.99,Night,Weekday
2026-01-16 02:00:00,33.15,47.28,51.68,Night,Weekday
2026-01-16 03:00:00,37.9,98.58,87.26,Night,Weekday
2026-01-16 04:00:00,27.86,88.01,59.26,Night,Weekday
2026-01-16 05:00:00,39.24,71.71,86.93,Night,Weekday
2026-01-16 06:00:00,28.32,95.05,53.71,Morning,Weekday
2026-01-16 07:00:00,32.02,61.17,50.9,Morning,Weekday
2026-01-16 08:00:00,34.2,98.83,50.71,Morning,Weekday
2026-01-16 09:00:00,39.01,50.74,44.26,Morning,Weekday
2026-01-16 10:00:00,24.89,46.82,84.82,Morning,Weekday
2026-01-16 11:00:00,34.92,74.66,88.99,Morning,Weekday
2026-01-16 12:00:00,30.42,56.47,87.73,Morning,Weekday
2026-01-16 13:00:00,25.37,73.85,82.6,Morning,Weekday
2026-01-16 14:00:00,35.53,51.35,82.34,Evening,Weekday
2026-01-16 15:00:00,31.04,73.25,73.05,Evening,Weekday
2026-01-16 16:00:00,33.22,49.3,81.31,Evening,Weekday
2026-01-16 17:00:00,26.46,33.57,50.42,Evening,Weekday
2026-01-16 18:00:00,29.63,93.85,59.4,Evening,Weekday
2026-01-16 19:00:00,32.35,91.82,72.04,Evening,Weekday
2026-01-16 20:00:00,28.1,97.96,83.74,Evening,Weekday
2026-01-16 21:00:00,23.97,80.16,73.02,Evening,Weekday
2026-01-16 22:00:00,39.23,77.79,81.95,Night,Weekday
2026-01-16 23:00:00,30.23,69.13,63.7,Night,Weekday
2026-01-17 00:00:00,34.68,38.82,75.87,Night,Weekend
2026-01-17 01:00:00,28.22,43.25,89.0,Night,Weekend
2026-01-17 02:00:00,27.1,50.26,47.67,Night,Weekend
2026-01-17 03:00:00,28.14,92.31,86.35,Night,Weekend
2026-01-17 04:00:00,28.18,42.11,66.12,Night,Weekend
2026-01-17 05:00:00,30.88,94.6,72.16,Night,Weekend
2026-01-17 06:00:00,30.87,66.6,83.89,Morning,Weekend
2026-01-17 07:00:00,29.94,80.09,60.48,Morning,Weekend
2026-01-17 08:00:00,22.7,37.72,60.93,Morning,Weekend
2026-01-17 09:00:00,29.92,48.83,66.36,Morning,Weekend
2026-01-17 10:00:00,23.38,97.1,40.96,Morning,Weekend
2026-01-17 11:00:00,22.52,48.63,64.83,Morning,Weekend
2026-01-17 12:00:00,38.65,50.76,54.55,Morning,Weekend
2026-01-17 13:00:00,32.1,43.83,86.4,Morning,Weekend
2026-01-17 14:00:00,33.19,39.04,44.39,Evening,Weekend
2026-01-17 15:00:00,28.04,46.33,62.97,Evening,Weekend
2026-01-17 16:00:00,38.18,74.96,87.37,Evening,Weekend
2026-01-17 17:00:00,32.76,61.88,85.05,Evening,Weekend
2026-01-17 18:00:00,35.38,68.76,75.07,Evening,Weekend
2026-01-17 19:00:00,27.37,38.57,69.47,Evening,Weekend
2026-01-17 20:00:00,39.2,86.15,54.04,Evening,Weekend
2026-01-17 21:00:00,36.41,84.89,58.35,Evening,Weekend
2026-01-17 22:00:00,37.08,31.51,44.51,Night,Weekend
2026-01-17 23:00:00,23.44,56.85,79.31,Night,Weekend
2026-01-18 00:00:00,25.42,34.81,56.19,Night,Weekend
2026-01-18 01:00:00,25.71,85.45,73.39,Night,Weekend
2026-01-18 02:00:00,25.42,81.61,57.88,Night,Weekend
2026-01-18 03:00:00,37.11,93.14,63.22,Night,Weekend
2026-01-18 04:00:00,20.64,46.55,67.75,Night,Weekend
2026-01-18 05:00:00,21.52,61.94,80.09,Night,Weekend
2026-01-18 06:00:00,25.48,42.91,50.56,Morning,Weekend
2026-01-18 07:00:00,24.0,55.99,59.94,Morning,Weekend
2026-01-18 08:00:00,24.64,66.56,46.5,Morning,Weekend
2026-01-18 09:00:00,35.96,33.73,43.79,Morning,Weekend
2026-01-18 10:00:00,31.26,80.04,70.23,Morning,Weekend
2026-01-18 11:00:00,20.12,68.03,49.45,Morning,Weekend
2026-01-18 12:00:00,28.59,88.03,42.99,Morning,Weekend
2026-01-18 13:00:00,28.16,49.02,84.85,Morning,Weekend
2026-01-18 14:00:00,22.28,93.23,66.72,Evening,Weekend
2026-01-18 15:00:00,33.52,99.91,46.73,Evening,Weekend
2026-01-18 16:00:00,34.04,94.35,42.67,Evening,Weekend
2026-01-18 17:00:00,34.42,84.45,45.99,Evening,Weekend
2026-01-18 18:00:00,34.57,86.87,63.57,Evening,Weekend
2026-01-18 19:00:00,20.0,70.16,73.42,Evening,Weekend
2026-01-18 20:00:00,39.08,43.31,72.06,Evening,Weekend
2026-01-18 21:00:00,36.28,77.39,47.22,Evening,Weekend
2026-01-18 22:00:00,38.08,79.89,71.67,Night,Weekend
2026-01-18 23:00:00,20.31,98.98,60.24,Night,Weekend
2026-01-19 00:00:00,38.68,67.89,63.24,Night,Weekday
2026-01-19 01:00:00,36.2,49.0,80.07,Night,Weekday
2026-01-19 02:00:00,36.74,77.86,56.62,Night,Weekday
2026-01-19 03:00:00,21.87,98.56,47.35,Night,Weekday
2026-01-19 04:00:00,34.78,42.4,83.67,Night,Weekday
2026-01-19 05:00:00,39.2,52.82,50.61,Night,Weekday
2026-01-19 06:00:00,33.57,67.93,54.7,Morning,Weekday
2026-01-19 07:00:00,31.41,41.92,75.33,Morning,Weekday
2026-01-19 08:00:00,38.91,31.56,74.18,Morning,Weekday
2026-01-19 09:00:00,28.86,53.59,80.02,Morning,Weekday
2026-01-19 10:00:00,31.99,90.58,49.19,Morning,Weekday
2026-01-19 11:00:00,29.53,33.04,57.61,Morning,Weekday
2026-01-19 12:00:00,38.66,60.03,46.29,Morning,Weekday
2026-01-19 13:00:00,21.52,83.35,67.05,Morning,Weekday
2026-01-19 14:00:00,30.02,96.72,54.63,Evening,Weekday
2026-01-19 15:00:00,33.74,98.98,74.45,Evening,Weekday
2026-01-19 16:00:00,35.84,59.54,40.02,Evening,Weekday
2026-01-19 17:00:00,31.66,96.53,42.98,Evening,Weekday
2026-01-19 18:00:00,38.18,32.48,61.63,Evening,Weekday
2026-01-19 19:00:00,38.84,82.21,87.91,Evening,Weekday
2026-01-19 20:00:00,21.29,74.99,84.54,Evening,Weekday
2026-01-19 21:00:00,28.05,47.47,89.7,Evening,Weekday
2026-01-19 22:00:00,20.47,65.51,60.84,Night,Weekday
2026-01-19 23:00:00,26.59,39.07,42.33,Night,Weekday
2026-01-20 00:00:00,30.74,91.01,55.3,Night,Weekday
2026-01-20 01:00:00,38.22,55.05,73.79,Night,Weekday
2026-01-20 02:00:00,36.93,73.82,46.76,Night,Weekday
2026-01-20 03:00:00,22.55,41.11,55.0,Night,Weekday
2026-01-20 04:00:00,21.86,44.43,42.81,Night,Weekday
2026-01-20 05:00:00,31.79,99.44,63.75,Night,Weekday
2026-01-20 06:00:00,30.64,82.72,50.45,Morning,Weekday
2026-01-20 07:00:00,25.33,97.34,44.56,Morning,Weekday
2026-01-20 08:00:00,37.99,50.71,60.56,Morning,Weekday
2026-01-20 09:00:00,38.55,41.52,57.56,Morning,Weekday
2026-01-20 10:00:00,28.05,65.21,66.88,Morning,Weekday
2026-01-20 11:00:00,37.81,64.63,77.45,Morning,Weekday
2026-01-20 12:00:00,27.68,42.25,45.63,Morning,Weekday
2026-01-20 13:00:00,34.74,81.33,79.56,Morning,Weekday
2026-01-20 14:00:00,29.52,55.32,41.31,Evening,Weekday
2026-01-20 15:00:00,22.45,43.05,62.16,Evening,Weekday
2026-01-20 16:00:00,38.56,53.24,69.37,Evening,Weekday
2026-01-20 17:00:00,29.08,69.46,87.85,Evening,Weekday
2026-01-20 18:00:00,34.69,80.85,68.7,Evening,Weekday
2026-01-20 19:00:00,27.34,63.73,47.94,Evening,Weekday
2026-01-20 20:00:00,20.38,66.79,65.88,Evening,Weekday
2026-01-20 21:00:00,22.01,39.73,59.79,Evening,Weekday
2026-01-20 22:00:00,29.92,94.03,63.97,Night,Weekday
2026-01-20 23:00:00,33.8,95.01,49.85,Night,Weekday
2026-01-21 00:00:00,26.69,77.84,65.04,Night,Weekday
2026-01-21 01:00:00,33.91,31.23,47.5,Night,Weekday
2026-01-21 02:00:00,33.97,67.6,77.2,Night,Weekday
2026-01-21 03:00:00,34.08,74.05,69.7,Night,Weekday
2026-01-21 04:00:00,29.85,99.63,43.93,Night,Weekday
2026-01-21 05:00:00,38.3,99.72,84.48,Night,Weekday
2026-01-21 06:00:00,29.78,90.03,70.82,Morning,Weekday
2026-01-21 07:00:00,29.01,34.47,55.81,Morning,Weekday
2026-01-21 08:00:00,23.99,96.73,42.28,Morning,Weekday
2026-01-21 09:00:00,26.15,72.89,71.61,Morning,Weekday
2026-01-21 10:00:00,20.85,86.06,58.67,Morning,Weekday
2026-01-21 11:00:00,32.67,58.5,85.38,Morning,Weekday
2026-01-21 12:00:00,24.97,52.38,41.74,Morning,Weekday
2026-01-21 13:00:00,26.08,62.43,41.96,Morning,Weekday
2026-01-21 14:00:00,35.42,40.28,87.46,Evening,Weekday
2026-01-21 15:00:00,26.54,54.99,88.24,Evening,Weekday
2026-01-21 16:00:00,24.84,90.03,41.39,Evening,Weekday
2026-01-21 17:00:00,23.38,32.66,75.8,Evening,Weekday
2026-01-21 18:00:00,35.5,40.56,51.07,Evening,Weekday
2026-01-21 19:00:00,22.59,38.76,75.07,Evening,Weekday
2026-01-21 20:00:00,29.08,58.22,83.44,Evening,Weekday
2026-01-21 21:00:00,30.14,99.79,45.04,Evening,Weekday
2026-01-21 22:00:00,33.75,42.14,51.94,Night,Weekday
2026-01-21 23:00:00,32.67,40.18,41.2,Night,Weekday
2026-01-22 00:00:00,36.21,94.05,42.19,Night,Weekday
2026-01-22 01:00:00,20.9,91.74,41.48,Night,Weekday
2026-01-22 02:00:00,25.93,32.26,80.03,Night,Weekday
2026-01-22 03:00:00,25.6,82.62,54.91,Night,Weekday
2026-01-22 04:00:00,22.92,75.88,64.66,Night,Weekday
2026-01-22 05:00:00,25.78,83.74,79.39,Night,Weekday
2026-01-22 06:00:00,26.2,64.62,64.75,Morning,Weekday
2026-01-22 07:00:00,30.44,99.4,61.46,Morning,Weekday
2026-01-22 08:00:00,33.27,33.07,40.58,Morning,Weekday
2026-01-22 09:00:00,27.62,46.41,68.4,Morning,Weekday
2026-01-22 10:00:00,34.39,57.76,46.24,Morning,Weekday
2026-01-22 11:00:00,26.72,61.48,78.23,Morning,Weekday
2026-01-22 12:00:00,25.81,94.5,52.89,Morning,Weekday
2026-01-22 13:00:00,30.82,69.2,73.71,Morning,Weekday
2026-01-22 14:00:00,20.47,33.16,72.31,Evening,Weekday
2026-01-22 15:00:00,21.6,58.55,70.83,Evening,Weekday
2026-01-22 16:00:00,28.36,59.15,53.35,Evening,Weekday
2026-01-22 17:00:00,38.86,97.58,53.35,Evening,Weekday
2026-01-22 18:00:00,34.43,71.94,83.15,Evening,Weekday
2026-01-22 19:00:00,21.76,74.5,40.64,Evening,Weekday
2026-01-22 20:00:00,36.93,79.93,49.08,Evening,Weekday
2026-01-22 21:00:00,34.65,83.9,70.51,Evening,Weekday
2026-01-22 22:00:00,32.22,74.45,80.85,Night,Weekday
2026-01-22 23:00:00,36.41,46.6,57.92,Night,Weekday
2026-01-23 00:00:00,28.08,91.18,72.67,Night,Weekday
2026-01-23 01:00:00,24.43,81.25,67.86,Night,Weekday
2026-01-23 02:00:00,30.24,81.93,43.23,Night,Weekday
2026-01-23 03:00:00,30.98,99.76,71.09,Night,Weekday
2026-01-23 04:00:00,30.77,86.18,80.7,Night,Weekday
2026-01-23 05:00:00,31.3,88.04,89.62,Night,Weekday
2026-01-23 06:00:00,38.97,96.6,41.48,Morning,Weekday
2026-01-23 07:00:00,38.04,40.58,73.0,Morning,Weekday
2026-01-23 08:00:00,37.51,64.84,60.73,Morning,Weekday
2026-01-23 09:00:00,36.03,70.64,40.49,Morning,Weekday
2026-01-23 10:00:00,38.87,53.05,70.72,Morning,Weekday
2026-01-23 11:00:00,21.97,88.76,46.12,Morning,Weekday
2026-01-23 12:00:00,25.3,83.37,58.93,Morning,Weekday
2026-01-23 13:00:00,29.9,80.46,53.07,Morning,Weekday
2026-01-23 14:00:00,36.93,99.8,58.06,Evening,Weekday
2026-01-23 15:00:00,30.1,48.16,64.63,Evening,Weekday
2026-01-23 16:00:00,34.96,81.48,57.96,Evening,Weekday
2026-01-23 17:00:00,22.78,68.6,67.64,Evening,Weekday
2026-01-23 18:00:00,25.05,51.91,51.93,Evening,Weekday
2026-01-23 19:00:00,34.64,41.24,71.77,Evening,Weekday
2026-01-23 20:00:00,23.29,92.71,82.69,Evening,Weekday
2026-01-23 21:00:00,27.03,71.68,51.2,Evening,Weekday
2026-01-23 22:00:00,25.3,87.75,65.39,Night,Weekday
2026-01-23 23:00:00,27.0,68.17,72.43,Night,Weekday
2026-01-24 00:00:00,34.17,45.4,68.23,Night,Weekend
2026-01-24 01:00:00,27.36,53.63,58.28,Night,Weekend
2026-01-24 02:00:00,31.11,56.71,72.11,Night,Weekend
2026-01-24 03:00:00,22.0,98.11,41.41,Night,Weekend
2026-01-24 04:00:00,36.1,30.39,58.5,Night,Weekend
2026-01-24 05:00:00,27.4,99.0,66.63,Night,Weekend
2026-01-24 06:00:00,32.97,98.63,41.03,Morning,Weekend
2026-01-24 07:00:00,34.51,99.73,65.38,Morning,Weekend
2026-01-24 08:00:00,24.19,63.36,72.71,Morning,Weekend
2026-01-24 09:00:00,37.69,97.47,77.96,Morning,Weekend
2026-01-24 10:00:00,32.32,57.69,45.67,Morning,Weekend
2026-01-24 11:00:00,28.57,31.84,89.53,Morning,Weekend
2026-01-24 12:00:00,23.65,45.7,70.31,Morning,Weekend
2026-01-24 13:00:00,38.85,96.17,58.16,Morning,Weekend
2026-01-24 14:00:00,35.1,30.96,52.45,Evening,Weekend
2026-01-24 15:00:00,24.16,68.22,68.64,Evening,Weekend
2026-01-24 16:00:00,26.75,35.29,84.09,Evening,Weekend
2026-01-24 17:00:00,36.19,50.05,66.03,Evening,Weekend
2026-01-24 18:00:00,33.91,36.17,73.07,Evening,Weekend
2026-01-24 19:00:00,35.32,90.17,57.88,Evening,Weekend
2026-01-24 20:00:00,28.82,71.37,59.41,Evening,Weekend
2026-01-24 21:00:00,34.33,93.15,54.31,Evening,Weekend
2026-01-24 22:00:00,27.73,78.18,75.28,Night,Weekend
2026-01-24 23:00:00,24.23,97.97,57.96,Night,Weekend
2026-01-25 00:00:00,32.65,65.69,49.54,Night,Weekend
2026-01-25 01:00:00,39.52,74.71,58.47,Night,Weekend
2026-01-25 02:00:00,26.21,70.34,82.69,Night,Weekend
2026-01-25 03:00:00,29.22,63.9,76.91,Night,Weekend
2026-01-25 04:00:00,33.48,89.22,56.73,Night,Weekend
2026-01-25 05:00:00,30.83,75.12,85.34,Night,Weekend
2026-01-25 06:00:00,36.87,86.09,43.74,Morning,Weekend
2026-01-25 07:00:00,35.23,85.05,42.49,Morning,Weekend
2026-01-25 08:00:00,21.17,43.37,46.37,Morning,Weekend
2026-01-25 09:00:00,39.97,75.51,45.82,Morning,Weekend
2026-01-25 10:00:00,35.05,43.98,44.39,Morning,Weekend
2026-01-25 11:00:00,37.28,70.83,73.07,Morning,Weekend
2026-01-25 12:00:00,33.02,77.42,70.04,Morning,Weekend
2026-01-25 13:00:00,37.13,99.81,72.38,Morning,Weekend
2026-01-25 14:00:00,22.25,32.14,74.42,Evening,Weekend
2026-01-25 15:00:00,26.95,36.39,77.84,Evening,Weekend
2026-01-25 16:00:00,37.53,35.39,50.36,Evening,Weekend
2026-01-25 17:00:00,24.03,57.89,71.12,Evening,Weekend
2026-01-25 18:00:00,21.56,87.51,69.0,Evening,Weekend
2026-01-25 19:00:00,35.76,89.08,87.18,Evening,Weekend
2026-01-25 20:00:00,36.71,81.59,51.62,Evening,Weekend
2026-01-25 21:00:00,23.25,92.78,42.94,Evening,Weekend
2026-01-25 22:00:00,37.09,52.6,72.67,Night,Weekend
2026-01-25 23:00:00,33.74,36.17,77.01,Night,Weekend
2026-01-26 00:00:00,30.4,34.07,54.16,Night,Weekday
2026-01-26 01:00:00,36.61,89.65,68.54,Night,Weekday
2026-01-26 02:00:00,28.38,81.13,42.98,Night,Weekday
2026-01-26 03:00:00,23.88,78.9,88.0,Night,Weekday
2026-01-26 04:00:00,25.7,53.78,45.5,Night,Weekday
2026-01-26 05:00:00,30.1,56.59,43.38,Night,Weekday
2026-01-26 06:00:00,30.63,97.07,42.21,Morning,Weekday
2026-01-26 07:00:00,36.11,34.47,61.36,Morning,Weekday
2026-01-26 08:00:00,35.83,84.16,44.86,Morning,Weekday
2026-01-26 09:00:00,31.63,51.67,77.23,Morning,Weekday
2026-01-26 10:00:00,35.62,32.73,84.94,Morning,Weekday
2026-01-26 11:00:00,23.84,81.98,53.01,Morning,Weekday
2026-01-26 12:00:00,21.0,53.16,71.44,Morning,Weekday
2026-01-26 13:00:00,37.47,80.55,42.12,Morning,Weekday
2026-01-26 14:00:00,21.51,79.54,59.33,Evening,Weekday
2026-01-26 15:00:00,24.93,67.44,54.65,Evening,Weekday
2026-01-26 16:00:00,33.91,84.42,51.43,Evening,Weekday
2026-01-26 17:00:00,28.19,70.67,72.24,Evening,Weekday
2026-01-26 18:00:00,37.53,50.06,46.51,Evening,Weekday
2026-01-26 19:00:00,25.96,81.39,83.04,Evening,Weekday
2026-01-26 20:00:00,20.24,71.24,73.24,Evening,Weekday
2026-01-26 21:00:00,26.01,30.89,75.54,Evening,Weekday
2026-01-26 22:00:00,31.56,93.12,86.77,Night,Weekday
2026-01-26 23:00:00,27.52,68.2,87.12,Night,Weekday
2026-01-27 00:00:00,30.7,90.8,67.58,Night,Weekday
2026-01-27 01:00:00,37.53,91.79,64.77,Night,Weekday
2026-01-27 02:00:00,38.25,61.15,56.77,Night,Weekday
2026-01-27 03:00:00,25.32,65.54,75.78,Night,Weekday
2026-01-27 04:00:00,29.24,59.1,66.91,Night,Weekday
2026-01-27 05:00:00,30.98,61.46,86.64,Night,Weekday
2026-01-27 06:00:00,38.98,92.66,51.93,Morning,Weekday
2026-01-27 07:00:00,39.97,85.17,55.51,Morning,Weekday
2026-01-27 08:00:00,24.71,38.86,55.8,Morning,Weekday
2026-01-27 09:00:00,34.54,72.72,80.3,Morning,Weekday
2026-01-27 10:00:00,27.56,99.71,44.95,Morning,Weekday
2026-01-27 11:00:00,20.16,71.69,62.78,Morning,Weekday
2026-01-27 12:00:00,20.19,85.01,61.38,Morning,Weekday
2026-01-27 13:00:00,29.21,83.83,43.66,Morning,Weekday
2026-01-27 14:00:00,29.77,54.52,60.54,Evening,Weekday
2026-01-27 15:00:00,20.45,56.03,65.67,Evening,Weekday
2026-01-27 16:00:00,33.74,80.69,43.26,Evening,Weekday
2026-01-27 17:00:00,25.88,65.0,65.49,Evening,Weekday
2026-01-27 18:00:00,31.2,69.94,87.96,Evening,Weekday
2026-01-27 19:00:00,26.02,79.9,88.95,Evening,Weekday
2026-01-27 20:00:00,23.34,84.43,66.58,Evening,Weekday
2026-01-27 21:00:00,28.14,49.01,65.75,Evening,Weekday
2026-01-27 22:00:00,24.65,40.28,54.28,Night,Weekday
2026-01-27 23:00:00,30.7,50.43,89.86,Night,Weekday
2026-01-28 00:00:00,23.98,65.53,53.71,Night,Weekday
2026-01-28 01:00:00,30.17,53.95,62.65,Night,Weekday
2026-01-28 02:00:00,23.15,69.79,40.15,Night,Weekday
2026-01-28 03:00:00,33.42,33.74,57.46,Night,Weekday
2026-01-28 04:00:00,35.08,65.68,43.57,Night,Weekday
2026-01-28 05:00:00,22.21,55.76,77.19,Night,Weekday
2026-01-28 06:00:00,29.36,67.43,68.05,Morning,Weekday
2026-01-28 07:00:00,21.42,59.58,68.61,Morning,Weekday
2026-01-28 08:00:00,31.96,49.9,54.33,Morning,Weekday
2026-01-28 09:00:00,25.29,93.29,80.74,Morning,Weekday
2026-01-28 10:00:00,30.55,42.93,40.16,Morning,Weekday
2026-01-28 11:00:00,30.35,77.7,56.68,Morning,Weekday
2026-01-28 12:00:00,38.49,94.73,72.97,Morning,Weekday
2026-01-28 13:00:00,30.98,67.71,85.4,Morning,Weekday
2026-01-28 14:00:00,31.66,91.35,51.73,Evening,Weekday
2026-01-28 15:00:00,28.03,38.74,67.06,Evening,Weekday
2026-01-28 16:00:00,38.98,64.57,66.9,Evening,Weekday
2026-01-28 17:00:00,35.54,61.99,83.71,Evening,Weekday
2026-01-28 18:00:00,25.71,30.57,42.53,Evening,Weekday
2026-01-28 19:00:00,36.88,61.03,61.22,Evening,Weekday
2026-01-28 20:00:00,28.65,55.83,49.12,Evening,Weekday
2026-01-28 21:00:00,36.57,76.89,41.08,Evening,Weekday
2026-01-28 22:00:00,36.46,95.68,47.35,Night,Weekday
2026-01-28 23:00:00,23.78,36.01,88.82,Night,Weekday
2026-01-29 00:00:00,34.02,52.92,50.74,Night,Weekday
2026-01-29 01:00:00,25.81,61.08,86.75,Night,Weekday
2026-01-29 02:00:00,25.95,61.86,50.26,Night,Weekday
2026-01-29 03:00:00,25.93,84.24,86.56,Night,Weekday
2026-01-29 04:00:00,34.51,61.04,72.73,Night,Weekday
2026-01-29 05:00:00,24.6,31.9,45.66,Night,Weekday
2026-01-29 06:00:00,20.02,79.71,69.1,Morning,Weekday
2026-01-29 07:00:00,34.3,91.94,55.93,Morning,Weekday
2026-01-29 08:00:00,23.42,65.97,59.16,Morning,Weekday
2026-01-29 09:00:00,22.09,70.68,62.01,Morning,Weekday
2026-01-29 10:00:00,24.75,41.41,61.14,Morning,Weekday
2026-01-29 11:00:00,27.6,45.45,73.21,Morning,Weekday
2026-01-29 12:00:00,29.52,46.46,78.42,Morning,Weekday
2026-01-29 13:00:00,20.89,60.15,56.46,Morning,Weekday
2026-01-29 14:00:00,39.41,94.97,86.22,Evening,Weekday
2026-01-29 15:00:00,34.32,66.52,86.92,Evening,Weekday
2026-01-29 16:00:00,26.46,43.45,42.03,Evening,Weekday
2026-01-29 17:00:00,26.37,48.63,40.75,Evening,Weekday
2026-01-29 18:00:00,28.97,56.88,61.25,Evening,Weekday
2026-01-29 19:00:00,32.52,73.63,69.53,Evening,Weekday
2026-01-29 20:00:00,22.93,60.8,53.9,Evening,Weekday
2026-01-29 21:00:00,23.78,57.47,52.97,Evening,Weekday
2026-01-29 22:00:00,37.19,69.53,73.92,Night,Weekday
2026-01-29 23:00:00,25.13,46.93,70.09,Night,Weekday
2026-01-30 00:00:00,27.6,35.52,48.36,Night,Weekday
2026-01-30 01:00:00,37.43,31.71,84.23,Night,Weekday
2026-01-30 02:00:00,33.26,47.59,74.0,Night,Weekday
2026-01-30 03:00:00,26.83,36.41,58.13,Night,Weekday
2026-01-30 04:00:00,33.67,53.54,74.18,Night,Weekday
2026-01-30 05:00:00,20.39,84.11,45.63,Night,Weekday
2026-01-30 06:00:00,34.71,80.14,63.41,Morning,Weekday
2026-01-30 07:00:00,29.74,72.76,48.45,Morning,Weekday
2026-01-30 08:00:00,36.26,89.68,42.07,Morning,Weekday
2026-01-30 09:00:00,39.09,49.74,56.92,Morning,Weekday
2026-01-30 10:00:00,38.52,91.95,47.54,Morning,Weekday
2026-01-30 11:00:00,38.19,57.95,71.68,Morning,Weekday
2026-01-30 12:00:00,30.24,58.06,73.7,Morning,Weekday
2026-01-30 13:00:00,27.2,58.37,47.43,Morning,Weekday
2026-01-30 14:00:00,29.3,36.87,41.23,Evening,Weekday
2026-01-30 15:00:00,33.8,98.28,79.64,Evening,Weekday
2026-01-30 16:00:00,37.68,39.7,40.1,Evening,Weekday
2026-01-30 17:00:00,24.14,53.86,57.2,Evening,Weekday
2026-01-30 18:00:00,38.36,52.35,64.73,Evening,Weekday
2026-01-30 19:00:00,36.3,35.23,80.93,Evening,Weekday
2026-01-30 20:00:00,39.58,40.66,81.93,Evening,Weekday
2026-01-30 21:00:00,37.61,33.14,76.25,Evening,Weekday
2026-01-30 22:00:00,25.6,50.47,52.36,Night,Weekday
2026-01-30 23:00:00,22.12,90.67,76.01,Night,Weekday
2026-01-31 00:00:00,22.24,53.76,52.33,Night,Weekend
2026-01-31 01:00:00,25.82,38.66,50.73,Night,Weekend
2026-01-31 02:00:00,32.28,75.2,67.36,Night,Weekend
2026-01-31 03:00:00,36.09,99.76,73.94,Night,Weekend
2026-01-31 04:00:00,37.99,46.26,42.65,Night,Weekend
2026-01-31 05:00:00,32.48,49.57,43.0,Night,Weekend
2026-01-31 06:00:00,20.11,98.03,79.21,Morning,Weekend
2026-01-31 07:00:00,23.73,42.51,82.97,Morning,Weekend
2026-01-31 08:00:00,21.99,65.78,70.22,Morning,Weekend
2026-01-31 09:00:00,27.27,46.78,61.44,Morning,Weekend
2026-01-31 10:00:00,30.03,95.26,82.27,Morning,Weekend
2026-01-31 11:00:00,20.87,98.71,76.44,Morning,Weekend
2026-01-31 12:00:00,26.97,87.03,68.98,Morning,Weekend
2026-01-31 13:00:00,23.58,52.03,55.99,Morning,Weekend
2026-01-31 14:00:00,32.94,58.24,49.9,Evening,Weekend
2026-01-31 15:00:00,29.29,46.96,60.93,Evening,Weekend
2026-01-31 16:00:00,29.91,92.35,54.34,Evening,Weekend
2026-01-31 17:00:00,28.55,94.02,56.96,Evening,Weekend
2026-01-31 18:00:00,39.12,59.32,65.78,Evening,Weekend
2026-01-31 19:00:00,24.29,75.96,48.45,Evening,Weekend
2026-01-31 20:00:00,30.33,41.59,80.31,Evening,Weekend
2026-01-31 21:00:00,34.72,60.45,47.28,Evening,Weekend
2026-01-31 22:00:00,31.14,74.2,64.05,Night,Weekend
2026-01-31 23:00:00,38.58,56.98,77.3,Night,Weekend
2026-02-01 00:00:00,27.56,55.03,64.25,Night,Weekend
2026-02-01 01:00:00,29.27,30.07,58.05,Night,Weekend
2026-02-01 02:00:00,21.77,86.3,63.74,Night,Weekend
2026-02-01 03:00:00,32.18,92.25,82.43,Night,Weekend
2026-02-01 04:00:00,25.76,97.86,89.52,Night,Weekend
2026-02-01 05:00:00,23.21,80.35,71.56,Night,Weekend
2026-02-01 06:00:00,30.89,68.42,79.67,Morning,Weekend
2026-02-01 07:00:00,30.65,48.85,40.72,Morning,Weekend
2026-02-01 08:00:00,21.52,99.95,84.02,Morning,Weekend
2026-02-01 09:00:00,33.96,71.28,87.7,Morning,Weekend
2026-02-01 10:00:00,32.48,77.68,68.76,Morning,Weekend
2026-02-01 11:00:00,23.78,77.77,77.69,Morning,Weekend
2026-02-01 12:00:00,29.39,89.17,65.64,Morning,Weekend
2026-02-01 13:00:00,34.41,30.68,54.31,Morning,Weekend
2026-02-01 14:00:00,30.59,45.42,82.61,Evening,Weekend
2026-02-01 15:00:00,27.91,76.59,69.84,Evening,Weekend
2026-02-01 16:00:00,26.45,92.66,68.97,Evening,Weekend
2026-02-01 17:00:00,32.21,77.97,72.96,Evening,Weekend
2026-02-01 18:00:00,38.78,58.94,82.8,Evening,Weekend
2026-02-01 19:00:00,33.43,55.31,76.6,Evening,Weekend
2026-02-01 20:00:00,21.49,81.66,50.56,Evening,Weekend
2026-02-01 21:00:00,29.21,81.89,63.34,Evening,Weekend
2026-02-01 22:00:00,37.82,72.49,89.01,Night,Weekend
2026-02-01 23:00:00,21.89,50.4,67.73,Night,Weekend
2026-02-02 00:00:00,39.78,94.76,86.91,Night,Weekday
2026-02-02 01:00:00,38.98,68.63,80.67,Night,Weekday
2026-02-02 02:00:00,21.57,85.33,73.3,Night,Weekday
2026-02-02 03:00:00,38.67,45.0,57.47,Night,Weekday
2026-02-02 04:00:00,27.26,54.08,55.22,Night,Weekday
2026-02-02 05:00:00,36.89,91.22,72.17,Night,Weekday
2026-02-02 06:00:00,28.37,33.51,61.63,Morning,Weekday
2026-02-02 07:00:00,28.82,65.86,79.94,Morning,Weekday
2026-02-02 08:00:00,32.68,63.72,78.02,Morning,Weekday
2026-02-02 09:00:00,35.49,82.59,55.61,Morning,Weekday
2026-02-02 10:00:00,20.68,49.73,75.14,Morning,Weekday
2026-02-02 11:00:00,31.86,45.33,64.73,Morning,Weekday
2026-02-02 12:00:00,23.73,94.83,56.16,Morning,Weekday
2026-02-02 13:00:00,26.92,70.02,60.65,Morning,Weekday
2026-02-02 14:00:00,26.96,37.33,84.77,Evening,Weekday
2026-02-02 15:00:00,29.38,43.51,57.98,Evening,Weekday
2026-02-02 16:00:00,26.68,99.92,54.37,Evening,Weekday
2026-02-02 17:00:00,22.15,43.69,57.59,Evening,Weekday
2026-02-02 18:00:00,22.91,72.73,50.73,Evening,Weekday
2026-02-02 19:00:00,20.67,59.41,67.23,Evening,Weekday
2026-02-02 20:00:00,29.4,91.99,47.37,Evening,Weekday
2026-02-02 21:00:00,39.09,82.86,80.87,Evening,Weekday
2026-02-02 22:00:00,22.31,71.79,51.28,Night,Weekday
2026-02-02 23:00:00,38.93,30.75,69.9,Night,Weekday
2026-02-03 00:00:00,34.67,91.59,46.25,Night,Weekday
2026-02-03 01:00:00,32.75,61.13,88.92,Night,Weekday
2026-02-03 02:00:00,32.91,95.21,62.73,Night,Weekday
2026-02-03 03:00:00,36.53,64.69,81.11,Night,Weekday
2026-02-03 04:00:00,22.14,78.6,78.43,Night,Weekday
2026-02-03 05:00:00,30.1,34.85,75.68,Night,Weekday
2026-02-03 06:00:00,33.94,82.16,81.37,Morning,Weekday
2026-02-03 07:00:00,31.74,53.66,45.02,Morning,Weekday
2026-02-03 08:00:00,36.66,54.6,73.92,Morning,Weekday
2026-02-03 09:00:00,21.45,38.31,53.29,Morning,Weekday
2026-02-03 10:00:00,33.81,40.28,79.29,Morning,Weekday
2026-02-03 11:00:00,30.68,43.0,87.84,Morning,Weekday
2026-02-03 12:00:00,27.58,52.97,85.07,Morning,Weekday
2026-02-03 13:00:00,26.81,92.44,45.75,Morning,Weekday
2026-02-03 14:00:00,32.42,55.78,58.48,Evening,Weekday
2026-02-03 15:00:00,37.82,80.71,58.22,Evening,Weekday
2026-02-03 16:00:00,29.92,35.79,46.11,Evening,Weekday
2026-02-03 17:00:00,36.49,71.38,44.91,Evening,Weekday
2026-02-03 18:00:00,28.04,63.73,59.24,Evening,Weekday
2026-02-03 19:00:00,22.05,98.46,89.6,Evening,Weekday
2026-02-03 20:00:00,21.23,89.23,68.45,Evening,Weekday
2026-02-03 21:00:00,21.03,61.84,71.09,Evening,Weekday
2026-02-03 22:00:00,27.6,84.26,63.55,Night,Weekday
2026-02-03 23:00:00,26.74,43.51,73.12,Night,Weekday
2026-02-04 00:00:00,34.36,69.36,87.83,Night,Weekday
2026-02-04 01:00:00,34.86,35.22,69.43,Night,Weekday
2026-02-04 02:00:00,21.02,54.37,43.25,Night,Weekday
2026-02-04 03:00:00,24.42,45.81,64.64,Night,Weekday
2026-02-04 04:00:00,25.49,80.32,89.64,Night,Weekday
2026-02-04 05:00:00,30.95,64.31,59.37,Night,Weekday
2026-02-04 06:00:00,22.89,82.57,69.69,Morning,Weekday
2026-02-04 07:00:00,22.68,66.07,45.33,Morning,Weekday
2026-02-04 08:00:00,38.88,36.05,47.06,Morning,Weekday
2026-02-04 09:00:00,36.08,81.48,83.73,Morning,Weekday
2026-02-04 10:00:00,23.61,88.33,55.02,Morning,Weekday
2026-02-04 11:00:00,28.13,93.25,55.27,Morning,Weekday
2026-02-04 12:00:00,27.11,70.04,59.36,Morning,Weekday
2026-02-04 13:00:00,35.82,82.75,88.32,Morning,Weekday
2026-02-04 14:00:00,30.2,82.64,44.22,Evening,Weekday
2026-02-04 15:00:00,22.56,40.9,80.94,Evening,Weekday
2026-02-04 16:00:00,34.78,41.5,57.08,Evening,Weekday
2026-02-04 17:00:00,27.94,34.96,82.47,Evening,Weekday
2026-02-04 18:00:00,25.26,52.39,89.59,Evening,Weekday
2026-02-04 19:00:00,27.51,63.15,57.43,Evening,Weekday
2026-02-04 20:00:00,29.96,99.85,46.47,Evening,Weekday
2026-02-04 21:00:00,26.86,60.17,47.22,Evening,Weekday
2026-02-04 22:00:00,24.84,80.84,77.94,Night,Weekday
2026-02-04 23:00:00,27.97,78.54,47.25,Night,Weekday
2026-02-05 00:00:00,20.38,44.31,53.02,Night,Weekday
2026-02-05 01:00:00,35.45,34.1,50.22,Night,Weekday
2026-02-05 02:00:00,23.42,68.22,57.78,Night,Weekday
2026-02-05 03:00:00,20.88,79.02,43.72,Night,Weekday
2026-02-05 04:00:00,33.07,99.88,82.84,Night,Weekday
2026-02-05 05:00:00,35.48,55.1,83.01,Night,Weekday
2026-02-05 06:00:00,36.28,92.75,60.65,Morning,Weekday
2026-02-05 07:00:00,29.87,56.74,70.6,Morning,Weekday
2026-02-05 08:00:00,24.11,78.26,72.1,Morning,Weekday
2026-02-05 09:00:00,34.74,71.88,77.46,Morning,Weekday
2026-02-05 10:00:00,33.99,33.71,66.03,Morning,Weekday
2026-02-05 11:00:00,24.93,35.49,65.52,Morning,Weekday
2026-02-05 12:00:00,38.07,31.45,71.57,Morning,Weekday
2026-02-05 13:00:00,22.09,55.96,75.15,Morning,Weekday
2026-02-05 14:00:00,39.65,82.21,57.33,Evening,Weekday
2026-02-05 15:00:00,37.2,42.09,56.52,Evening,Weekday
2026-02-05 16:00:00,33.76,72.41,53.49,Evening,Weekday
2026-02-05 17:00:00,38.77,50.22,67.44,Evening,Weekday
2026-02-05 18:00:00,34.45,85.79,58.01,Evening,Weekday
2026-02-05 19:00:00,23.81,85.89,67.02,Evening,Weekday
2026-02-05 20:00:00,28.84,84.28,60.3,Evening,Weekday
2026-02-05 21:00:00,21.43,66.74,81.84,Evening,Weekday
2026-02-05 22:00:00,27.79,49.92,43.66,Night,Weekday
2026-02-05 23:00:00,34.83,86.66,68.61,Night,Weekday
2026-02-06 00:00:00,27.73,43.03,68.78,Night,Weekday
2026-02-06 01:00:00,26.61,50.28,59.19,Night,Weekday
2026-02-06 02:00:00,31.91,42.88,61.05,Night,Weekday
2026-02-06 03:00:00,37.44,77.19,80.01,Night,Weekday
2026-02-06 04:00:00,20.95,78.04,54.03,Night,Weekday
2026-02-06 05:00:00,27.71,75.68,83.57,Night,Weekday
2026-02-06 06:00:00,23.16,59.09,84.82,Morning,Weekday
2026-02-06 07:00:00,33.91,37.01,72.53,Morning,Weekday
2026-02-06 08:00:00,22.11,93.78,78.64,Morning,Weekday
2026-02-06 09:00:00,33.3,65.54,70.65,Morning,Weekday
2026-02-06 10:00:00,25.72,58.49,66.26,Morning,Weekday
2026-02-06 11:00:00,23.98,71.22,88.33,Morning,Weekday
2026-02-06 12:00:00,38.73,43.5,54.13,Morning,Weekday
2026-02-06 13:00:00,20.37,39.28,47.71,Morning,Weekday
2026-02-06 14:00:00,28.76,58.39,54.37,Evening,Weekday
2026-02-06 15:00:00,20.43,45.91,70.73,Evening,Weekday
2026-02-06 16:00:00,29.67,47.1,49.26,Evening,Weekday
2026-02-06 17:00:00,30.02,92.48,85.44,Evening,Weekday
2026-02-06 18:00:00,26.43,67.15,60.55,Evening,Weekday
2026-02-06 19:00:00,22.64,63.84,82.5,Evening,Weekday
2026-02-06 20:00:00,27.53,78.26,52.46,Evening,Weekday
2026-02-06 21:00:00,33.45,96.61,55.66,Evening,Weekday
2026-02-06 22:00:00,35.65,37.85,42.96,Night,Weekday
2026-02-06 23:00:00,30.62,88.35,52.89,Night,Weekday
2026-02-07 00:00:00,31.8,70.88,64.52,Night,Weekend
2026-02-07 01:00:00,24.01,40.23,87.31,Night,Weekend
2026-02-07 02:00:00,25.75,50.8,59.45,Night,Weekend
2026-02-07 03:00:00,23.24,63.77,71.99,Night,Weekend
2026-02-07 04:00:00,24.99,78.38,61.39,Night,Weekend
2026-02-07 05:00:00,24.5,46.98,42.34,Night,Weekend
2026-02-07 06:00:00,30.39,67.44,65.18,Morning,Weekend
2026-02-07 07:00:00,31.25,77.93,43.3,Morning,Weekend
2026-02-07 08:00:00,38.9,61.41,84.18,Morning,Weekend
2026-02-07 09:00:00,23.91,90.41,77.65,Morning,Weekend
2026-02-07 10:00:00,32.83,90.86,58.93,Morning,Weekend
2026-02-07 11:00:00,36.35,62.95,72.01,Morning,Weekend
2026-02-07 12:00:00,31.2,98.1,45.6,Morning,Weekend
2026-02-07 13:00:00,25.1,35.29,75.13,Morning,Weekend
2026-02-07 14:00:00,25.25,30.24,81.14,Evening,Weekend
2026-02-07 15:00:00,20.79,56.65,81.09,Evening,Weekend
2026-02-07 16:00:00,26.11,72.08,54.21,Evening,Weekend
2026-02-07 17:00:00,34.89,74.04,53.19,Evening,Weekend
2026-02-07 18:00:00,20.95,63.35,66.07,Evening,Weekend
2026-02-07 19:00:00,24.39,38.74,88.39,Evening,Weekend
2026-02-07 20:00:00,34.12,41.93,86.03,Evening,Weekend
2026-02-07 21:00:00,35.65,89.65,57.98,Evening,Weekend
2026-02-07 22:00:00,29.11,90.75,78.99,Night,Weekend
2026-02-07 23:00:00,33.96,77.17,86.07,Night,Weekend
2026-02-08 00:00:00,27.76,76.5,53.05,Night,Weekend
2026-02-08 01:00:00,23.2,71.84,81.51,Night,Weekend
2026-02-08 02:00:00,27.96,44.2,53.39,Night,Weekend
2026-02-08 03:00:00,31.6,59.98,57.16,Night,Weekend
2026-02-08 04:00:00,38.96,78.71,49.94,Night,Weekend
2026-02-08 05:00:00,21.38,67.61,65.35,Night,Weekend
2026-02-08 06:00:00,30.15,31.3,82.17,Morning,Weekend
2026-02-08 07:00:00,26.58,96.75,66.4,Morning,Weekend
2026-02-08 08:00:00,30.17,89.14,46.17,Morning,Weekend
2026-02-08 09:00:00,20.48,48.24,52.59,Morning,Weekend
2026-02-08 10:00:00,26.26,73.15,68.14,Morning,Weekend
2026-02-08 11:00:00,36.4,94.63,69.16,Morning,Weekend
2026-02-08 12:00:00,31.08,36.72,68.85,Morning,Weekend
2026-02-08 13:00:00,29.01,65.21,43.85,Morning,Weekend
2026-02-08 14:00:00,25.71,61.94,77.68,Evening,Weekend
2026-02-08 15:00:00,25.96,58.71,85.47,Evening,Weekend
2026-02-08 16:00:00,27.66,88.49,65.53,Evening,Weekend
2026-02-08 17:00:00,36.71,56.65,75.94,Evening,Weekend
2026-02-08 18:00:00,39.34,34.46,85.7,Evening,Weekend
2026-02-08 19:00:00,28.77,34.61,72.13,Evening,Weekend
2026-02-08 20:00:00,27.87,32.99,73.72,Evening,Weekend
2026-02-08 21:00:00,36.93,58.64,76.07,Evening,Weekend
2026-02-08 22:00:00,28.54,80.29,53.03,Night,Weekend
2026-02-08 23:00:00,31.04,44.26,69.13,Night,Weekend
2026-02-09 00:00:00,24.62,75.25,82.11,Night,Weekday
2026-02-09 01:00:00,34.87,78.1,54.81,Night,Weekday
2026-02-09 02:00:00,30.64,47.86,84.86,Night,Weekday
2026-02-09 03:00:00,36.18,72.04,71.02,Night,Weekday
2026-02-09 04:00:00,35.61,77.94,61.16,Night,Weekday
2026-02-09 05:00:00,24.3,62.66,71.16,Night,Weekday
2026-02-09 06:00:00,34.31,53.57,60.09,Morning,Weekday
2026-02-09 07:00:00,36.0,73.34,81.9,Morning,Weekday
2026-02-09 08:00:00,26.92,98.45,64.12,Morning,Weekday
2026-02-09 09:00:00,23.45,59.88,85.06,Morning,Weekday
2026-02-09 10:00:00,20.05,57.42,65.49,Morning,Weekday
2026-02-09 11:00:00,29.02,62.5,73.02,Morning,Weekday
2026-02-09 12:00:00,27.05,35.34,89.89,Morning,Weekday
2026-02-09 13:00:00,31.1,68.72,47.35,Morning,Weekday
2026-02-09 14:00:00,23.76,53.01,76.84,Evening,Weekday
2026-02-09 15:00:00,37.19,38.5,46.94,Evening,Weekday
2026-02-09 16:00:00,25.16,62.64,81.94,Evening,Weekday
2026-02-09 17:00:00,24.53,30.24,69.82,Evening,Weekday
2026-02-09 18:00:00,29.61,58.12,86.91,Evening,Weekday
2026-02-09 19:00:00,29.98,37.4,83.3,Evening,Weekday
2026-02-09 20:00:00,24.3,31.7,43.74,Evening,Weekday
2026-02-09 21:00:00,25.44,87.71,46.87,Evening,Weekday
2026-02-09 22:00:00,23.39,94.14,70.06,Night,Weekday
2026-02-09 23:00:00,34.37,44.54,65.92,Night,Weekday
2026-02-10 00:00:00,35.4,67.75,48.43,Night,Weekday
2026-02-10 01:00:00,29.25,49.46,46.47,Night,Weekday
2026-02-10 02:00:00,34.28,64.55,68.2,Night,Weekday
2026-02-10 03:00:00,34.72,60.56,42.45,Night,Weekday
2026-02-10 04:00:00,22.77,48.83,83.69,Night,Weekday
2026-02-10 05:00:00,39.32,79.03,80.35,Night,Weekday
2026-02-10 06:00:00,36.42,38.85,79.27,Morning,Weekday
2026-02-10 07:00:00,24.09,33.72,40.8,Morning,Weekday
2026-02-10 08:00:00,23.72,83.74,42.38,Morning,Weekday
2026-02-10 09:00:00,22.51,76.62,67.49,Morning,Weekday
2026-02-10 10:00:00,22.77,64.9,89.72,Morning,Weekday
2026-02-10 11:00:00,34.96,62.75,57.12,Morning,Weekday
2026-02-10 12:00:00,29.39,64.82,57.22,Morning,Weekday
2026-02-10 13:00:00,35.66,60.59,46.71,Morning,Weekday
2026-02-10 14:00:00,34.93,57.5,73.72,Evening,Weekday
2026-02-10 15:00:00,32.09,64.98,72.33,Evening,Weekday
2026-02-10 16:00:00,33.73,67.0,45.07,Evening,Weekday
2026-02-10 17:00:00,20.37,78.43,63.37,Evening,Weekday
2026-02-10 18:00:00,26.24,79.78,73.35,Evening,Weekday
2026-02-10 19:00:00,32.76,56.43,64.68,Evening,Weekday
2026-02-10 20:00:00,20.19,58.95,73.72,Evening,Weekday
2026-02-10 21:00:00,20.66,56.16,80.81,Evening,Weekday
2026-02-10 22:00:00,37.04,67.56,74.29,Night,Weekday
2026-02-10 23:00:00,33.68,61.73,70.81,Night,Weekday
2026-02-11 00:00:00,25.31,92.27,82.68,Night,Weekday
2026-02-11 01:00:00,33.76,78.75,85.03,Night,Weekday
2026-02-11 02:00:00,35.85,92.91,59.44,Night,Weekday
2026-02-11 03:00:00,26.14,79.64,48.66,Night,Weekday
2026-02-11 04:00:00,20.72,97.97,80.89,Night,Weekday
2026-02-11 05:00:00,38.66,74.5,50.69,Night,Weekday
2026-02-11 06:00:00,26.9,97.45,86.45,Morning,Weekday
2026-02-11 07:00:00,22.13,41.07,41.14,Morning,Weekday
2026-02-11 08:00:00,29.84,33.67,86.06,Morning,Weekday
2026-02-11 09:00:00,35.37,70.54,69.46,Morning,Weekday
2026-02-11 10:00:00,24.43,98.84,78.74,Morning,Weekday
2026-02-11 11:00:00,25.39,59.23,59.92,Morning,Weekday
2026-02-11 12:00:00,24.85,44.84,89.59,Morning,Weekday
2026-02-11 13:00:00,39.83,66.51,51.38,Morning,Weekday
2026-02-11 14:00:00,23.95,75.42,53.22,Evening,Weekday
2026-02-11 15:00:00,31.51,52.06,42.57,Evening,Weekday
2026-02-11 16:00:00,38.51,80.03,87.02,Evening,Weekday
2026-02-11 17:00:00,22.94,98.26,62.8,Evening,Weekday
2026-02-11 18:00:00,39.42,92.79,73.74,Evening,Weekday
2026-02-11 19:00:00,38.95,50.41,74.37,Evening,Weekday
2026-02-11 20:00:00,37.69,52.87,83.73,Evening,Weekday
2026-02-11 21:00:00,24.29,56.01,73.25,Evening,Weekday
2026-02-11 22:00:00,32.68,57.62,68.1,Night,Weekday
2026-02-11 23:00:00,35.22,37.02,75.52,Night,Weekday
2026-02-12 00:00:00,39.72,83.34,77.55,Night,Weekday
2026-02-12 01:00:00,23.61,55.57,49.3,Night,Weekday
2026-02-12 02:00:00,35.32,91.59,45.48,Night,Weekday
2026-02-12 03:00:00,26.78,94.89,43.74,Night,Weekday
2026-02-12 04:00:00,23.51,31.71,58.7,Night,Weekday
2026-02-12 05:00:00,28.43,99.2,64.9,Night,Weekday
2026-02-12 06:00:00,35.88,79.7,70.78,Morning,Weekday
2026-02-12 07:00:00,29.3,66.43,87.9,Morning,Weekday
2026-02-12 08:00:00,30.75,57.27,56.54,Morning,Weekday
2026-02-12 09:00:00,39.9,66.3,78.04,Morning,Weekday
2026-02-12 10:00:00,27.98,52.72,66.57,Morning,Weekday
2026-02-12 11:00:00,32.31,73.59,51.0,Morning,Weekday
2026-02-12 12:00:00,27.3,36.51,70.77,Morning,Weekday
2026-02-12 13:00:00,27.86,73.48,88.36,Morning,Weekday
2026-02-12 14:00:00,33.91,49.27,46.22,Evening,Weekday
2026-02-12 15:00:00,38.76,31.23,65.36,Evening,Weekday
2026-02-12 16:00:00,30.85,68.69,42.58,Evening,Weekday
2026-02-12 17:00:00,35.37,70.49,56.06,Evening,Weekday
2026-02-12 18:00:00,21.78,59.86,71.03,Evening,Weekday
2026-02-12 19:00:00,24.22,35.06,82.05,Evening,Weekday
2026-02-12 20:00:00,30.04,92.53,76.52,Evening,Weekday
2026-02-12 21:00:00,20.4,72.8,63.14,Evening,Weekday
2026-02-12 22:00:00,25.06,38.1,85.46,Night,Weekday
2026-02-12 23:00:00,30.35,65.77,55.14,Night,Weekday
2026-02-13 00:00:00,20.3,64.81,77.7,Night,Weekday
2026-02-13 01:00:00,25.29,34.23,63.7,Night,Weekday
2026-02-13 02:00:00,30.28,72.48,84.93,Night,Weekday
2026-02-13 03:00:00,31.46,86.58,79.87,Night,Weekday
2026-02-13 04:00:00,38.52,82.43,85.07,Night,Weekday
2026-02-13 05:00:00,32.91,44.21,50.71,Night,Weekday
2026-02-13 06:00:00,28.29,90.36,73.41,Morning,Weekday
2026-02-13 07:00:00,38.61,53.98,76.92,Morning,Weekday
2026-02-13 08:00:00,35.7,96.26,77.12,Morning,Weekday
2026-02-13 09:00:00,24.0,35.02,65.2,Morning,Weekday
2026-02-13 10:00:00,22.62,64.03,40.56,Morning,Weekday
2026-02-13 11:00:00,33.52,71.8,53.07,Morning,Weekday
2026-02-13 12:00:00,31.2,47.34,56.17,Morning,Weekday
2026-02-13 13:00:00,35.79,84.0,82.6,Morning,Weekday
2026-02-13 14:00:00,34.78,73.88,82.04,Evening,Weekday
2026-02-13 15:00:00,32.5,31.27,45.23,Evening,Weekday
2026-02-13 16:00:00,39.73,72.59,87.49,Evening,Weekday
2026-02-13 17:00:00,30.67,64.4,49.12,Evening,Weekday
2026-02-13 18:00:00,22.26,43.72,60.72,Evening,Weekday
2026-02-13 19:00:00,36.57,99.7,50.76,Evening,Weekday
2026-02-13 20:00:00,25.04,92.8,83.02,Evening,Weekday
2026-02-13 21:00:00,35.55,50.48,77.47,Evening,Weekday
2026-02-13 22:00:00,39.14,67.87,57.68,Night,Weekday
2026-02-13 23:00:00,33.94,52.16,74.09,Night,Weekday
2026-02-14 00:00:00,31.92,84.28,49.22,Night,Weekend
2026-02-14 01:00:00,29.21,95.12,59.11,Night,Weekend
2026-02-14 02:00:00,27.29,55.12,58.86,Night,Weekend
2026-02-14 03:00:00,27.06,86.39,51.9,Night,Weekend
2026-02-14 04:00:00,32.73,64.89,83.82,Night,Weekend
2026-02-14 05:00:00,35.03,57.76,73.94,Night,Weekend
2026-02-14 06:00:00,33.57,95.69,54.0,Morning,Weekend
2026-02-14 07:00:00,23.97,65.73,52.11,Morning,Weekend
2026-02-14 08:00:00,29.88,62.72,40.9,Morning,Weekend
2026-02-14 09:00:00,35.83,77.07,57.33,Morning,Weekend
2026-02-14 10:00:00,29.51,48.29,66.34,Morning,Weekend
2026-02-14 11:00:00,30.73,52.74,53.89,Morning,Weekend
2026-02-14 12:00:00,35.42,95.24,75.02,Morning,Weekend
2026-02-14 13:00:00,33.23,77.5,60.59,Morning,Weekend
2026-02-14 14:00:00,28.19,87.86,55.82,Evening,Weekend
2026-02-14 15:00:00,37.91,48.98,86.95,Evening,Weekend
2026-02-14 16:00:00,23.25,68.07,53.14,Evening,Weekend
2026-02-14 17:00:00,39.91,98.0,59.91,Evening,Weekend
2026-02-14 18:00:00,22.38,52.31,59.11,Evening,Weekend
2026-02-14 19:00:00,20.3,41.23,52.06,Evening,Weekend
2026-02-14 20:00:00,37.8,65.76,50.87,Evening,Weekend
2026-02-14 21:00:00,24.9,57.15,55.12,Evening,Weekend
2026-02-14 22:00:00,34.59,41.17,83.21,Night,Weekend
2026-02-14 23:00:00,36.22,92.2,78.35,Night,Weekend
2026-02-15 00:00:00,37.18,99.35,74.05,Night,Weekend
2026-02-15 01:00:00,39.83,69.8,62.86,Night,Weekend
2026-02-15 02:00:00,25.88,84.23,65.39,Night,Weekend
2026-02-15 03:00:00,34.2,90.13,53.36,Night,Weekend
2026-02-15 04:00:00,22.31,79.07,43.72,Night,Weekend
2026-02-15 05:00:00,28.14,33.09,56.55,Night,Weekend
2026-02-15 06:00:00,36.96,41.03,64.78,Morning,Weekend
2026-02-15 07:00:00,27.35,34.97,42.87,Morning,Weekend
2026-02-15 08:00:00,31.82,30.69,44.41,Morning,Weekend
2026-02-15 09:00:00,30.08,51.42,53.15,Morning,Weekend
2026-02-15 10:00:00,32.92,57.46,58.35,Morning,Weekend
2026-02-15 11:00:00,39.46,46.87,59.67,Morning,Weekend
2026-02-15 12:00:00,21.11,34.52,45.89,Morning,Weekend
2026-02-15 13:00:00,31.48,67.09,51.29,Morning,Weekend
2026-02-15 14:00:00,37.26,49.13,53.08,Evening,Weekend
2026-02-15 15:00:00,29.63,85.72,43.38,Evening,Weekend
2026-02-15 16:00:00,21.57,30.56,56.3,Evening,Weekend
2026-02-15 17:00:00,31.21,88.98,43.61,Evening,Weekend
2026-02-15 18:00:00,26.64,96.83,75.17,Evening,Weekend
2026-02-15 19:00:00,23.1,80.13,59.3,Evening,Weekend
2026-02-15 20:00:00,36.98,81.36,56.34,Evening,Weekend
2026-02-15 21:00:00,30.43,95.35,46.33,Evening,Weekend
2026-02-15 22:00:00,38.67,44.63,51.33,Night,Weekend
2026-02-15 23:00:00,36.12,99.62,51.64,Night,Weekend
2026-02-16 00:00:00,33.86,84.14,89.26,Night,Weekday
2026-02-16 01:00:00,20.1,80.86,81.77,Night,Weekday
2026-02-16 02:00:00,28.56,55.28,40.76,Night,Weekday
2026-02-16 03:00:00,23.95,68.2,70.84,Night,Weekday
2026-02-16 04:00:00,38.22,75.77,52.8,Night,Weekday
2026-02-16 05:00:00,23.49,73.42,45.22,Night,Weekday
2026-02-16 06:00:00,25.72,79.35,75.28,Morning,Weekday
2026-02-16 07:00:00,30.34,35.77,46.58,Morning,Weekday
2026-02-16 08:00:00,25.27,54.9,62.19,Morning,Weekday
2026-02-16 09:00:00,24.2,60.38,71.61,Morning,Weekday
2026-02-16 10:00:00,31.98,48.24,67.72,Morning,Weekday
2026-02-16 11:00:00,21.78,42.08,88.88,Morning,Weekday
2026-02-16 12:00:00,21.16,39.72,79.29,Morning,Weekday
2026-02-16 13:00:00,27.44,55.65,78.71,Morning,Weekday
2026-02-16 14:00:00,34.41,64.54,57.78,Evening,Weekday
2026-02-16 15:00:00,31.1,34.41,40.42,Evening,Weekday
2026-02-16 16:00:00,28.46,96.25,76.72,Evening,Weekday
2026-02-16 17:00:00,31.32,83.57,89.99,Evening,Weekday
2026-02-16 18:00:00,27.31,81.16,60.29,Evening,Weekday
2026-02-16 19:00:00,38.72,42.1,89.28,Evening,Weekday
2026-02-16 20:00:00,21.1,72.27,47.09,Evening,Weekday
2026-02-16 21:00:00,33.47,67.08,54.83,Evening,Weekday
2026-02-16 22:00:00,37.83,98.77,48.54,Night,Weekday
2026-02-16 23:00:00,36.08,82.34,63.76,Night,Weekday
2026-02-17 00:00:00,23.68,70.3,79.85,Night,Weekday
2026-02-17 01:00:00,25.92,89.56,57.03,Night,Weekday
2026-02-17 02:00:00,34.34,40.86,85.31,Night,Weekday
2026-02-17 03:00:00,21.69,31.07,67.24,Night,Weekday
2026-02-17 04:00:00,36.24,78.32,63.27,Night,Weekday
2026-02-17 05:00:00,34.38,36.88,79.35,Night,Weekday
2026-02-17 06:00:00,34.59,38.08,45.07,Morning,Weekday
2026-02-17 07:00:00,22.0,82.13,78.69,Morning,Weekday
2026-02-17 08:00:00,34.36,48.94,52.15,Morning,Weekday
2026-02-17 09:00:00,33.6,74.0,54.04,Morning,Weekday
2026-02-17 10:00:00,36.62,94.22,69.97,Morning,Weekday
2026-02-17 11:00:00,20.83,52.15,85.1,Morning,Weekday
2026-02-17 12:00:00,20.46,45.2,68.92,Morning,Weekday
2026-02-17 13:00:00,27.46,37.46,72.45,Morning,Weekday
2026-02-17 14:00:00,22.98,39.13,78.83,Evening,Weekday
2026-02-17 15:00:00,31.17,34.36,52.97,Evening,Weekday
2026-02-17 16:00:00,38.35,36.13,81.36,Evening,Weekday
2026-02-17 17:00:00,27.83,60.24,60.9,Evening,Weekday
2026-02-17 18:00:00,36.9,52.46,48.78,Evening,Weekday
2026-02-17 19:00:00,20.0,79.46,57.51,Evening,Weekday
2026-02-17 20:00:00,23.37,90.92,52.31,Evening,Weekday
2026-02-17 21:00:00,20.61,84.93,51.44,Evening,Weekday
2026-02-17 22:00:00,26.56,67.14,54.13,Night,Weekday
2026-02-17 23:00:00,38.16,37.17,49.05,Night,Weekday
2026-02-18 00:00:00,21.94,79.68,73.39,Night,Weekday
2026-02-18 01:00:00,32.13,55.4,69.0,Night,Weekday
2026-02-18 02:00:00,29.03,36.0,72.42,Night,Weekday
2026-02-18 03:00:00,38.77,88.97,57.19,Night,Weekday
2026-02-18 04:00:00,22.45,53.68,78.49,Night,Weekday
2026-02-18 05:00:00,24.24,45.28,46.48,Night,Weekday
2026-02-18 06:00:00,20.59,91.0,68.56,Morning,Weekday
2026-02-18 07:00:00,28.68,93.15,53.77,Morning,Weekday
2026-02-18 08:00:00,25.56,53.73,66.38,Morning,Weekday
2026-02-18 09:00:00,37.4,54.84,56.18,Morning,Weekday
2026-02-18 10:00:00,32.1,70.57,79.53,Morning,Weekday
2026-02-18 11:00:00,32.28,81.34,84.56,Morning,Weekday
2026-02-18 12:00:00,30.64,34.42,77.13,Morning,Weekday
2026-02-18 13:00:00,21.84,71.53,48.78,Morning,Weekday
2026-02-18 14:00:00,28.9,96.7,53.74,Evening,Weekday
2026-02-18 15:00:00,39.99,48.35,85.97,Evening,Weekday
2026-02-18 16:00:00,36.7,93.62,61.86,Evening,Weekday
2026-02-18 17:00:00,37.87,96.51,87.06,Evening,Weekday
2026-02-18 18:00:00,36.46,48.84,59.62,Evening,Weekday
2026-02-18 19:00:00,22.06,82.79,87.59,Evening,Weekday
2026-02-18 20:00:00,24.55,46.71,86.29,Evening,Weekday
2026-02-18 21:00:00,20.06,81.63,73.03,Evening,Weekday
2026-02-18 22:00:00,26.07,85.82,40.44,Night,Weekday
2026-02-18 23:00:00,22.17,47.3,60.02,Night,Weekday
2026-02-19 00:00:00,29.46,80.11,85.56,Night,Weekday
2026-02-19 01:00:00,33.54,86.85,84.26,Night,Weekday
2026-02-19 02:00:00,37.49,55.1,49.37,Night,Weekday
2026-02-19 03:00:00,34.98,41.74,59.96,Night,Weekday
2026-02-19 04:00:00,38.77,36.44,81.78,Night,Weekday
2026-02-19 05:00:00,21.08,70.28,68.89,Night,Weekday
2026-02-19 06:00:00,20.24,98.47,82.36,Morning,Weekday
2026-02-19 07:00:00,33.23,87.61,81.33,Morning,Weekday
2026-02-19 08:00:00,25.79,60.51,85.37,Morning,Weekday
2026-02-19 09:00:00,25.07,67.56,45.86,Morning,Weekday
2026-02-19 10:00:00,26.62,49.57,47.26,Morning,Weekday
2026-02-19 11:00:00,25.4,41.41,44.14,Morning,Weekday
2026-02-19 12:00:00,30.23,63.75,86.76,Morning,Weekday
2026-02-19 13:00:00,28.8,62.45,63.76,Morning,Weekday
2026-02-19 14:00:00,30.25,66.54,43.22,Evening,Weekday
2026-02-19 15:00:00,33.45,96.7,56.08,Evening,Weekday
2026-02-19 16:00:00,27.74,72.27,57.57,Evening,Weekday
2026-02-19 17:00:00,25.03,72.4,80.48,Evening,Weekday
2026-02-19 18:00:00,23.32,38.96,76.77,Evening,Weekday
2026-02-19 19:00:00,26.99,99.75,74.47,Evening,Weekday
2026-02-19 20:00:00,34.84,84.1,41.09,Evening,Weekday
2026-02-19 21:00:00,35.13,91.4,85.53,Evening,Weekday
2026-02-19 22:00:00,33.34,59.0,50.78,Night,Weekday
2026-02-19 23:00:00,24.68,65.15,71.45,Night,Weekday
2026-02-20 00:00:00,31.76,66.55,43.09,Night,Weekday
2026-02-20 01:00:00,31.41,43.59,44.08,Night,Weekday
2026-02-20 02:00:00,29.69,78.26,40.48,Night,Weekday
2026-02-20 03:00:00,31.0,93.21,68.3,Night,Weekday
2026-02-20 04:00:00,29.84,41.46,71.47,Night,Weekday
2026-02-20 05:00:00,31.31,36.04,42.52,Night,Weekday
2026-02-20 06:00:00,34.31,81.68,54.52,Morning,Weekday
2026-02-20 07:00:00,22.19,49.12,82.57,Morning,Weekday
2026-02-20 08:00:00,34.99,73.67,45.07,Morning,Weekday
2026-02-20 09:00:00,22.72,78.7,50.83,Morning,Weekday
2026-02-20 10:00:00,21.33,52.53,61.22,Morning,Weekday
2026-02-20 11:00:00,39.52,87.06,82.11,Morning,Weekday
2026-02-20 12:00:00,39.14,68.5,52.74,Morning,Weekday
2026-02-20 13:00:00,21.21,90.83,89.86,Morning,Weekday
2026-02-20 14:00:00,28.87,83.43,57.76,Evening,Weekday
2026-02-20 15:00:00,23.72,90.8,59.32,Evening,Weekday
2026-02-20 16:00:00,29.71,31.41,46.11,Evening,Weekday
2026-02-20 17:00:00,36.6,47.05,74.01,Evening,Weekday
2026-02-20 18:00:00,39.01,36.3,52.17,Evening,Weekday
2026-02-20 19:00:00,32.69,60.95,71.44,Evening,Weekday
2026-02-20 20:00:00,27.08,92.3,51.16,Evening,Weekday
2026-02-20 21:00:00,32.07,62.73,59.39,Evening,Weekday
2026-02-20 22:00:00,26.24,89.48,82.83,Night,Weekday
2026-02-20 23:00:00,38.2,52.9,76.95,Night,Weekday
2026-02-21 00:00:00,37.41,53.77,47.73,Night,Weekend
2026-02-21 01:00:00,31.16,92.69,70.39,Night,Weekend
2026-02-21 02:00:00,26.5,59.81,71.43,Night,Weekend
2026-02-21 03:00:00,25.87,85.28,44.53,Night,Weekend
2026-02-21 04:00:00,20.67,46.57,63.29,Night,Weekend
2026-02-21 05:00:00,36.32,96.42,53.03,Night,Weekend
2026-02-21 06:00:00,29.01,70.22,63.36,Morning,Weekend
2026-02-21 07:00:00,26.5,83.15,78.85,Morning,Weekend
2026-02-21 08:00:00,29.42,36.27,47.91,Morning,Weekend
2026-02-21 09:00:00,36.37,64.49,46.17,Morning,Weekend
2026-02-21 10:00:00,22.49,93.07,53.47,Morning,Weekend
2026-02-21 11:00:00,37.15,91.39,87.61,Morning,Weekend
2026-02-21 12:00:00,37.95,33.28,77.39,Morning,Weekend
2026-02-21 13:00:00,38.93,51.26,40.97,Morning,Weekend
2026-02-21 14:00:00,27.95,61.03,60.05,Evening,Weekend
2026-02-21 15:00:00,24.34,42.06,52.87,Evening,Weekend
